og_record_id,submission_label,catalog_version,validated,part,point_type,heading,question_number,question_text,_closed,answer_text,points,has_points_marker,is_free_text,field_name,shown,question_uid,match_score,hidden_by
44fe9b0d-d730-43cf-ba7e-d952d55f88f2,Original,0.10.0,Y,Project Details,none,,1,Name of Respondent Mike Leahy,False,,0,N,Y,,Y,,0.766,
44fe9b0d-d730-43cf-ba7e-d952d55f88f2,Original,0.10.0,Y,Project Details,none,,2,Job Title Director General,False,,0,N,Y,,Y,,0.514,
44fe9b0d-d730-43cf-ba7e-d952d55f88f2,Original,0.10.0,Y,Project Details,none,,3,Department Canada Border Services Agency,False,,0,N,Y,,Y,,0.4,
44fe9b0d-d730-43cf-ba7e-d952d55f88f2,Original,0.10.0,Y,Project Details,none,,4,Branch Commercial & Trade Branch,False,,0,N,Y,,Y,,0.385,
44fe9b0d-d730-43cf-ba7e-d952d55f88f2,Original,0.10.0,Y,Project Details,none,,5,Project Title CBSA Assessment and Revenue Management (CARM),False,,0,N,Y,,Y,,0.458,
44fe9b0d-d730-43cf-ba7e-d952d55f88f2,Original,0.10.0,Y,Project Details,none,,6,Project ID from IT Plan PRJ-00005304,False,,0,N,Y,,Y,,0.78,
44fe9b0d-d730-43cf-ba7e-d952d55f88f2,Original,0.10.0,Y,Project Details,none,,7,Departmental Program (from Department Results Framework) PI 10500 Commercial Facilitation and Compliance Program,False,,0,N,Y,,Y,,0.659,
44fe9b0d-d730-43cf-ba7e-d952d55f88f2,Original,0.10.0,Y,Project Details,none,,8,Project Phase,False,Implementation,0,Y,N,projectDetailsPhase,Y,51,1.0,
44fe9b0d-d730-43cf-ba7e-d952d55f88f2,Original,0.10.0,Y,Project Details,none,,9,Please provide a project description:,True,"The CBSA’s mandate is to provide integrated border services that support
national security and public safety priorities while facilitating the free flow of
persons and goods that meet all requirements under its program legislation.
Managing the efficient importation of commercial goods into Canada,
including the accurate and effective assessment and collection of duties and
taxes owed to the Government of Canada, is key to the facilitation aspect of
the CBSA’s mandate.
In 2009, the Office of the Auditor General (OAG) appeared before the Standing",0,N,Y,projectDetailsDescription,Y,6,1.0,
44fe9b0d-d730-43cf-ba7e-d952d55f88f2,Original,0.10.0,Y,Project Details,none,About The System,10,Please check which of the following capabilities apply to your system.,True,"Risk assessment: Analyzing very large data sets to identify patterns and
recommend courses of action and in some cases trigger specific actions
Process optimization and workflow automation: Analyzing large data sets to",0,N,Y,aboutSystem1,Y,9,1.0,
44fe9b0d-d730-43cf-ba7e-d952d55f88f2,Original,0.10.0,Y,Impact Questions and Answers,raw,Reasons for Automation,1,What is motivating your team to introduce automation into this decision-making process?,True,(Check all that apply),0,N,Y,businessDrivers1,Y,7,0.891,
44fe9b0d-d730-43cf-ba7e-d952d55f88f2,Original,0.10.0,Y,Impact Questions and Answers,raw,Use innovative approaches,2,"What client needs will the system address and how will this system meet them? If possible, describe how client needs have been identified.",True,"The utilization of the CARM system will enable Trade Chain Partners (TCPs) to
meet all of the requirements governing the accounting of commercial goods
imported into Canada, including, but not limited to:
classifying their commercial goods under the appropriate tariff",0,N,Y,businessDrivers3,Y,79,1.0,
44fe9b0d-d730-43cf-ba7e-d952d55f88f2,Original,0.10.0,Y,Impact Questions and Answers,raw,and taxes. Errors and omissions in customs payments create an unfair,3,Please describe any public benefits the system is expected to have.,True,"When importers and other trade chain partners are compliant with applicable
legislation and revenue requirements, the correct amount of duties and taxes",0,N,Y,businessDrivers4,Y,80,1.0,
44fe9b0d-d730-43cf-ba7e-d952d55f88f2,Original,0.10.0,Y,Impact Questions and Answers,raw,are remitted to the Crown. The CARM system better equips the CBSA to,4,How effective will the system likely be in meeting client needs?,False,Very effective,0,Y,N,businessDrivers5,Y,81,1.0,
44fe9b0d-d730-43cf-ba7e-d952d55f88f2,Original,0.10.0,Y,Impact Questions and Answers,raw,are remitted to the Crown. The CARM system better equips the CBSA to,5,"Please describe any improvements, benefits, or advantages you expect from using an automated system. This could include relevant program indicators and performance targets.",True,The system's automated features are strengthening the Agency’s ability to,0,N,Y,businessDrivers6,Y,82,1.0,
44fe9b0d-d730-43cf-ba7e-d952d55f88f2,Original,0.10.0,Y,Impact Questions and Answers,raw,percentage of annual payments made using electronic payment methods);,6,Please describe how you will ensure that the system is confined to addressing the client needs identified above.,True,"The CARM Client Portal allows for Trade Chain Partners (TCPs) who have a
business number and enrolled in CBSA commercial programs to have direct",0,N,Y,businessDrivers7,Y,83,1.0,
44fe9b0d-d730-43cf-ba7e-d952d55f88f2,Original,0.10.0,Y,Impact Questions and Answers,raw,CARM has governance bodies in place to review any requests to change,7,Please describe any trade-offs between client interests and program objectives that you have considered during the design of the project.,True,"Extensive consultations with the trade community occurred during the design
phase of the project through working groups, training sessions, and trade
committees which resulted in an agreed approach to deployments occurring
over a number of releases. Trade chain partners (TCPs) made significant
investments to upgrade their systems to align to CARM program requirements
and objectives, and significant time and effort conducting extensive testing of
the new system with the CBSA, and training to use the new portal. CARM is
widely available to all importers and other trade chain partners,  using the
CARM client portal that allows TCPs to access, an online portal, to submit
their commercial accounting declarations to the CBSA, manage adjustments
and corrections, and more. After releasing the system, the CBSA provides the",0,N,Y,businessDrivers8,Y,84,1.0,
44fe9b0d-d730-43cf-ba7e-d952d55f88f2,Original,0.10.0,Y,Impact Questions and Answers,raw,CARM Client Support Helpdesk ensures that TCPs have constant access,8,Have alternative non-automated processes been considered?,False,Yes,0,Y,N,businessDrivers9,Y,85,1.0,
44fe9b0d-d730-43cf-ba7e-d952d55f88f2,Original,0.10.0,Y,Impact Questions and Answers,raw,CARM Client Support Helpdesk ensures that TCPs have constant access,9,"If non-automated processes were considered, why was automation identified as the preferred option?",True,"Risking officers manually assess transactions with conventional tools and a
much smaller set of criteria. Due to the high volume of transactions, this is an
extremely inefficient risking strategy. Continuing to operate with outdated
systems, would lead to missed revenues and limit compliance activities that
the CBSA officers can undertake. Additionally, calculating duties and taxes is",0,N,Y,businessDrivers10,Y,86,1.0,
44fe9b0d-d730-43cf-ba7e-d952d55f88f2,Original,0.10.0,Y,Impact Questions and Answers,raw,now completed through the CARM system and can be done much more,10,What would be the consequence of not deploying the system?,True,Service quality is not as high,0,N,Y,businessDrivers11,Y,87,1.0,
44fe9b0d-d730-43cf-ba7e-d952d55f88f2,Original,0.10.0,Y,Impact Questions and Answers,raw,Risk Profile,11,Is the project within an area of intense public scrutiny (e.g. because of privacy concerns) and/or frequent litigation?,False,No,0,Y,N,riskProfile1,Y,52,1.0,
44fe9b0d-d730-43cf-ba7e-d952d55f88f2,Original,0.10.0,Y,Impact Questions and Answers,raw,Risk Profile,12,Are clients in this line of business particularly vulnerable?,False,No,0,Y,N,riskProfile2,Y,53,1.0,
44fe9b0d-d730-43cf-ba7e-d952d55f88f2,Original,0.10.0,Y,Impact Questions and Answers,raw,Risk Profile,13,Are stakes of the decisions very high?,False,No,0,Y,N,riskProfile3,Y,54,1.0,
44fe9b0d-d730-43cf-ba7e-d952d55f88f2,Original,0.10.0,Y,Impact Questions and Answers,raw,Risk Profile,14,"Will this project have major impacts on staff, either in terms of their numbers or their roles?",False,No,0,Y,N,riskProfile4,Y,55,1.0,
44fe9b0d-d730-43cf-ba7e-d952d55f88f2,Original,0.10.0,Y,Impact Questions and Answers,raw,Risk Profile,15,Will the use of the system create or exacerbate barriers for persons with disabilities?,True,No,0,Y,N,riskProfile5,Y,89,1.0,
44fe9b0d-d730-43cf-ba7e-d952d55f88f2,Original,0.10.0,Y,Impact Questions and Answers,raw,Project Authority,16,Will you require new policy authority for this project?,True,No,0,Y,N,projectAuthority1,Y,56,1.0,
44fe9b0d-d730-43cf-ba7e-d952d55f88f2,Original,0.10.0,Y,Impact Questions and Answers,raw,About the Algorithm,17,The algorithm used will be a (trade) secret,False,Yes,3,Y,N,aboutAlgorithm1,Y,57,1.0,
44fe9b0d-d730-43cf-ba7e-d952d55f88f2,Original,0.10.0,Y,Impact Questions and Answers,raw,About the Algorithm,18,The algorithmic process will be difficult to interpret or to explain,True,No,0,Y,N,aboutAlgorithm2,Y,58,1.0,
44fe9b0d-d730-43cf-ba7e-d952d55f88f2,Original,0.10.0,Y,Impact Questions and Answers,raw,About the Decision,19,Please describe the decision(s) that will be automated.,True,"The CARM system delivers outputs to the CBSA using business rules and
mathematical logic including:
Calculate duties and taxes owed, financial security bonds, penalties, and
interest based on legislative requirements defined through the Customs Act.
Analyze transactions and identify trade compliance risks through data
provided by Trade Chain Partners as well as financial transactions stored",0,N,Y,decisionSector3,Y,91,1.0,
44fe9b0d-d730-43cf-ba7e-d952d55f88f2,Original,0.10.0,Y,Impact Questions and Answers,raw,rules and determines if CBSA manual intervention and approval by a,20,Does the decision pertain to any of the categories below (check all that apply):,False,Other (please specify),1,Y,N,decisionSector1,Y,11,1.0,
44fe9b0d-d730-43cf-ba7e-d952d55f88f2,Original,0.10.0,Y,Impact Questions and Answers,raw,rules and determines if CBSA manual intervention and approval by a,21,Please describe Border Management: Accounting and risk assessment of import transactions Impact Assessment,False,,0,N,Y,,Y,,0.493,
44fe9b0d-d730-43cf-ba7e-d952d55f88f2,Original,0.10.0,Y,Impact Questions and Answers,raw,rules and determines if CBSA manual intervention and approval by a,22,Which of the following best describes the type of automation you are planning?,False,"Partial automation (the system will contribute to administrative decision-
making by supporting an officer through assessments, recommendations,
intermediate decisions, or other outputs)",2,Y,N,impact30,Y,92,1.0,
44fe9b0d-d730-43cf-ba7e-d952d55f88f2,Original,0.10.0,Y,Impact Questions and Answers,raw,rules and determines if CBSA manual intervention and approval by a,23,Please describe the role of the system in the decision-making process.,True,"The CARM system uses mathematical logic and business rules to deliver the
following examples of outputs to aid CBSA in decision-making:
Providing compliance assessments based on business rules to CBSA",0,N,Y,impact31,Y,93,1.0,
44fe9b0d-d730-43cf-ba7e-d952d55f88f2,Original,0.10.0,Y,Impact Questions and Answers,raw,clients of assessed duties and taxes,24,Will the system be making decisions or assessments that require judgement or discretion?,False,No,0,Y,N,impact3,Y,47,1.0,
44fe9b0d-d730-43cf-ba7e-d952d55f88f2,Original,0.10.0,Y,Impact Questions and Answers,raw,clients of assessed duties and taxes,25,Please describe the criteria used to evaluate client data and the operations applied to process it.,True,"The system uses a set of risk rules that produce transactional lists based on
the criteria in the rules being met or not met. The new risk rules integrated in
CARM were developed based on legislative requirements in the Customs Act.
For example, the officer could decide to use the system to look at transactions
above a certain declared Value for Duty.
These rules were also validated against previous results of trade compliance
verifications and were recently tested during the CARM Client Experience
Simulation (CES 2.0) exercise.
The system also uses importer data for accounting declarations, business",0,N,Y,impact20,Y,94,1.0,
44fe9b0d-d730-43cf-ba7e-d952d55f88f2,Original,0.10.0,Y,Impact Questions and Answers,raw,"numbers (BNs) registration and enrolment, acceptance of payment, sub-",26,Please describe the output produced by the system and any relevant information needed to interpret it in the context of the administrative decision.,True,"The CARM system will create a list of potentially non-compliant transactions
(shipments imported into Canada) based on the established risk criteria that
can include elements of the Importer’s customs declaration, such as the
value, origin or tariff classification of the goods being imported to Canada.
These lists of transactions will be further reviewed by CBSA officers who will
determine whether further action is needed, which could include a Trade
advisory notice (TAN) or a Compliance validation letter for example. This",0,N,Y,impact21,Y,95,1.0,
44fe9b0d-d730-43cf-ba7e-d952d55f88f2,Original,0.10.0,Y,Impact Questions and Answers,raw,The CARM system will also provide CBSA with transactions that require,27,Will the system perform an assessment or other operation that would not otherwise be completed by a human?,False,No,0,Y,N,impact22,Y,96,1.0,
44fe9b0d-d730-43cf-ba7e-d952d55f88f2,Original,0.10.0,Y,Impact Questions and Answers,raw,The CARM system will also provide CBSA with transactions that require,28,Is the system used by a different part of the organization than the ones who developed it?,False,No,0,Y,N,impact5,Y,14,1.0,
44fe9b0d-d730-43cf-ba7e-d952d55f88f2,Original,0.10.0,Y,Impact Questions and Answers,raw,The CARM system will also provide CBSA with transactions that require,29,Are the impacts resulting from the decision reversible?,False,Reversible,1,Y,N,impact6,Y,15,1.0,
44fe9b0d-d730-43cf-ba7e-d952d55f88f2,Original,0.10.0,Y,Impact Questions and Answers,raw,The CARM system will also provide CBSA with transactions that require,30,How long will impacts from the decision last?,False,Impacts are most likely to be brief,1,Y,N,impact7,Y,16,1.0,
44fe9b0d-d730-43cf-ba7e-d952d55f88f2,Original,0.10.0,Y,Impact Questions and Answers,raw,The CARM system will also provide CBSA with transactions that require,31,Please describe why the impacts resulting from the decision are as per selected option above.,True,"Impacts are most likely to be brief. If the officer recommends a compliance
activity and this results in reassessments, the client may choose to appeal the
decision and they have recourse mechanisms available to them.",0,N,Y,impact8,Y,17,1.0,
44fe9b0d-d730-43cf-ba7e-d952d55f88f2,Original,0.10.0,Y,Impact Questions and Answers,raw,www.cbsa-asfc.gc.ca/recourse-recours/,32,The impacts that the decision will have on the rights or freedoms of individuals will likely be:,False,Little to no impact,1,Y,N,impact9,Y,18,1.0,
44fe9b0d-d730-43cf-ba7e-d952d55f88f2,Original,0.10.0,Y,Impact Questions and Answers,raw,www.cbsa-asfc.gc.ca/recourse-recours/,33,Please describe why the impacts resulting from the decision are as per selected option above.,False,"The CARM system will have little to no impact because it won’t be rendering
decisions regarding commercial importation. Instead, it sorts data relating to
commercial goods being imported into Canada such as Origin, Value or Tariff
Classification of these commercial goods.
The CARM system operates on a ‘post-entry’ verification model. Meaning that
no shipments will be stopped at the border nor will importers be prohibited
from importing their goods as a result of a compliance verification. Rather, the
system will result in helping importers that may not yet be fully compliant as
per the existing legislation and regulations. Identifying such gaps, will lead to
more accurate declaration of goods, regardless of the nature of the goods.",0,N,Y,impact8,Y,17,1.0,
44fe9b0d-d730-43cf-ba7e-d952d55f88f2,Original,0.10.0,Y,Impact Questions and Answers,raw,www.cbsa-asfc.gc.ca/recourse-recours/,34,"The impacts that the decision will have on the equality, dignity, privacy, and autonomy of individuals will likely be:",False,Little to no impact,1,Y,N,impact24,Y,69,1.0,
44fe9b0d-d730-43cf-ba7e-d952d55f88f2,Original,0.10.0,Y,Impact Questions and Answers,raw,www.cbsa-asfc.gc.ca/recourse-recours/,35,Please describe why the impacts resulting from the decision are as per selected option above.,False,"The CARM system will have little to no impact since it sorts data relating to
commercial goods being imported into Canada such as Origin, Value or Tariff
Classification of these commercial goods. It does not assess demographic
information of importers.
The compliance verification decisions rendered by an officer, as a result of
using the CARM system, will not impact an individual’s equality, dignity,
privacy or autonomy since it is based on risk rules applied to the commercial
trade data.",0,N,Y,impact8,Y,17,1.0,
44fe9b0d-d730-43cf-ba7e-d952d55f88f2,Original,0.10.0,Y,Impact Questions and Answers,raw,www.cbsa-asfc.gc.ca/recourse-recours/,36,The impacts that the decision will have on the health and well-being of individuals will likely be:,False,Little to no impact,1,Y,N,impact11,Y,69,1.0,
44fe9b0d-d730-43cf-ba7e-d952d55f88f2,Original,0.10.0,Y,Impact Questions and Answers,raw,www.cbsa-asfc.gc.ca/recourse-recours/,37,Please describe why the impacts resulting from the decision are as per selected option above.,False,"The CARM system operates on a ‘post-entry’ verification model. Meaning that
no shipments will be stopped at the border by using this system. No importer
will be prohibited from importing anything directly, the result of this tool is that
importers will become more compliant with legislation and regulation,
meaning that they declare their goods correctly, regardless of the nature of
the goods.",0,N,Y,impact8,Y,17,1.0,
44fe9b0d-d730-43cf-ba7e-d952d55f88f2,Original,0.10.0,Y,Impact Questions and Answers,raw,www.cbsa-asfc.gc.ca/recourse-recours/,38,The impacts that the decision will have on the economic interests of individuals will likely be:,False,Little to no impact,1,Y,N,impact13,Y,69,1.0,
44fe9b0d-d730-43cf-ba7e-d952d55f88f2,Original,0.10.0,Y,Impact Questions and Answers,raw,www.cbsa-asfc.gc.ca/recourse-recours/,39,Please describe why the impacts resulting from the decision are as per selected option above.,True,"The CARM system is used to assess compliance, assess and collect duties
and taxes on commercial goods, and to streamline the process for TCPs to",0,N,Y,impact8,Y,17,1.0,
44fe9b0d-d730-43cf-ba7e-d952d55f88f2,Original,0.10.0,Y,Impact Questions and Answers,raw,importing commercial goods. By increasing the success rate of trade,40,"The impacts that the decision will have on the ongoing sustainability of an environmental ecosystem, will likely be:",False,Little to no impact,1,Y,N,impact15,Y,19,1.0,
44fe9b0d-d730-43cf-ba7e-d952d55f88f2,Original,0.10.0,Y,Impact Questions and Answers,raw,importing commercial goods. By increasing the success rate of trade,41,Please describe why the impacts resulting from the decision are as per selected option above.,True,"The CARM system is fully electronic and will rely very little on paper
documents, having little to no impact on Government utilization of paper
resources and having a negligible impact on the environment.",0,N,Y,impact8,Y,17,1.0,
44fe9b0d-d730-43cf-ba7e-d952d55f88f2,Original,0.10.0,Y,Impact Questions and Answers,raw,About the Data - A. Data Source,42,Will the Automated Decision System use personal information as input data?,False,Yes,4,Y,N,aboutDataSource1,Y,20,1.0,
44fe9b0d-d730-43cf-ba7e-d952d55f88f2,Original,0.10.0,Y,Impact Questions and Answers,raw,About the Data - A. Data Source,43,Have you verified that the use of personal information is limited to only what is directly related to delivering a program or service?,False,Yes,0,Y,N,aboutDataSource9,Y,73,1.0,
44fe9b0d-d730-43cf-ba7e-d952d55f88f2,Original,0.10.0,Y,Impact Questions and Answers,raw,About the Data - A. Data Source,44,Is the personal information of individuals being used in a decision-making process that directly affects those individuals?,False,Yes,2,Y,N,aboutDataSource10,Y,74,1.0,
44fe9b0d-d730-43cf-ba7e-d952d55f88f2,Original,0.10.0,Y,Impact Questions and Answers,raw,About the Data - A. Data Source,45,Have you verified if the system is using personal information in a way that is consistent with: (a) the current Personal Information Banks (PIBs) and Privacy Impact Assessments (PIAs) of your programs or (b) planned or implemented modifications to the PIBs or PIAs that take new uses and processes into account?,False,Yes,0,Y,N,aboutDataSource11,Y,75,1.0,
44fe9b0d-d730-43cf-ba7e-d952d55f88f2,Original,0.10.0,Y,Impact Questions and Answers,raw,About the Data - A. Data Source,46,Please list relevant PIB Bank Numbers.,False,CBSA PPU 1501,0,N,Y,aboutDataSource12,Y,98,1.0,
44fe9b0d-d730-43cf-ba7e-d952d55f88f2,Original,0.10.0,Y,Impact Questions and Answers,raw,About the Data - A. Data Source,47,What is the highest security classification of the input data used by the system? (Select one),False,Protected B / Protected C,3,Y,N,aboutDataSource2,Y,21,1.0,
44fe9b0d-d730-43cf-ba7e-d952d55f88f2,Original,0.10.0,Y,Impact Questions and Answers,raw,About the Data - A. Data Source,48,Who controls the data?,False,Federal government,1,Y,N,aboutDataSource3,Y,22,1.0,
44fe9b0d-d730-43cf-ba7e-d952d55f88f2,Original,0.10.0,Y,Impact Questions and Answers,raw,About the Data - A. Data Source,49,Will the system use data from multiple different sources?,False,Yes,4,Y,N,aboutDataSource4,Y,23,1.0,
44fe9b0d-d730-43cf-ba7e-d952d55f88f2,Original,0.10.0,Y,Impact Questions and Answers,raw,About the Data - A. Data Source,50,Will the system require input data from an Internet- or telephony-connected device? (e.g.,False,"Internet of Things, sensor)
No",0,Y,N,aboutDataSource5,Y,24,0.867,
44fe9b0d-d730-43cf-ba7e-d952d55f88f2,Original,0.10.0,Y,Impact Questions and Answers,raw,About the Data - A. Data Source,51,Will the system interface with other IT systems?,False,Yes,4,Y,N,aboutDataSource6,Y,25,1.0,
44fe9b0d-d730-43cf-ba7e-d952d55f88f2,Original,0.10.0,Y,Impact Questions and Answers,raw,About the Data - A. Data Source,52,Who collected the data used for training the system?,False,Your institution,1,Y,N,aboutDataSource7,Y,26,1.0,
44fe9b0d-d730-43cf-ba7e-d952d55f88f2,Original,0.10.0,Y,Impact Questions and Answers,raw,About the Data - A. Data Source,53,Who collected the input data used by the system?,False,Your institution,1,Y,N,aboutDataSource8,Y,26,1.0,
44fe9b0d-d730-43cf-ba7e-d952d55f88f2,Original,0.10.0,Y,Impact Questions and Answers,raw,About the Data - A. Data Source,54,"Please describe the input data collected and used by the system, its source, and method of collection.",True,"The TCP inputs data elements related to program enrolment and registration
such as Importer Name, Address, and contact information. Data elements
may be considered mandatory, optional or conditional. A full list of data",0,N,Y,aboutDataSource13,Y,99,1.0,
44fe9b0d-d730-43cf-ba7e-d952d55f88f2,Original,0.10.0,Y,Impact Questions and Answers,raw,About the Data - B. Type of Data,55,Will the system require the analysis of unstructured data to render a recommendation or a decision?,False,No,0,Y,N,aboutDataType1,Y,27,1.0,
44fe9b0d-d730-43cf-ba7e-d952d55f88f2,Original,0.10.0,Y,Mitigation Questions and Answers,mitigation,Consultations,1,"Internal Stakeholders (federal institutions, including the federal public service)",False,Yes,1,Y,N,consultationDesign1,Y,61,1.0,
44fe9b0d-d730-43cf-ba7e-d952d55f88f2,Original,0.10.0,Y,Mitigation Questions and Answers,mitigation,Consultations,2,Which Internal Stakeholders have you engaged?,True,Data Governance,0,N,Y,consultationImplementation2,Y,62,1.0,
44fe9b0d-d730-43cf-ba7e-d952d55f88f2,Original,0.10.0,Y,Mitigation Questions and Answers,mitigation,Legal Services,3,External Stakeholders (groups in other sectors or jurisdictions),False,Yes,1,Y,N,consultationDesign3,Y,63,1.0,
44fe9b0d-d730-43cf-ba7e-d952d55f88f2,Original,0.10.0,Y,Mitigation Questions and Answers,mitigation,Legal Services,4,Which External Stakeholders have you engaged?,True,Clients or their Representatives,0,N,Y,consultationImplementation4,Y,64,1.0,
44fe9b0d-d730-43cf-ba7e-d952d55f88f2,Original,0.10.0,Y,Mitigation Questions and Answers,mitigation,De-Risking and Mitigation Measures - Data Quality,5,"Do you have documented processes in place to test datasets against biases and other unexpected outcomes? This could include experience in applying frameworks, methods, guidelines or other assessment tools.",False,Yes,2,Y,N,dataQualityImplementation1,Y,67,1.0,
44fe9b0d-d730-43cf-ba7e-d952d55f88f2,Original,0.10.0,Y,Mitigation Questions and Answers,mitigation,De-Risking and Mitigation Measures - Data Quality,6,Is this information publicly available?,False,No,0,Y,N,dataQualityImplementation2,Y,66,1.0,
44fe9b0d-d730-43cf-ba7e-d952d55f88f2,Original,0.10.0,Y,Mitigation Questions and Answers,mitigation,De-Risking and Mitigation Measures - Data Quality,7,Have you developed a process to document how data quality issues were resolved during the design process?,False,Yes,1,Y,N,dataQualityImplementation3,Y,30,1.0,
44fe9b0d-d730-43cf-ba7e-d952d55f88f2,Original,0.10.0,Y,Mitigation Questions and Answers,mitigation,De-Risking and Mitigation Measures - Data Quality,8,Is this information publicly available?,False,No,0,Y,N,dataQualityImplementation2,Y,66,1.0,
44fe9b0d-d730-43cf-ba7e-d952d55f88f2,Original,0.10.0,Y,Mitigation Questions and Answers,mitigation,De-Risking and Mitigation Measures - Data Quality,9,Have you undertaken a Gender Based Analysis Plus of the data?,False,Yes,1,Y,N,dataQualityImplementation5,Y,31,1.0,
44fe9b0d-d730-43cf-ba7e-d952d55f88f2,Original,0.10.0,Y,Mitigation Questions and Answers,mitigation,De-Risking and Mitigation Measures - Data Quality,10,Is this information publicly available?,False,No,0,Y,N,dataQualityImplementation2,Y,66,1.0,
44fe9b0d-d730-43cf-ba7e-d952d55f88f2,Original,0.10.0,Y,Mitigation Questions and Answers,mitigation,De-Risking and Mitigation Measures - Data Quality,11,"Have you assigned accountability in your institution for the design, development, maintenance, and improvement of the system?",False,Yes,2,Y,N,dataQualityDesign7,Y,32,1.0,
44fe9b0d-d730-43cf-ba7e-d952d55f88f2,Original,0.10.0,Y,Mitigation Questions and Answers,mitigation,De-Risking and Mitigation Measures - Data Quality,12,Do you have a documented process to manage the risk that outdated or unreliable data is used to make an automated decision?,False,Yes,2,Y,N,dataQualityImplementation8,Y,33,1.0,
44fe9b0d-d730-43cf-ba7e-d952d55f88f2,Original,0.10.0,Y,Mitigation Questions and Answers,mitigation,De-Risking and Mitigation Measures - Data Quality,13,Is this information publicly available?,False,No,0,Y,N,dataQualityImplementation2,Y,66,1.0,
44fe9b0d-d730-43cf-ba7e-d952d55f88f2,Original,0.10.0,Y,Mitigation Questions and Answers,mitigation,De-Risking and Mitigation Measures - Data Quality,14,Is the data used for this system posted on the Open Government Portal?,True,No,0,Y,N,dataQualityImplementation10,Y,34,1.0,
44fe9b0d-d730-43cf-ba7e-d952d55f88f2,Original,0.10.0,Y,Mitigation Questions and Answers,mitigation,Fairness,15,Does the audit trail identify the authority or delegated authority identified in legislation?,False,Yes,1,Y,N,fairnessImplementation1,Y,68,1.0,
44fe9b0d-d730-43cf-ba7e-d952d55f88f2,Original,0.10.0,Y,Mitigation Questions and Answers,mitigation,Fairness,16,Does the system provide an audit trail that records all the recommendations or decisions made by the system?,False,Yes,2,Y,N,fairnessImplementation2,Y,36,1.0,
44fe9b0d-d730-43cf-ba7e-d952d55f88f2,Original,0.10.0,Y,Mitigation Questions and Answers,mitigation,Fairness,17,Are all key decision points identifiable in the audit trail?,False,Yes,2,Y,N,fairnessImplementation3,Y,37,1.0,
44fe9b0d-d730-43cf-ba7e-d952d55f88f2,Original,0.10.0,Y,Mitigation Questions and Answers,mitigation,Fairness,18,"Are all key decision points within the automated system's logic linked to the relevant legislation, policy or procedures?",False,Yes,1,Y,N,fairnessImplementation4,Y,38,1.0,
44fe9b0d-d730-43cf-ba7e-d952d55f88f2,Original,0.10.0,Y,Mitigation Questions and Answers,mitigation,Fairness,19,Do you maintain a current and up to date log detailing all of the changes made to the model and the system?,False,Yes,2,Y,N,fairnessImplementation5,Y,39,1.0,
44fe9b0d-d730-43cf-ba7e-d952d55f88f2,Original,0.10.0,Y,Mitigation Questions and Answers,mitigation,Fairness,20,Does the system's audit trail indicate all of the decision points made by the system?,False,Yes,1,Y,N,fairnessImplementation6,Y,40,1.0,
44fe9b0d-d730-43cf-ba7e-d952d55f88f2,Original,0.10.0,Y,Mitigation Questions and Answers,mitigation,Fairness,21,Can the audit trail generated by the system be used to help generate a notification of the decision (including a statement of reasons or other notifications) where required?,False,No,0,Y,N,fairnessImplementation7,Y,41,1.0,
44fe9b0d-d730-43cf-ba7e-d952d55f88f2,Original,0.10.0,Y,Mitigation Questions and Answers,mitigation,Fairness,22,Does the audit trail identify precisely which version of the system was used for each decision it supports?,False,Yes,2,Y,N,fairnessImplementation8,Y,42,1.0,
44fe9b0d-d730-43cf-ba7e-d952d55f88f2,Original,0.10.0,Y,Mitigation Questions and Answers,mitigation,Fairness,23,Does the audit trail show who an authorized decision-maker is?,False,Yes,1,Y,N,fairnessImplementation9,Y,43,1.0,
44fe9b0d-d730-43cf-ba7e-d952d55f88f2,Original,0.10.0,Y,Mitigation Questions and Answers,mitigation,Fairness,24,Is the system able to produce reasons for its decisions or recommendations when required?,False,Yes,2,Y,N,fairnessImplementation10,Y,44,1.0,
44fe9b0d-d730-43cf-ba7e-d952d55f88f2,Original,0.10.0,Y,Mitigation Questions and Answers,mitigation,Fairness,25,"Is there a process in place to grant, monitor, and revoke access permission to the system?",False,Yes,1,Y,N,fairnessImplementation11,Y,45,1.0,
44fe9b0d-d730-43cf-ba7e-d952d55f88f2,Original,0.10.0,Y,Mitigation Questions and Answers,mitigation,Fairness,26,Is there a mechanism to capture feedback by users of the system?,False,Yes,1,Y,N,fairnessImplementation12,Y,46,1.0,
44fe9b0d-d730-43cf-ba7e-d952d55f88f2,Original,0.10.0,Y,Mitigation Questions and Answers,mitigation,Fairness,27,Is there a recourse process established for clients that wish to challenge the decision?,False,Yes,2,Y,N,fairnessImplementation13,Y,42,1.0,
44fe9b0d-d730-43cf-ba7e-d952d55f88f2,Original,0.10.0,Y,Mitigation Questions and Answers,mitigation,Fairness,28,Does the system enable human override of system decisions?,False,Yes,2,Y,N,fairnessImplementation14,Y,43,1.0,
44fe9b0d-d730-43cf-ba7e-d952d55f88f2,Original,0.10.0,Y,Mitigation Questions and Answers,mitigation,Fairness,29,Is there a process in place to log the instances when overrides were performed?,False,Yes,1,Y,N,fairnessImplementation15,Y,44,1.0,
44fe9b0d-d730-43cf-ba7e-d952d55f88f2,Original,0.10.0,Y,Mitigation Questions and Answers,mitigation,Fairness,30,Does the system's audit trail include change control processes to record modifications to the system's operation or performance?,False,Yes,2,Y,N,fairnessImplementation16,Y,45,1.0,
44fe9b0d-d730-43cf-ba7e-d952d55f88f2,Original,0.10.0,Y,Mitigation Questions and Answers,mitigation,Fairness,31,Have you prepared a concept case to the Government of Canada Enterprise Architecture Review Board?,True,Yes,1,Y,N,fairnessImplementation17,Y,46,1.0,
44fe9b0d-d730-43cf-ba7e-d952d55f88f2,Original,0.10.0,Y,Mitigation Questions and Answers,mitigation,De-Risking and Mitigation Measures - Privacy,32,"If your system uses or creates personal information, have you undertaken a Privacy Impact Assessment, or updated an existing one?",False,Yes,1,Y,N,privacyImplementation1,Y,71,1.0,
44fe9b0d-d730-43cf-ba7e-d952d55f88f2,Original,0.10.0,Y,Mitigation Questions and Answers,mitigation,De-Risking and Mitigation Measures - Privacy,33,Please indicate the following in your answer: Title and scope of the Privacy Impact Assessment; How the automation project fits into the program; and Date of Privacy Impact Assessment completion or modification.,True,Title: CBSA Assessment and Revenue Management (CARM) Privacy Impact,0,N,Y,privacyDesign5,Y,100,1.0,
44fe9b0d-d730-43cf-ba7e-d952d55f88f2,Original,0.10.0,Y,Mitigation Questions and Answers,mitigation,establish that the business meets specific requirements,34,Have you designed and built security and privacy into your systems from the concept stage of the project?,False,Yes,1,Y,N,privacyImplementation2,Y,72,1.0,
44fe9b0d-d730-43cf-ba7e-d952d55f88f2,Original,0.10.0,Y,Mitigation Questions and Answers,mitigation,establish that the business meets specific requirements,35,"Is the information used within a closed system (i.e. no connections to the Internet, Intranet or any other system)?",False,No,0,Y,N,privacyImplementation3,Y,77,1.0,
44fe9b0d-d730-43cf-ba7e-d952d55f88f2,Original,0.10.0,Y,Mitigation Questions and Answers,mitigation,establish that the business meets specific requirements,36,"If the sharing of personal information is involved, has an agreement or arrangement with appropriate safeguards been established?",False,Yes,1,Y,N,privacyDesign4,Y,78,1.0,
44fe9b0d-d730-43cf-ba7e-d952d55f88f2,Original,0.10.0,Y,Mitigation Questions and Answers,mitigation,establish that the business meets specific requirements,37,Will you de-identify any personal information used or created by the system at any point in the lifecycle?,False,No,0,Y,N,privacyDesign7,Y,102,1.0,
7612202f-1530-41ce-80c7-6e121f5fcadc,Original,0.10.0,Y,Project Details,none,,1,Name of Respondent Christie Sainsbury,False,,0,N,Y,,Y,,0.655,
7612202f-1530-41ce-80c7-6e121f5fcadc,Original,0.10.0,Y,Project Details,none,,2,"Job Title Manager, SSDU",False,,0,N,Y,,Y,,0.581,
7612202f-1530-41ce-80c7-6e121f5fcadc,Original,0.10.0,Y,Project Details,none,,3,Department Royal Canadian Mounted Police,False,,0,N,Y,,Y,,0.4,
7612202f-1530-41ce-80c7-6e121f5fcadc,Original,0.10.0,Y,Project Details,none,,4,Branch Specialized Policing Services,False,,0,N,Y,,Y,,0.367,
7612202f-1530-41ce-80c7-6e121f5fcadc,Original,0.10.0,Y,Project Details,none,,5,Project Title Voice2Text,False,,0,N,Y,,Y,,0.703,
7612202f-1530-41ce-80c7-6e121f5fcadc,Original,0.10.0,Y,Project Details,none,,6,Project ID from IT Plan N/A,False,,0,N,Y,projectDetailsID,Y,49,0.92,
7612202f-1530-41ce-80c7-6e121f5fcadc,Original,0.10.0,Y,Project Details,none,,7,Departmental Program (from Department Results Framework) Technical Investigation Services,False,,0,N,Y,,Y,,0.766,
7612202f-1530-41ce-80c7-6e121f5fcadc,Original,0.10.0,Y,Project Details,none,,8,Project Phase,False,Design,0,Y,N,projectDetailsPhase,Y,51,1.0,
7612202f-1530-41ce-80c7-6e121f5fcadc,Original,0.10.0,Y,Project Details,none,,9,Please provide a project description:,True,"The project involves building a web-based offline, on-premise application that
uses AI engines to assist with the transcription and/or translation of audio
files collected during investigations.  The application will process audio files
and generate a transcription and/or translation that will then be reviewed and
edited by transcribers/translators prior to disclosure.  The goal of the project
is to increase the efficiency of the transcription/translation process, not to
replace it.  It will help to reduce backlogs and improve operational necessity
by allowing investigations timelier access to relevant details of their operation
which could impact surveillance, officer safety and potential Authorization re-
writes. Transcribers/translators will still need to review the generated
transcriptions for accuracy and make any necessary edits.",0,N,Y,projectDetailsDescription,Y,6,1.0,
7612202f-1530-41ce-80c7-6e121f5fcadc,Original,0.10.0,Y,Project Details,none,About The System,10,Please check which of the following capabilities apply to your system.,False,"Text and speech analysis: Analyzing large data sets to recognize, process, and
tag text, speech, voice, and make recommendations based on the tagging",0,N,Y,aboutSystem1,Y,9,1.0,
7612202f-1530-41ce-80c7-6e121f5fcadc,Original,0.10.0,Y,Impact Questions and Answers,raw,Reasons for Automation,1,What is motivating your team to introduce automation into this decision-making process?,True,(Check all that apply),0,N,Y,businessDrivers1,Y,7,0.891,
7612202f-1530-41ce-80c7-6e121f5fcadc,Original,0.10.0,Y,Impact Questions and Answers,raw,Use innovative approaches,2,"What client needs will the system address and how will this system meet them? If possible, describe how client needs have been identified.",False,"Transcribing and translating audio is a labour and time intensive process.  The
use of AI engines to assist with the transcription/translation will reduce the
amount of labour and time required by transcribers/translators by generating
a draft transcription that they can then review and edit instead of performing
the transcription/translation themselves from scratch.",0,N,Y,businessDrivers3,Y,79,1.0,
7612202f-1530-41ce-80c7-6e121f5fcadc,Original,0.10.0,Y,Impact Questions and Answers,raw,Use innovative approaches,3,Please describe any public benefits the system is expected to have.,False,"Increasing the efficiency of the transcription/translation of audio files will
allow investigators timelier access to relevant details of their operation which
could impact surveillance, officer safety and potential Authorization re-writes.
It will also impact how quickly disclosure can be provided to the court,
potentially increasing the rate at which public cases are processed.",0,N,Y,businessDrivers4,Y,80,1.0,
7612202f-1530-41ce-80c7-6e121f5fcadc,Original,0.10.0,Y,Impact Questions and Answers,raw,Use innovative approaches,4,How effective will the system likely be in meeting client needs?,False,Moderately effective,1,Y,N,businessDrivers5,Y,81,1.0,
7612202f-1530-41ce-80c7-6e121f5fcadc,Original,0.10.0,Y,Impact Questions and Answers,raw,Use innovative approaches,5,"Please describe any improvements, benefits, or advantages you expect from using an automated system. This could include relevant program indicators and performance targets.",True,"The automation of the transcription/translation process will increase the
efficiency of the process by a factor of at least 10.  This will allow",0,N,Y,businessDrivers6,Y,82,1.0,
7612202f-1530-41ce-80c7-6e121f5fcadc,Original,0.10.0,Y,Impact Questions and Answers,raw,investigators more timely access to information important for their,6,Please describe how you will ensure that the system is confined to addressing the client needs identified above.,False,"The application uses a login based on Active Directory to limit access to only
users with proper authorization.  SOPs will be put in place to ensure the
proper use of the system.   Testing will be done, and feedback gathered, to
ensure that the efficiency and accuracy of the transcriptions/translations
generated by the application are within an acceptable range.",0,N,Y,businessDrivers7,Y,83,1.0,
7612202f-1530-41ce-80c7-6e121f5fcadc,Original,0.10.0,Y,Impact Questions and Answers,raw,investigators more timely access to information important for their,7,Please describe any trade-offs between client interests and program objectives that you have considered during the design of the project.,False,"We have considered clients' privacy and security concerns.  The system is
designed by the RCMP , operated offline and on-premise.  No operational data
is stored by the system.  Once the transcriptions have been generated and
downloaded by the user, the original audio and the transcription are deleted
from the system.",0,N,Y,businessDrivers8,Y,84,1.0,
7612202f-1530-41ce-80c7-6e121f5fcadc,Original,0.10.0,Y,Impact Questions and Answers,raw,investigators more timely access to information important for their,8,Have alternative non-automated processes been considered?,False,Yes,0,Y,N,businessDrivers9,Y,85,1.0,
7612202f-1530-41ce-80c7-6e121f5fcadc,Original,0.10.0,Y,Impact Questions and Answers,raw,investigators more timely access to information important for their,9,"If non-automated processes were considered, why was automation identified as the preferred option?",False,"Manual transcription/translation requires a significant amount of labour and
time from transcribers/translators and has led to a backlog of audio files
waiting to be transcribed, thus delaying disclosure.  This application will
automatically generate the transcriptions/translations and the transcribers/
translators will only have to review them and perform edits which is less
labour and time intensive than transcribing them from scratch.",0,N,Y,businessDrivers10,Y,86,1.0,
7612202f-1530-41ce-80c7-6e121f5fcadc,Original,0.10.0,Y,Impact Questions and Answers,raw,investigators more timely access to information important for their,10,What would be the consequence of not deploying the system?,False,Other (please specify),0,N,Y,businessDrivers11,Y,87,1.0,
7612202f-1530-41ce-80c7-6e121f5fcadc,Original,0.10.0,Y,Impact Questions and Answers,raw,investigators more timely access to information important for their,11,"Please describe The transcription process will continue as it is now, at the same efficiency level Risk Profile",False,,0,N,Y,,Y,,0.503,
7612202f-1530-41ce-80c7-6e121f5fcadc,Original,0.10.0,Y,Impact Questions and Answers,raw,investigators more timely access to information important for their,12,Is the project within an area of intense public scrutiny (e.g. because of privacy concerns) and/or frequent litigation?,False,No,0,Y,N,riskProfile1,Y,52,1.0,
7612202f-1530-41ce-80c7-6e121f5fcadc,Original,0.10.0,Y,Impact Questions and Answers,raw,investigators more timely access to information important for their,13,Are clients in this line of business particularly vulnerable?,False,No,0,Y,N,riskProfile2,Y,53,1.0,
7612202f-1530-41ce-80c7-6e121f5fcadc,Original,0.10.0,Y,Impact Questions and Answers,raw,investigators more timely access to information important for their,14,Are stakes of the decisions very high?,False,No,0,Y,N,riskProfile3,Y,54,1.0,
7612202f-1530-41ce-80c7-6e121f5fcadc,Original,0.10.0,Y,Impact Questions and Answers,raw,investigators more timely access to information important for their,15,"Will this project have major impacts on staff, either in terms of their numbers or their roles?",False,No,0,Y,N,riskProfile4,Y,55,1.0,
7612202f-1530-41ce-80c7-6e121f5fcadc,Original,0.10.0,Y,Impact Questions and Answers,raw,investigators more timely access to information important for their,16,Will the use of the system create or exacerbate barriers for persons with disabilities?,True,No,0,Y,N,riskProfile5,Y,89,1.0,
7612202f-1530-41ce-80c7-6e121f5fcadc,Original,0.10.0,Y,Impact Questions and Answers,raw,Project Authority,17,Will you require new policy authority for this project?,True,No,0,Y,N,projectAuthority1,Y,56,1.0,
7612202f-1530-41ce-80c7-6e121f5fcadc,Original,0.10.0,Y,Impact Questions and Answers,raw,About the Algorithm,18,The algorithm used will be a (trade) secret,False,No,0,Y,N,aboutAlgorithm1,Y,57,1.0,
7612202f-1530-41ce-80c7-6e121f5fcadc,Original,0.10.0,Y,Impact Questions and Answers,raw,About the Algorithm,19,The algorithmic process will be difficult to interpret or to explain,True,No,0,Y,N,aboutAlgorithm2,Y,58,1.0,
7612202f-1530-41ce-80c7-6e121f5fcadc,Original,0.10.0,Y,Impact Questions and Answers,raw,About the Decision,20,Please describe the decision(s) that will be automated.,False,"The system does not make any decisions.  Transcribers/translators will be
reviewing all transcriptions for accuracy and editing them when necessary.
The raw transcriptions generated by the AI engine will not be relied on without
that review and editing process by a human.",0,N,Y,decisionSector3,Y,91,1.0,
7612202f-1530-41ce-80c7-6e121f5fcadc,Original,0.10.0,Y,Impact Questions and Answers,raw,About the Decision,21,Does the decision pertain to any of the categories below (check all that apply):,False,Other (please specify),1,Y,N,decisionSector1,Y,11,1.0,
7612202f-1530-41ce-80c7-6e121f5fcadc,Original,0.10.0,Y,Impact Questions and Answers,raw,About the Decision,22,Please describe The system does not make decisions Impact Assessment,False,,0,N,Y,,Y,,0.672,
7612202f-1530-41ce-80c7-6e121f5fcadc,Original,0.10.0,Y,Impact Questions and Answers,raw,About the Decision,23,Which of the following best describes the type of automation you are planning?,False,"Partial automation (the system will contribute to administrative decision-
making by supporting an officer through assessments, recommendations,
intermediate decisions, or other outputs)",2,Y,N,impact30,Y,92,1.0,
7612202f-1530-41ce-80c7-6e121f5fcadc,Original,0.10.0,Y,Impact Questions and Answers,raw,About the Decision,24,Please describe the role of the system in the decision-making process.,False,"The system does not make decisions.  Transcriptions generated by the AI
engine will not be relied on as-is for any decision making or for disclosure.
They must be reviewed and edited by a transcriber/translator before being
released.",0,N,Y,impact31,Y,93,1.0,
7612202f-1530-41ce-80c7-6e121f5fcadc,Original,0.10.0,Y,Impact Questions and Answers,raw,About the Decision,25,Will the system be making decisions or assessments that require judgement or discretion?,False,No,0,Y,N,impact3,Y,47,1.0,
7612202f-1530-41ce-80c7-6e121f5fcadc,Original,0.10.0,Y,Impact Questions and Answers,raw,About the Decision,26,Please describe the criteria used to evaluate client data and the operations applied to process it.,False,"Client data are audio files that are uploaded to the application.  They are
processed by the AI speech recognition model to generate a transcription/
translation.",0,N,Y,impact20,Y,94,1.0,
7612202f-1530-41ce-80c7-6e121f5fcadc,Original,0.10.0,Y,Impact Questions and Answers,raw,About the Decision,27,Please describe the output produced by the system and any relevant information needed to interpret it in the context of the administrative decision.,False,"The output of the system is a text file transcription of the input audio file.  The
original audio file is needed by verify the accuracy of the text transcription by
a transcriber/translator.",0,N,Y,impact21,Y,95,1.0,
7612202f-1530-41ce-80c7-6e121f5fcadc,Original,0.10.0,Y,Impact Questions and Answers,raw,About the Decision,28,Will the system perform an assessment or other operation that would not otherwise be completed by a human?,False,No,0,Y,N,impact22,Y,96,1.0,
7612202f-1530-41ce-80c7-6e121f5fcadc,Original,0.10.0,Y,Impact Questions and Answers,raw,About the Decision,29,Is the system used by a different part of the organization than the ones who developed it?,False,No,0,Y,N,impact5,Y,14,1.0,
7612202f-1530-41ce-80c7-6e121f5fcadc,Original,0.10.0,Y,Impact Questions and Answers,raw,About the Decision,30,Are the impacts resulting from the decision reversible?,False,Reversible,1,Y,N,impact6,Y,15,1.0,
7612202f-1530-41ce-80c7-6e121f5fcadc,Original,0.10.0,Y,Impact Questions and Answers,raw,About the Decision,31,How long will impacts from the decision last?,False,Impacts are most likely to be brief,1,Y,N,impact7,Y,16,1.0,
7612202f-1530-41ce-80c7-6e121f5fcadc,Original,0.10.0,Y,Impact Questions and Answers,raw,About the Decision,32,Please describe why the impacts resulting from the decision are as per selected option above.,False,"Transcriptions are never used in raw format from the application.  They must
be reviewed by a human transcriber/translator for accuracy before they are
released.",0,N,Y,impact8,Y,17,1.0,
7612202f-1530-41ce-80c7-6e121f5fcadc,Original,0.10.0,Y,Impact Questions and Answers,raw,About the Decision,33,The impacts that the decision will have on the rights or freedoms of individuals will likely be:,False,Little to no impact,1,Y,N,impact9,Y,18,1.0,
7612202f-1530-41ce-80c7-6e121f5fcadc,Original,0.10.0,Y,Impact Questions and Answers,raw,About the Decision,34,Please describe why the impacts resulting from the decision are as per selected option above.,True,No impact on the rights of individuals.  Audio uploaded to the system is,0,N,Y,impact8,Y,17,1.0,
7612202f-1530-41ce-80c7-6e121f5fcadc,Original,0.10.0,Y,Impact Questions and Answers,raw,lawfully obtained.  The application doesn't have to be used if manual,35,"The impacts that the decision will have on the equality, dignity, privacy, and autonomy of individuals will likely be:",False,Little to no impact,1,Y,N,impact24,Y,69,1.0,
7612202f-1530-41ce-80c7-6e121f5fcadc,Original,0.10.0,Y,Impact Questions and Answers,raw,lawfully obtained.  The application doesn't have to be used if manual,36,Please describe why the impacts resulting from the decision are as per selected option above.,False,"No impact to any individual.  Voice2Text is a tool to assist transcribers at the
RCMP , not replace them.",0,N,Y,impact8,Y,17,1.0,
7612202f-1530-41ce-80c7-6e121f5fcadc,Original,0.10.0,Y,Impact Questions and Answers,raw,lawfully obtained.  The application doesn't have to be used if manual,37,The impacts that the decision will have on the health and well-being of individuals will likely be:,False,Little to no impact,1,Y,N,impact11,Y,69,1.0,
7612202f-1530-41ce-80c7-6e121f5fcadc,Original,0.10.0,Y,Impact Questions and Answers,raw,lawfully obtained.  The application doesn't have to be used if manual,38,Please describe why the impacts resulting from the decision are as per selected option above.,False,"The system does not store the audio files or transcriptions long-term.  Once
the transcriptions are completed and downloaded, all data is deleted from the
system. The application does not collect any personal information of the
user.",0,N,Y,impact8,Y,17,1.0,
7612202f-1530-41ce-80c7-6e121f5fcadc,Original,0.10.0,Y,Impact Questions and Answers,raw,lawfully obtained.  The application doesn't have to be used if manual,39,The impacts that the decision will have on the economic interests of individuals will likely be:,False,Little to no impact,1,Y,N,impact13,Y,69,1.0,
7612202f-1530-41ce-80c7-6e121f5fcadc,Original,0.10.0,Y,Impact Questions and Answers,raw,lawfully obtained.  The application doesn't have to be used if manual,40,Please describe why the impacts resulting from the decision are as per selected option above.,False,No economic impact.,0,N,Y,impact8,Y,17,1.0,
7612202f-1530-41ce-80c7-6e121f5fcadc,Original,0.10.0,Y,Impact Questions and Answers,raw,lawfully obtained.  The application doesn't have to be used if manual,41,"The impacts that the decision will have on the ongoing sustainability of an environmental ecosystem, will likely be:",False,Little to no impact,1,Y,N,impact15,Y,19,1.0,
7612202f-1530-41ce-80c7-6e121f5fcadc,Original,0.10.0,Y,Impact Questions and Answers,raw,lawfully obtained.  The application doesn't have to be used if manual,42,Please describe why the impacts resulting from the decision are as per selected option above.,True,No impact on sustainability or environment.,0,N,Y,impact8,Y,17,1.0,
7612202f-1530-41ce-80c7-6e121f5fcadc,Original,0.10.0,Y,Impact Questions and Answers,raw,About the Data - A. Data Source,43,Will the Automated Decision System use personal information as input data?,False,No,0,Y,N,aboutDataSource1,Y,20,1.0,
7612202f-1530-41ce-80c7-6e121f5fcadc,Original,0.10.0,Y,Impact Questions and Answers,raw,About the Data - A. Data Source,44,What is the highest security classification of the input data used by the system? (Select one),False,Protected B / Protected C,3,Y,N,aboutDataSource2,Y,21,1.0,
7612202f-1530-41ce-80c7-6e121f5fcadc,Original,0.10.0,Y,Impact Questions and Answers,raw,About the Data - A. Data Source,45,Who controls the data?,False,Federal government,1,Y,N,aboutDataSource3,Y,22,1.0,
7612202f-1530-41ce-80c7-6e121f5fcadc,Original,0.10.0,Y,Impact Questions and Answers,raw,About the Data - A. Data Source,46,Will the system use data from multiple different sources?,False,Yes,4,Y,N,aboutDataSource4,Y,23,1.0,
7612202f-1530-41ce-80c7-6e121f5fcadc,Original,0.10.0,Y,Impact Questions and Answers,raw,About the Data - A. Data Source,47,Will the system require input data from an Internet- or telephony-connected device? (e.g.,False,"Internet of Things, sensor)
No",0,Y,N,aboutDataSource5,Y,24,0.867,
7612202f-1530-41ce-80c7-6e121f5fcadc,Original,0.10.0,Y,Impact Questions and Answers,raw,About the Data - A. Data Source,48,Will the system interface with other IT systems?,False,Yes,4,Y,N,aboutDataSource6,Y,25,1.0,
7612202f-1530-41ce-80c7-6e121f5fcadc,Original,0.10.0,Y,Impact Questions and Answers,raw,About the Data - A. Data Source,49,Who collected the data used for training the system?,False,A foreign government or non-government third party,4,Y,N,aboutDataSource7,Y,26,1.0,
7612202f-1530-41ce-80c7-6e121f5fcadc,Original,0.10.0,Y,Impact Questions and Answers,raw,About the Data - A. Data Source,50,Who collected the input data used by the system?,False,Your institution,1,Y,N,aboutDataSource8,Y,26,1.0,
7612202f-1530-41ce-80c7-6e121f5fcadc,Original,0.10.0,Y,Impact Questions and Answers,raw,About the Data - A. Data Source,51,"Please describe the input data collected and used by the system, its source, and method of collection.",True,"Input data used in the system is lawfully collected by the RCMP as evidence
using various means.  It is uploaded to the system, transcribed/translated,
and subsequently deleted from the system after the transcription has been
downloaded.",0,N,Y,aboutDataSource13,Y,99,1.0,
7612202f-1530-41ce-80c7-6e121f5fcadc,Original,0.10.0,Y,Impact Questions and Answers,raw,About the Data - B. Type of Data,52,Will the system require the analysis of unstructured data to render a recommendation or a decision?,False,No,0,Y,N,aboutDataType1,Y,27,1.0,
7612202f-1530-41ce-80c7-6e121f5fcadc,Original,0.10.0,Y,Mitigation Questions and Answers,mitigation,Consultations,1,"Internal Stakeholders (federal institutions, including the federal public service)",False,Yes,1,Y,N,consultationDesign1,Y,61,1.0,
7612202f-1530-41ce-80c7-6e121f5fcadc,Original,0.10.0,Y,Mitigation Questions and Answers,mitigation,Consultations,2,Which Internal Stakeholders will you be engaging?,True,Data Governance,0,N,Y,consultationDesign2,Y,62,1.0,
7612202f-1530-41ce-80c7-6e121f5fcadc,Original,0.10.0,Y,Mitigation Questions and Answers,mitigation,Digital Policy,3,External Stakeholders (groups in other sectors or jurisdictions),True,No,0,Y,N,consultationDesign3,Y,63,1.0,
7612202f-1530-41ce-80c7-6e121f5fcadc,Original,0.10.0,Y,Mitigation Questions and Answers,mitigation,De-Risking and Mitigation Measures - Data Quality,4,"Will you have documented processes in place to test datasets against biases and other unexpected outcomes? This could include experience in applying frameworks, methods, guidelines or other assessment tools.",False,No,0,Y,N,dataQualityDesign1,Y,65,1.0,
7612202f-1530-41ce-80c7-6e121f5fcadc,Original,0.10.0,Y,Mitigation Questions and Answers,mitigation,De-Risking and Mitigation Measures - Data Quality,5,Will you be developing a process to document how data quality issues were resolved during the design process?,False,No,0,Y,N,dataQualityDesign3,Y,30,1.0,
7612202f-1530-41ce-80c7-6e121f5fcadc,Original,0.10.0,Y,Mitigation Questions and Answers,mitigation,De-Risking and Mitigation Measures - Data Quality,6,Will you be making this information publicly available?,False,No,0,Y,N,dataQualityDesign2,N,70,1.0,"{dataQualityDesign1} = ""item1-2"""
7612202f-1530-41ce-80c7-6e121f5fcadc,Original,0.10.0,Y,Mitigation Questions and Answers,mitigation,De-Risking and Mitigation Measures - Data Quality,7,Will you undertake a Gender Based Analysis Plus of the data?,False,No,0,Y,N,dataQualityDesign5,Y,31,1.0,
7612202f-1530-41ce-80c7-6e121f5fcadc,Original,0.10.0,Y,Mitigation Questions and Answers,mitigation,De-Risking and Mitigation Measures - Data Quality,8,Will you be making this information publicly available?,False,No,0,Y,N,dataQualityDesign2,N,70,1.0,"{dataQualityDesign1} = ""item1-2"""
7612202f-1530-41ce-80c7-6e121f5fcadc,Original,0.10.0,Y,Mitigation Questions and Answers,mitigation,De-Risking and Mitigation Measures - Data Quality,9,"Have you assigned accountability in your institution for the design, development, maintenance, and improvement of the system?",False,Yes,2,Y,N,dataQualityDesign7,Y,32,1.0,
7612202f-1530-41ce-80c7-6e121f5fcadc,Original,0.10.0,Y,Mitigation Questions and Answers,mitigation,De-Risking and Mitigation Measures - Data Quality,10,Will you have a documented process to manage the risk that outdated or unreliable data is used to make an automated decision?,False,No,0,Y,N,dataQualityDesign8,Y,33,1.0,
7612202f-1530-41ce-80c7-6e121f5fcadc,Original,0.10.0,Y,Mitigation Questions and Answers,mitigation,De-Risking and Mitigation Measures - Data Quality,11,Will you be making this information publicly available?,False,No,0,Y,N,dataQualityDesign2,N,70,1.0,"{dataQualityDesign1} = ""item1-2"""
7612202f-1530-41ce-80c7-6e121f5fcadc,Original,0.10.0,Y,Mitigation Questions and Answers,mitigation,De-Risking and Mitigation Measures - Data Quality,12,Will the data used for this system be posted on the Open Government Portal?,True,No,0,Y,N,dataQualityDesign10,Y,34,1.0,
7612202f-1530-41ce-80c7-6e121f5fcadc,Original,0.10.0,Y,Mitigation Questions and Answers,mitigation,Fairness,13,Will the audit trail identify the authority or delegated authority identified in legislation?,False,No,0,Y,N,fairnessDesign1,Y,68,1.0,
7612202f-1530-41ce-80c7-6e121f5fcadc,Original,0.10.0,Y,Mitigation Questions and Answers,mitigation,Fairness,14,Will the system provide an audit trail that records all the recommendations or decisions made by the system?,False,No,0,Y,N,fairnessDesign2,Y,36,1.0,
7612202f-1530-41ce-80c7-6e121f5fcadc,Original,0.10.0,Y,Mitigation Questions and Answers,mitigation,Fairness,15,Will all key decision points be identifiable in the audit trail?,False,No,0,Y,N,fairnessDesign3,Y,37,1.0,
7612202f-1530-41ce-80c7-6e121f5fcadc,Original,0.10.0,Y,Mitigation Questions and Answers,mitigation,Fairness,16,"Will all key decision points within the automated system's logic be linked to the relevant legislation, policy or procedure?",False,No,0,Y,N,fairnessDesign4,Y,38,1.0,
7612202f-1530-41ce-80c7-6e121f5fcadc,Original,0.10.0,Y,Mitigation Questions and Answers,mitigation,Fairness,17,Will you maintain a log detailing all of the changes made to the model and the system?,False,No,0,Y,N,fairnessDesign5,Y,39,1.0,
7612202f-1530-41ce-80c7-6e121f5fcadc,Original,0.10.0,Y,Mitigation Questions and Answers,mitigation,Fairness,18,Will the audit trail clearly set out all decision points made by the system?,False,No,0,Y,N,fairnessDesign6,Y,40,1.0,
7612202f-1530-41ce-80c7-6e121f5fcadc,Original,0.10.0,Y,Mitigation Questions and Answers,mitigation,Fairness,19,Could the audit trail generated by the system be used to help generate a notification of the decision (including a statement of reasons or other notification) where required?,False,No,0,Y,N,fairnessDesign7,Y,41,1.0,
7612202f-1530-41ce-80c7-6e121f5fcadc,Original,0.10.0,Y,Mitigation Questions and Answers,mitigation,Fairness,20,Will the audit trail identify precisely which version of the system was used for each decision it supports?,False,No,0,Y,N,fairnessDesign8,Y,42,1.0,
7612202f-1530-41ce-80c7-6e121f5fcadc,Original,0.10.0,Y,Mitigation Questions and Answers,mitigation,Fairness,21,Will the audit trail show who the authorized decision-maker is?,False,No,0,Y,N,fairnessDesign9,Y,43,1.0,
7612202f-1530-41ce-80c7-6e121f5fcadc,Original,0.10.0,Y,Mitigation Questions and Answers,mitigation,Fairness,22,Will the system be able to produce reasons for its decisions or recommendations when required?,False,No,0,Y,N,fairnessDesign10,Y,44,1.0,
7612202f-1530-41ce-80c7-6e121f5fcadc,Original,0.10.0,Y,Mitigation Questions and Answers,mitigation,Fairness,23,"Will there be a process in place to grant, monitor, and revoke access permission to the system?",False,Yes,1,Y,N,fairnessDesign11,Y,45,1.0,
7612202f-1530-41ce-80c7-6e121f5fcadc,Original,0.10.0,Y,Mitigation Questions and Answers,mitigation,Fairness,24,Will there be a mechanism to capture feedback by users of the system?,False,Yes,1,Y,N,fairnessDesign12,Y,46,1.0,
7612202f-1530-41ce-80c7-6e121f5fcadc,Original,0.10.0,Y,Mitigation Questions and Answers,mitigation,Fairness,25,Will there be a recourse process planned or established for clients that wish to challenge the decision?,False,No,0,Y,N,fairnessDesign13,Y,42,1.0,
7612202f-1530-41ce-80c7-6e121f5fcadc,Original,0.10.0,Y,Mitigation Questions and Answers,mitigation,Fairness,26,Will the system enable human override of system decisions?,False,No,0,Y,N,fairnessDesign14,Y,43,1.0,
7612202f-1530-41ce-80c7-6e121f5fcadc,Original,0.10.0,Y,Mitigation Questions and Answers,mitigation,Fairness,27,Will there be a process in place to log the instances when overrides were performed?,False,No,0,Y,N,fairnessDesign15,Y,44,1.0,
7612202f-1530-41ce-80c7-6e121f5fcadc,Original,0.10.0,Y,Mitigation Questions and Answers,mitigation,Fairness,28,Will the audit trail include change control processes to record modifications to the system's operation or performance?,False,No,0,Y,N,fairnessDesign16,Y,45,1.0,
7612202f-1530-41ce-80c7-6e121f5fcadc,Original,0.10.0,Y,Mitigation Questions and Answers,mitigation,Fairness,29,Will you be preparing a concept case to the Government of Canada Enterprise Architecture Review Board?,True,No,0,Y,N,fairnessDesign17,Y,46,1.0,
7612202f-1530-41ce-80c7-6e121f5fcadc,Original,0.10.0,Y,Mitigation Questions and Answers,mitigation,De-Risking and Mitigation Measures - Privacy,30,"If your system uses or creates personal information, will you undertake or have you undertaken a Privacy Impact Assessment, or updated an existing one?",False,No,0,Y,N,privacyDesign1,Y,71,1.0,
7612202f-1530-41ce-80c7-6e121f5fcadc,Original,0.10.0,Y,Mitigation Questions and Answers,mitigation,De-Risking and Mitigation Measures - Privacy,31,Will you design and build security and privacy into your systems from the concept stage of the project?,False,Yes,1,Y,N,privacyDesign2,Y,72,1.0,
7612202f-1530-41ce-80c7-6e121f5fcadc,Original,0.10.0,Y,Mitigation Questions and Answers,mitigation,De-Risking and Mitigation Measures - Privacy,32,"Will information be used within a closed system (i.e. no connections to the Internet, Intranet or any other system)?",False,No,0,Y,N,privacyDesign3,Y,77,1.0,
7612202f-1530-41ce-80c7-6e121f5fcadc,Original,0.10.0,Y,Mitigation Questions and Answers,mitigation,De-Risking and Mitigation Measures - Privacy,33,"If the sharing of personal information is involved, has an agreement or arrangement with appropriate safeguards been established?",False,No,0,Y,N,privacyDesign4,Y,78,1.0,
7612202f-1530-41ce-80c7-6e121f5fcadc,Original,0.10.0,Y,Mitigation Questions and Answers,mitigation,De-Risking and Mitigation Measures - Privacy,34,Will you de-identify any personal information used or created by the system at any point in the lifecycle?,False,No,0,Y,N,privacyDesign7,Y,102,1.0,
89898244-aaae-4591-ba9b-fe5cd81d5924,Original,0.10.0,Y,Project Details,none,,1,Name of Respondent Sgt Tom Guineau,False,,0,N,Y,,Y,,0.692,
89898244-aaae-4591-ba9b-fe5cd81d5924,Original,0.10.0,Y,Project Details,none,,2,Job Title Technical Manager,False,,0,N,Y,,Y,,0.5,
89898244-aaae-4591-ba9b-fe5cd81d5924,Original,0.10.0,Y,Project Details,none,,3,Department Royal Canadian Mounted Police,False,,0,N,Y,,Y,,0.4,
89898244-aaae-4591-ba9b-fe5cd81d5924,Original,0.10.0,Y,Project Details,none,,4,Branch NHQ/Tech Ops/SSIS/NCECC/Tech Unit,False,,0,N,Y,,Y,,0.34,
89898244-aaae-4591-ba9b-fe5cd81d5924,Original,0.10.0,Y,Project Details,none,,5,Project Title Griffeye,False,,0,N,Y,,Y,,0.743,
89898244-aaae-4591-ba9b-fe5cd81d5924,Original,0.10.0,Y,Project Details,none,,6,Project ID from IT Plan Griffeye CS and Di Pro,False,,0,N,Y,,Y,,0.667,
89898244-aaae-4591-ba9b-fe5cd81d5924,Original,0.10.0,Y,Project Details,none,,7,Departmental Program (from Department Results Framework) Griffeye CS and Di Pro,False,,0,N,Y,projectDetailsProgram,Y,50,0.824,
89898244-aaae-4591-ba9b-fe5cd81d5924,Original,0.10.0,Y,Project Details,none,,8,Project Phase,False,Implementation,0,Y,N,projectDetailsPhase,Y,51,1.0,
89898244-aaae-4591-ba9b-fe5cd81d5924,Original,0.10.0,Y,Project Details,none,,9,Please provide a project description:,True,"SOFTWARE already in Use - Tool designed to assist in the categorization/
classification of Child Exploitation images and Videos. It ingests media
derived from Seized Exhibits, Submissions from partners (NCMEC, CyberTip
and other Law Enforcement Agencies et al) and presents all of the media and",0,N,Y,projectDetailsDescription,Y,6,1.0,
89898244-aaae-4591-ba9b-fe5cd81d5924,Original,0.10.0,Y,Project Details,none,About The System,10,Please check which of the following capabilities apply to your system.,True,"Image and object recognition: Analyzing very large data sets to automate the
recognition, classification, and context associated with an image or object.
Content generation: Analyzing large data sets to categorize, process, triage,",0,N,Y,aboutSystem1,Y,9,1.0,
89898244-aaae-4591-ba9b-fe5cd81d5924,Original,0.10.0,Y,Impact Questions and Answers,raw,Reasons for Automation,1,What is motivating your team to introduce automation into this decision-making process?,True,(Check all that apply),0,N,Y,businessDrivers1,Y,7,0.891,
89898244-aaae-4591-ba9b-fe5cd81d5924,Original,0.10.0,Y,Impact Questions and Answers,raw,Other (please specify),2,"Please describe With respect to Child Pornography and sexual abuse videos and images, human review and decision making is always required to quickly identify, locate and safeguard children being victimized. With the average single case containing in excess of 3 million media items to review, such tools are employed in order to identify which media has been reviewed or investigated previously, and then group 'new media' together for the human review and more quickly determine police response/rescue. By removing the need to review the exact same horrific media over and over again not only adds efficiency to safeguarding children, it lends itself to protecting the investigator's health and well-being through unnecessary exposure.",False,,0,N,Y,,Y,,0.083,
89898244-aaae-4591-ba9b-fe5cd81d5924,Original,0.10.0,Y,Impact Questions and Answers,raw,Other (please specify),3,"What client needs will the system address and how will this system meet them? If possible, describe how client needs have been identified.",False,"There are several clients involved; primarily the victimized and abused
children need to be identified, located and safeguarded from the abusive
situation regardless of location in the world as soon as possible. If the scant
law enforcement resources spend their time reviewing non-relevant or non-
urgent materials it would delay discovery of the abuse for months or years,
leaving the victim to be further abused despite the organization having timely
information to save them in hand. Such systems aid in prioritizing media for
human review in order to determine the likelihood of a child being currently at
risk.",0,N,Y,businessDrivers3,Y,79,1.0,
89898244-aaae-4591-ba9b-fe5cd81d5924,Original,0.10.0,Y,Impact Questions and Answers,raw,Other (please specify),4,Please describe any public benefits the system is expected to have.,False,"Further to above, the public has an expectation that law enforcement will act
on information and safeguard people in a timely manner. If 911 call would
take weeks to garner a response, public safety would be in jeopardy as would
trust in the ability to provide security of the person. Such systems that aid in
organizing data in a manner in which vulnerable persons are more quickly
offered aid is a no-brainer.",0,N,Y,businessDrivers4,Y,80,1.0,
89898244-aaae-4591-ba9b-fe5cd81d5924,Original,0.10.0,Y,Impact Questions and Answers,raw,Other (please specify),5,How effective will the system likely be in meeting client needs?,False,Very effective,0,Y,N,businessDrivers5,Y,81,1.0,
89898244-aaae-4591-ba9b-fe5cd81d5924,Original,0.10.0,Y,Impact Questions and Answers,raw,Other (please specify),6,"Please describe any improvements, benefits, or advantages you expect from using an automated system. This could include relevant program indicators and performance targets.",True,"Griffeye Analyze is one of very few niche tools available that addresses
categorizing media related to Child Pornography investigations. The benefits
of using such tools are:
- more quickly identify, investigate and locate/safeguard children at risk
- ease of evidence and intelligence sharing with external and internal partners,
as these tools utilize a standardized format in order to export/import data
- reduces psychological injury and grief to investigators by reducing the",0,N,Y,businessDrivers6,Y,82,1.0,
89898244-aaae-4591-ba9b-fe5cd81d5924,Original,0.10.0,Y,Impact Questions and Answers,raw,abuse and the associate police response,7,Please describe how you will ensure that the system is confined to addressing the client needs identified above.,False,"Griffeye Analyze  is designed for media categorization specifically for this
purpose ( as are other competitive niche solutions ), and as such is purpose
built with these needs in mind.",0,N,Y,businessDrivers7,Y,83,1.0,
89898244-aaae-4591-ba9b-fe5cd81d5924,Original,0.10.0,Y,Impact Questions and Answers,raw,abuse and the associate police response,8,Please describe any trade-offs between client interests and program objectives that you have considered during the design of the project.,False,None,0,N,Y,businessDrivers8,Y,84,1.0,
89898244-aaae-4591-ba9b-fe5cd81d5924,Original,0.10.0,Y,Impact Questions and Answers,raw,abuse and the associate police response,9,Have alternative non-automated processes been considered?,False,Yes,0,Y,N,businessDrivers9,Y,85,1.0,
89898244-aaae-4591-ba9b-fe5cd81d5924,Original,0.10.0,Y,Impact Questions and Answers,raw,abuse and the associate police response,10,"If non-automated processes were considered, why was automation identified as the preferred option?",False,"Historically, investigators would physically print off images of abuse
originating from floppy disk drives and other digital storage, which resulted in
few media items requiring human review and evaluation. With the advent of
mass digital storage and the availability of high speed internet, the production,
transmission and collection of videos and images are near instant and often
result in a single investigation containing on average in excess of 2-3 million
media items to be reviewed (numerous computers, cellphones, tablets and
other common devices with large storage and connectivity can be found in
everyone's residences). The need to human review and evaluate each video or
image cannot be sustained by one person if they were to review each abuse
image, each Windows logo or Amazon listing over and over again if they have
already been seen in the past. Without digital processing and analysis of
media that can identify previously seen content or the ability to group media
together with various commonalities (same camera, same computer user,
same website et al), an investigator would take a month just to evaluate and
risk assess one case, let alone all of the reports that are submitted on a daily
basis.",0,N,Y,businessDrivers10,Y,86,1.0,
89898244-aaae-4591-ba9b-fe5cd81d5924,Original,0.10.0,Y,Impact Questions and Answers,raw,abuse and the associate police response,11,What would be the consequence of not deploying the system?,False,"Service cannot be delivered in a timely or efficient manner
Service costs are too high
Service quality is not as high
Service delivery cannot achieve performance targets
Other (please specify)",2,Y,N,businessDrivers11,Y,87,1.0,
89898244-aaae-4591-ba9b-fe5cd81d5924,Original,0.10.0,Y,Impact Questions and Answers,raw,abuse and the associate police response,12,Please describe Children will continue to be filmed while being sexually assaulted or tortured due to delays in evaluating and prioritizing media under investigation.,False,Risk Profile,0,N,Y,,Y,,0.384,
89898244-aaae-4591-ba9b-fe5cd81d5924,Original,0.10.0,Y,Impact Questions and Answers,raw,abuse and the associate police response,13,Is the project within an area of intense public scrutiny (e.g. because of privacy concerns) and/or frequent litigation?,False,No,0,Y,N,riskProfile1,Y,52,1.0,
89898244-aaae-4591-ba9b-fe5cd81d5924,Original,0.10.0,Y,Impact Questions and Answers,raw,abuse and the associate police response,14,Are clients in this line of business particularly vulnerable?,False,Yes,3,Y,N,riskProfile2,Y,53,1.0,
89898244-aaae-4591-ba9b-fe5cd81d5924,Original,0.10.0,Y,Impact Questions and Answers,raw,abuse and the associate police response,15,Are stakes of the decisions very high?,False,Yes,4,Y,N,riskProfile3,Y,54,1.0,
89898244-aaae-4591-ba9b-fe5cd81d5924,Original,0.10.0,Y,Impact Questions and Answers,raw,abuse and the associate police response,16,"Will this project have major impacts on staff, either in terms of their numbers or their roles?",False,Yes,3,Y,N,riskProfile4,Y,55,1.0,
89898244-aaae-4591-ba9b-fe5cd81d5924,Original,0.10.0,Y,Impact Questions and Answers,raw,abuse and the associate police response,17,Will the use of the system create or exacerbate barriers for persons with disabilities?,True,No,0,Y,N,riskProfile5,Y,89,1.0,
89898244-aaae-4591-ba9b-fe5cd81d5924,Original,0.10.0,Y,Impact Questions and Answers,raw,Project Authority,18,Will you require new policy authority for this project?,True,No,0,Y,N,projectAuthority1,Y,56,1.0,
89898244-aaae-4591-ba9b-fe5cd81d5924,Original,0.10.0,Y,Impact Questions and Answers,raw,About the Algorithm,19,The algorithm used will be a (trade) secret,False,No,0,Y,N,aboutAlgorithm1,Y,57,1.0,
89898244-aaae-4591-ba9b-fe5cd81d5924,Original,0.10.0,Y,Impact Questions and Answers,raw,About the Algorithm,20,The algorithmic process will be difficult to interpret or to explain,True,No,0,Y,N,aboutAlgorithm2,Y,58,1.0,
89898244-aaae-4591-ba9b-fe5cd81d5924,Original,0.10.0,Y,Impact Questions and Answers,raw,About the Decision,21,Please describe the decision(s) that will be automated.,True,"The tool has the ability to group media together in a number of ways that are
not AI driven (group by exif, file path, binary hash matching et al) but can also
have the feature of leveraging additional modules of ML to group images/
videos together if they contain children, various sexual assault acts or levels
of nudity. The decisions are to group media together and flag them to the
investigator in order to prioritize their manual human review and evaluation -
so effectively, the final decision always resides with the person operating the
tool. The AI is to assist in more quickly locating media that contains elements",0,N,Y,decisionSector3,Y,91,1.0,
89898244-aaae-4591-ba9b-fe5cd81d5924,Original,0.10.0,Y,Impact Questions and Answers,raw,of children and sexual abuse among masses of unrelated media such as,22,Does the decision pertain to any of the categories below (check all that apply):,False,Other (please specify),1,Y,N,decisionSector1,Y,11,1.0,
89898244-aaae-4591-ba9b-fe5cd81d5924,Original,0.10.0,Y,Impact Questions and Answers,raw,of children and sexual abuse among masses of unrelated media such as,23,"Please describe The decisions more quickly identify Child Pornography media content within mass digital storage, in order to prioritize their human review.",False,Impact Assessment,0,N,Y,,Y,,0.447,
89898244-aaae-4591-ba9b-fe5cd81d5924,Original,0.10.0,Y,Impact Questions and Answers,raw,of children and sexual abuse among masses of unrelated media such as,24,Which of the following best describes the type of automation you are planning?,False,"Partial automation (the system will contribute to administrative decision-
making by supporting an officer through assessments, recommendations,
intermediate decisions, or other outputs)",2,Y,N,impact30,Y,92,1.0,
89898244-aaae-4591-ba9b-fe5cd81d5924,Original,0.10.0,Y,Impact Questions and Answers,raw,of children and sexual abuse among masses of unrelated media such as,25,Please describe the role of the system in the decision-making process.,False,Please refer to previous information,0,N,Y,impact31,Y,93,1.0,
89898244-aaae-4591-ba9b-fe5cd81d5924,Original,0.10.0,Y,Impact Questions and Answers,raw,of children and sexual abuse among masses of unrelated media such as,26,Will the system be making decisions or assessments that require judgement or discretion?,False,No,0,Y,N,impact3,Y,47,1.0,
89898244-aaae-4591-ba9b-fe5cd81d5924,Original,0.10.0,Y,Impact Questions and Answers,raw,of children and sexual abuse among masses of unrelated media such as,27,Please describe the criteria used to evaluate client data and the operations applied to process it.,False,"The system (when using any AI feature) attempts to examine the content of
images or videos to determine if certain visual or behavioral elements exist
within (ie - is there a child present? Is there an adult? is there a sexual act
occurring? is there genetalia present et al). Media containing selected
elements is flagged and brought to the operator's attention as the prudent
starting point to determine if Child Pornography is present within that set of
media items.",0,N,Y,impact20,Y,94,1.0,
89898244-aaae-4591-ba9b-fe5cd81d5924,Original,0.10.0,Y,Impact Questions and Answers,raw,of children and sexual abuse among masses of unrelated media such as,28,Please describe the output produced by the system and any relevant information needed to interpret it in the context of the administrative decision.,True,"The output results in media being flagged as a priority for human review,
where an investigator can then watch the video or look at the image to",0,N,Y,impact21,Y,95,1.0,
89898244-aaae-4591-ba9b-fe5cd81d5924,Original,0.10.0,Y,Impact Questions and Answers,raw,current risk to a person/persons requiring immediate intervention,29,Will the system perform an assessment or other operation that would not otherwise be completed by a human?,False,No,0,Y,N,impact22,Y,96,1.0,
89898244-aaae-4591-ba9b-fe5cd81d5924,Original,0.10.0,Y,Impact Questions and Answers,raw,current risk to a person/persons requiring immediate intervention,30,Is the system used by a different part of the organization than the ones who developed it?,False,No,0,Y,N,impact5,Y,14,1.0,
89898244-aaae-4591-ba9b-fe5cd81d5924,Original,0.10.0,Y,Impact Questions and Answers,raw,current risk to a person/persons requiring immediate intervention,31,Are the impacts resulting from the decision reversible?,False,Reversible,1,Y,N,impact6,Y,15,1.0,
89898244-aaae-4591-ba9b-fe5cd81d5924,Original,0.10.0,Y,Impact Questions and Answers,raw,current risk to a person/persons requiring immediate intervention,32,How long will impacts from the decision last?,False,Impacts are most likely to be brief,1,Y,N,impact7,Y,16,1.0,
89898244-aaae-4591-ba9b-fe5cd81d5924,Original,0.10.0,Y,Impact Questions and Answers,raw,current risk to a person/persons requiring immediate intervention,33,Please describe why the impacts resulting from the decision are as per selected option above.,False,"The impact is that the AI is not the final decision as it rests with the human
operator. The AI functions as an aid and not an authoritative role within the
investigative process.",0,N,Y,impact8,Y,17,1.0,
89898244-aaae-4591-ba9b-fe5cd81d5924,Original,0.10.0,Y,Impact Questions and Answers,raw,current risk to a person/persons requiring immediate intervention,34,The impacts that the decision will have on the rights or freedoms of individuals will likely be:,False,Little to no impact,1,Y,N,impact9,Y,18,1.0,
89898244-aaae-4591-ba9b-fe5cd81d5924,Original,0.10.0,Y,Impact Questions and Answers,raw,current risk to a person/persons requiring immediate intervention,35,Please describe why the impacts resulting from the decision are as per selected option above.,False,"The AI functions as an aid and not an authoritative role within the investigative
process.",0,N,Y,impact8,Y,17,1.0,
89898244-aaae-4591-ba9b-fe5cd81d5924,Original,0.10.0,Y,Impact Questions and Answers,raw,current risk to a person/persons requiring immediate intervention,36,"The impacts that the decision will have on the equality, dignity, privacy, and autonomy of individuals will likely be:",False,Little to no impact,1,Y,N,impact24,Y,69,1.0,
89898244-aaae-4591-ba9b-fe5cd81d5924,Original,0.10.0,Y,Impact Questions and Answers,raw,current risk to a person/persons requiring immediate intervention,37,Please describe why the impacts resulting from the decision are as per selected option above.,False,"The AI functions as an aid and not an authoritative role within the investigative
process.",0,N,Y,impact8,Y,17,1.0,
89898244-aaae-4591-ba9b-fe5cd81d5924,Original,0.10.0,Y,Impact Questions and Answers,raw,current risk to a person/persons requiring immediate intervention,38,The impacts that the decision will have on the health and well-being of individuals will likely be:,False,Little to no impact,1,Y,N,impact11,Y,69,1.0,
89898244-aaae-4591-ba9b-fe5cd81d5924,Original,0.10.0,Y,Impact Questions and Answers,raw,current risk to a person/persons requiring immediate intervention,39,Please describe why the impacts resulting from the decision are as per selected option above.,False,"The AI functions as an aid and not an authoritative role within the investigative
process. However, the use of the tool will reduce the time in safeguarding
children being sexually assaulted or tortured, which in turn is to the overall
benefit to the victim if rescue were to occur as sooner rather than later. As
well, a reduction in the repetitive traumatic exposure by investigators to such
media will benefit their well being.",0,N,Y,impact8,Y,17,1.0,
89898244-aaae-4591-ba9b-fe5cd81d5924,Original,0.10.0,Y,Impact Questions and Answers,raw,current risk to a person/persons requiring immediate intervention,40,The impacts that the decision will have on the economic interests of individuals will likely be:,False,Little to no impact,1,Y,N,impact13,Y,69,1.0,
89898244-aaae-4591-ba9b-fe5cd81d5924,Original,0.10.0,Y,Impact Questions and Answers,raw,current risk to a person/persons requiring immediate intervention,41,Please describe why the impacts resulting from the decision are as per selected option above.,False,"The AI functions as an aid and not an authoritative role within the investigative
process.",0,N,Y,impact8,Y,17,1.0,
89898244-aaae-4591-ba9b-fe5cd81d5924,Original,0.10.0,Y,Impact Questions and Answers,raw,current risk to a person/persons requiring immediate intervention,42,"The impacts that the decision will have on the ongoing sustainability of an environmental ecosystem, will likely be:",False,Little to no impact,1,Y,N,impact15,Y,19,1.0,
89898244-aaae-4591-ba9b-fe5cd81d5924,Original,0.10.0,Y,Impact Questions and Answers,raw,current risk to a person/persons requiring immediate intervention,43,Please describe why the impacts resulting from the decision are as per selected option above.,True,"The AI functions as an aid and not an authoritative role within the investigative
process.",0,N,Y,impact8,Y,17,1.0,
89898244-aaae-4591-ba9b-fe5cd81d5924,Original,0.10.0,Y,Impact Questions and Answers,raw,About the Data - A. Data Source,44,Will the Automated Decision System use personal information as input data?,False,No,0,Y,N,aboutDataSource1,Y,20,1.0,
89898244-aaae-4591-ba9b-fe5cd81d5924,Original,0.10.0,Y,Impact Questions and Answers,raw,About the Data - A. Data Source,45,What is the highest security classification of the input data used by the system? (Select one),False,Protected B / Protected C,3,Y,N,aboutDataSource2,Y,21,1.0,
89898244-aaae-4591-ba9b-fe5cd81d5924,Original,0.10.0,Y,Impact Questions and Answers,raw,About the Data - A. Data Source,46,Who controls the data?,False,Federal government,1,Y,N,aboutDataSource3,Y,22,1.0,
89898244-aaae-4591-ba9b-fe5cd81d5924,Original,0.10.0,Y,Impact Questions and Answers,raw,About the Data - A. Data Source,47,Will the system use data from multiple different sources?,False,Yes,4,Y,N,aboutDataSource4,Y,23,1.0,
89898244-aaae-4591-ba9b-fe5cd81d5924,Original,0.10.0,Y,Impact Questions and Answers,raw,About the Data - A. Data Source,48,Will the system require input data from an Internet- or telephony-connected device? (e.g.,False,"Internet of Things, sensor)
No",0,Y,N,aboutDataSource5,Y,24,0.867,
89898244-aaae-4591-ba9b-fe5cd81d5924,Original,0.10.0,Y,Impact Questions and Answers,raw,About the Data - A. Data Source,49,Will the system interface with other IT systems?,False,Yes,4,Y,N,aboutDataSource6,Y,25,1.0,
89898244-aaae-4591-ba9b-fe5cd81d5924,Original,0.10.0,Y,Impact Questions and Answers,raw,About the Data - A. Data Source,50,Who collected the data used for training the system?,False,A foreign government or non-government third party,4,Y,N,aboutDataSource7,Y,26,1.0,
89898244-aaae-4591-ba9b-fe5cd81d5924,Original,0.10.0,Y,Impact Questions and Answers,raw,About the Data - A. Data Source,51,Who collected the input data used by the system?,False,Your institution,1,Y,N,aboutDataSource8,Y,26,1.0,
89898244-aaae-4591-ba9b-fe5cd81d5924,Original,0.10.0,Y,Impact Questions and Answers,raw,About the Data - A. Data Source,52,"Please describe the input data collected and used by the system, its source, and method of collection.",True,"Input data (Images and Videos) consists of evidence submitted by Police,
NGOs and other industry as a function of reporting a criminal offence. It can
come by way of police seizure (Judicial Authorizations) or submitted via third
party (CyberTip, NCMEC, Industry Reporting). Some is collected forensically,
some electronically by the party that received it or as it traverses their IT
systems and flagged for reporting to police. Police agencies receive such
media either directly from victims/complainants or via assistance requests",0,N,Y,aboutDataSource13,Y,99,1.0,
89898244-aaae-4591-ba9b-fe5cd81d5924,Original,0.10.0,Y,Impact Questions and Answers,raw,About the Data - B. Type of Data,53,Will the system require the analysis of unstructured data to render a recommendation or a decision?,False,No,0,Y,N,aboutDataType1,Y,27,1.0,
89898244-aaae-4591-ba9b-fe5cd81d5924,Original,0.10.0,Y,Mitigation Questions and Answers,mitigation,Consultations,1,"Internal Stakeholders (federal institutions, including the federal public service)",False,Yes,1,Y,N,consultationDesign1,Y,61,1.0,
89898244-aaae-4591-ba9b-fe5cd81d5924,Original,0.10.0,Y,Mitigation Questions and Answers,mitigation,Consultations,2,Which Internal Stakeholders have you engaged?,True,Strategic Policy and Planning,0,N,Y,consultationImplementation2,Y,62,1.0,
89898244-aaae-4591-ba9b-fe5cd81d5924,Original,0.10.0,Y,Mitigation Questions and Answers,mitigation,Program Policy,3,External Stakeholders (groups in other sectors or jurisdictions),False,Yes,1,Y,N,consultationDesign3,Y,63,1.0,
89898244-aaae-4591-ba9b-fe5cd81d5924,Original,0.10.0,Y,Mitigation Questions and Answers,mitigation,Program Policy,4,Which External Stakeholders have you engaged?,True,Academia,0,N,Y,consultationImplementation4,Y,64,1.0,
89898244-aaae-4591-ba9b-fe5cd81d5924,Original,0.10.0,Y,Mitigation Questions and Answers,mitigation,De-Risking and Mitigation Measures - Data Quality,5,"Do you have documented processes in place to test datasets against biases and other unexpected outcomes? This could include experience in applying frameworks, methods, guidelines or other assessment tools.",False,No,0,Y,N,dataQualityImplementation1,Y,67,1.0,
89898244-aaae-4591-ba9b-fe5cd81d5924,Original,0.10.0,Y,Mitigation Questions and Answers,mitigation,De-Risking and Mitigation Measures - Data Quality,6,Is this information publicly available?,False,No,0,Y,N,dataQualityImplementation2,Y,66,1.0,
89898244-aaae-4591-ba9b-fe5cd81d5924,Original,0.10.0,Y,Mitigation Questions and Answers,mitigation,De-Risking and Mitigation Measures - Data Quality,7,Have you developed a process to document how data quality issues were resolved during the design process?,False,No,0,Y,N,dataQualityImplementation3,Y,30,1.0,
89898244-aaae-4591-ba9b-fe5cd81d5924,Original,0.10.0,Y,Mitigation Questions and Answers,mitigation,De-Risking and Mitigation Measures - Data Quality,8,Is this information publicly available?,False,No,0,Y,N,dataQualityImplementation2,Y,66,1.0,
89898244-aaae-4591-ba9b-fe5cd81d5924,Original,0.10.0,Y,Mitigation Questions and Answers,mitigation,De-Risking and Mitigation Measures - Data Quality,9,Have you undertaken a Gender Based Analysis Plus of the data?,False,No,0,Y,N,dataQualityImplementation5,Y,31,1.0,
89898244-aaae-4591-ba9b-fe5cd81d5924,Original,0.10.0,Y,Mitigation Questions and Answers,mitigation,De-Risking and Mitigation Measures - Data Quality,10,Is this information publicly available?,False,No,0,Y,N,dataQualityImplementation2,Y,66,1.0,
89898244-aaae-4591-ba9b-fe5cd81d5924,Original,0.10.0,Y,Mitigation Questions and Answers,mitigation,De-Risking and Mitigation Measures - Data Quality,11,"Have you assigned accountability in your institution for the design, development, maintenance, and improvement of the system?",False,Yes,2,Y,N,dataQualityDesign7,Y,32,1.0,
89898244-aaae-4591-ba9b-fe5cd81d5924,Original,0.10.0,Y,Mitigation Questions and Answers,mitigation,De-Risking and Mitigation Measures - Data Quality,12,Do you have a documented process to manage the risk that outdated or unreliable data is used to make an automated decision?,False,No,0,Y,N,dataQualityImplementation8,Y,33,1.0,
89898244-aaae-4591-ba9b-fe5cd81d5924,Original,0.10.0,Y,Mitigation Questions and Answers,mitigation,De-Risking and Mitigation Measures - Data Quality,13,Is this information publicly available?,False,No,0,Y,N,dataQualityImplementation2,Y,66,1.0,
89898244-aaae-4591-ba9b-fe5cd81d5924,Original,0.10.0,Y,Mitigation Questions and Answers,mitigation,De-Risking and Mitigation Measures - Data Quality,14,Is the data used for this system posted on the Open Government Portal?,True,No,0,Y,N,dataQualityImplementation10,Y,34,1.0,
89898244-aaae-4591-ba9b-fe5cd81d5924,Original,0.10.0,Y,Mitigation Questions and Answers,mitigation,Fairness,15,Does the audit trail identify the authority or delegated authority identified in legislation?,False,No,0,Y,N,fairnessImplementation1,Y,68,1.0,
89898244-aaae-4591-ba9b-fe5cd81d5924,Original,0.10.0,Y,Mitigation Questions and Answers,mitigation,Fairness,16,Does the system provide an audit trail that records all the recommendations or decisions made by the system?,False,Yes,2,Y,N,fairnessImplementation2,Y,36,1.0,
89898244-aaae-4591-ba9b-fe5cd81d5924,Original,0.10.0,Y,Mitigation Questions and Answers,mitigation,Fairness,17,Are all key decision points identifiable in the audit trail?,False,No,0,Y,N,fairnessImplementation3,Y,37,1.0,
89898244-aaae-4591-ba9b-fe5cd81d5924,Original,0.10.0,Y,Mitigation Questions and Answers,mitigation,Fairness,18,"Are all key decision points within the automated system's logic linked to the relevant legislation, policy or procedures?",False,No,0,Y,N,fairnessImplementation4,Y,38,1.0,
89898244-aaae-4591-ba9b-fe5cd81d5924,Original,0.10.0,Y,Mitigation Questions and Answers,mitigation,Fairness,19,Do you maintain a current and up to date log detailing all of the changes made to the model and the system?,False,No,0,Y,N,fairnessImplementation5,Y,39,1.0,
89898244-aaae-4591-ba9b-fe5cd81d5924,Original,0.10.0,Y,Mitigation Questions and Answers,mitigation,Fairness,20,Does the system's audit trail indicate all of the decision points made by the system?,False,No,0,Y,N,fairnessImplementation6,Y,40,1.0,
89898244-aaae-4591-ba9b-fe5cd81d5924,Original,0.10.0,Y,Mitigation Questions and Answers,mitigation,Fairness,21,Can the audit trail generated by the system be used to help generate a notification of the decision (including a statement of reasons or other notifications) where required?,False,No,0,Y,N,fairnessImplementation7,Y,41,1.0,
89898244-aaae-4591-ba9b-fe5cd81d5924,Original,0.10.0,Y,Mitigation Questions and Answers,mitigation,Fairness,22,Does the audit trail identify precisely which version of the system was used for each decision it supports?,False,No,0,Y,N,fairnessImplementation8,Y,42,1.0,
89898244-aaae-4591-ba9b-fe5cd81d5924,Original,0.10.0,Y,Mitigation Questions and Answers,mitigation,Fairness,23,Does the audit trail show who an authorized decision-maker is?,False,Yes,1,Y,N,fairnessImplementation9,Y,43,1.0,
89898244-aaae-4591-ba9b-fe5cd81d5924,Original,0.10.0,Y,Mitigation Questions and Answers,mitigation,Fairness,24,Is the system able to produce reasons for its decisions or recommendations when required?,False,No,0,Y,N,fairnessImplementation10,Y,44,1.0,
89898244-aaae-4591-ba9b-fe5cd81d5924,Original,0.10.0,Y,Mitigation Questions and Answers,mitigation,Fairness,25,"Is there a process in place to grant, monitor, and revoke access permission to the system?",False,Yes,1,Y,N,fairnessImplementation11,Y,45,1.0,
89898244-aaae-4591-ba9b-fe5cd81d5924,Original,0.10.0,Y,Mitigation Questions and Answers,mitigation,Fairness,26,Is there a mechanism to capture feedback by users of the system?,False,Yes,1,Y,N,fairnessImplementation12,Y,46,1.0,
89898244-aaae-4591-ba9b-fe5cd81d5924,Original,0.10.0,Y,Mitigation Questions and Answers,mitigation,Fairness,27,Is there a recourse process established for clients that wish to challenge the decision?,False,No,0,Y,N,fairnessImplementation13,Y,42,1.0,
89898244-aaae-4591-ba9b-fe5cd81d5924,Original,0.10.0,Y,Mitigation Questions and Answers,mitigation,Fairness,28,Does the system enable human override of system decisions?,False,Yes,2,Y,N,fairnessImplementation14,Y,43,1.0,
89898244-aaae-4591-ba9b-fe5cd81d5924,Original,0.10.0,Y,Mitigation Questions and Answers,mitigation,Fairness,29,Is there a process in place to log the instances when overrides were performed?,False,Yes,1,Y,N,fairnessImplementation15,Y,44,1.0,
89898244-aaae-4591-ba9b-fe5cd81d5924,Original,0.10.0,Y,Mitigation Questions and Answers,mitigation,Fairness,30,Does the system's audit trail include change control processes to record modifications to the system's operation or performance?,False,No,0,Y,N,fairnessImplementation16,Y,45,1.0,
89898244-aaae-4591-ba9b-fe5cd81d5924,Original,0.10.0,Y,Mitigation Questions and Answers,mitigation,Fairness,31,Have you prepared a concept case to the Government of Canada Enterprise Architecture Review Board?,True,No,0,Y,N,fairnessImplementation17,Y,46,1.0,
89898244-aaae-4591-ba9b-fe5cd81d5924,Original,0.10.0,Y,Mitigation Questions and Answers,mitigation,De-Risking and Mitigation Measures - Privacy,32,"If your system uses or creates personal information, have you undertaken a Privacy Impact Assessment, or updated an existing one?",False,Yes,1,Y,N,privacyImplementation1,Y,71,1.0,
89898244-aaae-4591-ba9b-fe5cd81d5924,Original,0.10.0,Y,Mitigation Questions and Answers,mitigation,De-Risking and Mitigation Measures - Privacy,33,Please indicate the following in your answer: Title and scope of the Privacy Impact Assessment; How the automation project fits into the program; and Date of Privacy Impact Assessment completion or modification.,False,"PIA is collateral to FVEYE Hash Sharing Agreement reviewed by RCMP Legal,
ATIP , DSB, LSU and other internal stakeholders which defines personal
information as it pertains to this data type. Documentation regarding the use
of hashes and derivative meta data have been produced for collateral issues
and can be provided upon request.",0,N,Y,privacyDesign5,Y,100,1.0,
89898244-aaae-4591-ba9b-fe5cd81d5924,Original,0.10.0,Y,Mitigation Questions and Answers,mitigation,De-Risking and Mitigation Measures - Privacy,34,Have you designed and built security and privacy into your systems from the concept stage of the project?,False,Yes,1,Y,N,privacyImplementation2,Y,72,1.0,
89898244-aaae-4591-ba9b-fe5cd81d5924,Original,0.10.0,Y,Mitigation Questions and Answers,mitigation,De-Risking and Mitigation Measures - Privacy,35,"Is the information used within a closed system (i.e. no connections to the Internet, Intranet or any other system)?",False,Yes,1,Y,N,privacyImplementation3,Y,77,1.0,
89898244-aaae-4591-ba9b-fe5cd81d5924,Original,0.10.0,Y,Mitigation Questions and Answers,mitigation,De-Risking and Mitigation Measures - Privacy,36,"If the sharing of personal information is involved, has an agreement or arrangement with appropriate safeguards been established?",False,Yes,1,Y,N,privacyDesign4,Y,78,1.0,
89898244-aaae-4591-ba9b-fe5cd81d5924,Original,0.10.0,Y,Mitigation Questions and Answers,mitigation,De-Risking and Mitigation Measures - Privacy,37,Will you de-identify any personal information used or created by the system at any point in the lifecycle?,False,No,0,Y,N,privacyDesign7,Y,102,1.0,
b8a34d1b-d27f-4506-973c-d2ea2f68c623,Original,0.10.0,Y,Project Details,none,,1,Name of Respondent Chantal Demers,False,,0,N,Y,,Y,,0.706,
b8a34d1b-d27f-4506-973c-d2ea2f68c623,Original,0.10.0,Y,Project Details,none,,2,Job Title Manager,False,,0,N,Y,,Y,,0.692,
b8a34d1b-d27f-4506-973c-d2ea2f68c623,Original,0.10.0,Y,Project Details,none,,3,Department Canada Border Services Agency,False,,0,N,Y,,Y,,0.4,
b8a34d1b-d27f-4506-973c-d2ea2f68c623,Original,0.10.0,Y,Project Details,none,,4,Branch Travellers,False,,0,N,Y,,Y,,0.522,
b8a34d1b-d27f-4506-973c-d2ea2f68c623,Original,0.10.0,Y,Project Details,none,,5,Project Title Traveller Compliance Indicator,False,,0,N,Y,,Y,,0.478,
b8a34d1b-d27f-4506-973c-d2ea2f68c623,Original,0.10.0,Y,Project Details,none,,6,Departmental  Program (from Department  Results Framework) Traveller Facilitation and Compliance,False,,0,N,Y,,Y,,0.74,
b8a34d1b-d27f-4506-973c-d2ea2f68c623,Original,0.10.0,Y,Project Details,none,,7,Project Phase,False,Design,0,Y,N,projectDetailsPhase,Y,51,1.0,
b8a34d1b-d27f-4506-973c-d2ea2f68c623,Original,0.10.0,Y,Project Details,none,,8,Please provide a project description:,True,"The Canada Border Services Agency (CBSA) provides integrated border services to protect national
security and public safety while facilitating the lawful flow of people and goods across our border.
Each year the CBSA welcomes more than 80 million travellers. New technologies are being implemented
to provide a more efficient border experience; including tools that incorporate artificial intelligence, as
part of the CBSA’s Traveller Modernization Initiative. The CBSA is committed to privacy. All new
technologies must respect Canada’s privacy policies to protect personal information and ensure it’s used
responsibly.
The Traveller Compliance Indicator (TCI) is a new tool that will provide more information to border
services officers (BSOs) to help them identify travellers that meet customs-related obligations. The TCI
uses historical data available in CBSA systems, in addition to live traveller data available at the time of
entry into Canada at the port of entry. The tool is expected to save travellers time by reducing the
number of non-resultant secondary inspections while allowing officers to focus their attention on
travellers who present a higher risk of non-compliance with border legislation and associated regulations.
The CBSA has made investments over the last few years to develop, test (i.e., offline tests were
run retrospectively using the completed passages) and refine the TCI algorithm and scoring
models to identify travellers, who based on their previous travel activity, are more likely to be in
compliance with the Customs Act.
Methodologically, the TCI process begins with data pre-processing, where data from two
separate CBSA systems are linked: Passage History (i.e., information from Primary Inspection
Lanes (PIL) and the Integrated Customs Enforcement System (ICES) (i.e., enforcement records).
Next, feature engineering is applied to enhance the dataset with additional features that help
identify compliant passages. Feature engineering refers to the process of preparing and
transforming raw data into meaningful features (variables or attributes) that can improve the
performance of machine learning models. In this context, the new features capture travel
patterns, such as frequency, locations, and times of travel. Traveller names or IDs are necessary
to track historical passages; however, only data from Passage History and ICES is used for this
purpose.
After feature engineering, the data is de‑identified to protect privacy. Personally identifiable
information (names, dates of birth, IDs, document numbers, and exact date/time of passage, etc.)
is removed. Instead of precise ages, travellers are grouped into four-year age categories. Sex and
nationality are retained for operational decision-making, and with all other identifying details
removed, the dataset is considered anonymized.
The de-identified dataset is then used to train a machine learning model. The algorithm,
structured as a decision tree, learns general patterns to predict compliance for new passages.
For example, it may learn that travellers over 60 who travel later in the year are typically
compliant. The model is tested to ensure it generalizes well and does not rely on simplistic or
biased patterns. Some of the steps to mitigate bias within the data set include using random
referrals within the training data sets to mitigate the reliance solely on secondary referrals by
BSO, or those generated by targets and intelligence lookouts. The approach uses explainable
artificial intelligence, so the decision logic can be easily understood and analyzed.
When deployed, the model operates in real time during a traveller's passage at the border. The
system retrieves the traveller's history, calculates features, and predicts compliance. If a high
likelihood of compliance is predicted, an indicator is displayed to the officer.
The data features used to train the TCI models will be reviewed both in response to the active
and continual monitoring of the model’s performance, and as the CBSA data scientists create
new features with the aim of boosting predictive power and mitigating against potential biases
and performance degradation over time.
The TCI outputs will be communicated through the internal operating system used by BSOs at
border crossings, in order to support their decision-making process and improve referral to
secondary examination practices. The TCI system produces two types of outputs on the primary
processing screen for a traveller that is available for the BSO to consider: a high likelihood of
compliance, indicated by an indicator, or no icon, which reflects unknown risk. The TCI system
will work concurrently with other CBSA traveller systems during the primary inspection process
with the same level of quick response times so as to not impede the CBSA’s objective of efficient
traveller flow while also providing BSOs with improved access to the historical passage data at
the PIL. While the TCI measures travellers that are highly likely to be in compliant, there are
other CBSA systems that are presently in place to flag high risk travellers, namely enforcement
and intelligence systems, and in these instances the traveller will be referred for secondary
examination and any TCI output will be overridden. The TCI will be implemented within the
new Officer Experience (OE) solution in all modes for in-person processing channels using a
phased approached according to the OE project schedule. Initial deployment will be at CBSA
ferry and land border crossings starting in 2026.
The CBSA’s Traveller Modernization Initiative aims to develop new tools and technologies for a
faster, better and secure experience at the border.
The CBSA is in the process of a major transformation, driven by the need to modernize how
front-line services are delivered and operations are managed. The intent is to modernize the
CBSA’s existing risk-based approach to border management by investing in digital solutions to
strengthen its capacity for evidence-based decision making and improve performance
management. This is reflected in the CBSA’s Data Analytics Strategy, resulting in data that is of a
high quality, accessible, and well managed and that supports effective business intelligence and
risk management.
The OE Initiative involves the consolidation and rationalization of multiple operational systems,
the migration of data to the hybrid cloud environment, use of analytics to support officer
decision-making, and the development of a single, user-friendly interface to support officer
decisions and their operational needs. To ensure border management keeps pace with a
changing world, the CBSA is modernizing services and processes to meet the increasing numbers
of travellers. The CBSA understands that new technologies may raise concerns about privacy,
bias and protection of personal information. To address this, the CBSA is committed to ensuring
it develops its technologies in accordance with applicable legal frameworks, including ensuring
compliance with the Privacy Act and the Charter.
At the border, the processing of a traveller sometimes includes secondary examinations, a
routine part of traveller processing, including the examination of travellers and goods, at
Canadian POEs to ensure compliance with Canada's customs, immigration, food, plant and
animal laws and regulations. The CBSA has traditionally supported front-line operations with
enforcement and intelligence processes, in addition to equipping officers with detection
technology and enforcement tools in order to strengthen capacity to intercept traveller non-
compliance at POEs. The TCI provides the ability to assess whether a traveller is highly likely to
be compliant by assessing previous passage history and secondary referral results. As such, the
CBSA is not introducing the TCI as an enforcement feature but rather as a tool to support
traveller facilitation during the border clearance process.",0,N,Y,projectDetailsDescription,Y,6,1.0,
b8a34d1b-d27f-4506-973c-d2ea2f68c623,Original,0.10.0,Y,Project Details,none,About The System,9,Please check which of the following capabilities apply to your system.,False,Other (please specify),0,N,Y,aboutSystem1,Y,9,1.0,
b8a34d1b-d27f-4506-973c-d2ea2f68c623,Original,0.10.0,Y,Project Details,none,About The System,10,Please describe.,False,"Triage- Based on identified patterns, TCI focuses on predicting compliance of travellers and
highlighting those who are highly likely to be compliant (i.e., low-risk travellers). In all cases, no
action is triggered automatically, and officers always retain discretion to make the final decision
based on the totality of the information available to them to release or refer the traveller for
secondary processing.
In cases where systems (other than TCI) that identify potentially high‑risk travellers are
triggered, the traveller will be flagged for referral to secondary for further examination. In these
instances, the officer will follow the required protocol prior to proceeding with a referral for
additional processing in secondary, whether for customs and/or immigration secondary
processing subject to the officer’s judgment and discretion.",0,N,Y,motivation-other,N,8,1.0,"{businessDrivers1} contains ""item6"""
b8a34d1b-d27f-4506-973c-d2ea2f68c623,Original,0.10.0,Y,Impact Questions and Answers,raw,Reasons for Automation,1,What is motivating your team to introduce automation into this decision-making process?,True,(Check all that apply),0,N,Y,businessDrivers1,Y,7,0.891,
b8a34d1b-d27f-4506-973c-d2ea2f68c623,Original,0.10.0,Y,Impact Questions and Answers,raw,Other (please specify),2,"Please describe The TCI system uses data that is derived from data already in CBSA databases and is processed in real-time so as to allow the officer to focus on their interview of the traveller during the primary inspection process instead of having to undertake manual data searches that are inefficient and may lead to increased border processing times and may also lead to distraction and errors that negatively impact border security. As a result of faster, and more accurate traveller processing, it is expected that increases in traveller volume would not necessitate a relative increase in BSOs. Further, it would allow for BSOs to focus their time on processing travellers who are believed to present a high or unknown risk of non-compliance from a Customs Act and associated regulations perspective.",False,,0,N,Y,,Y,,0.078,
b8a34d1b-d27f-4506-973c-d2ea2f68c623,Original,0.10.0,Y,Impact Questions and Answers,raw,Other (please specify),3,"What client needs will the system address and how will this system meet them? If possible, describe how client needs have been identified.",False,"All travellers, including Canadian citizens and permanent residents, expect to be treated fairly
and professionally during the border clearance process. They also expect the CBSA to facilitate
the efficient movement of persons and goods, consistent with the CBSA’s mandate set out in the
CBSA Act. In practical terms, this translates into a need for timely, predictable, and efficient
processing, particularly for recurring travellers who have previously entered Canada. These
needs have been identified through operational experience, observations of traveller volumes
and wait times, and the CBSA’s broader efforts to improve client service and facilitation at the
border.
Although the TCI is not a public facing tool and is only available to BSOs, it is designed to
support these same client needs. By using available historical data to identify travellers whose
passage characteristics are consistent with compliant trends, the TCI helps BSOs focus their
attention on travellers who may present a higher or unknown risk of noncompliance. This
supports more efficient processing of compliant travellers and helps avoid unnecessary referrals
to secondary examination, thereby enhancing fairness, consistency, and overall facilitation in the
border clearance process.
By providing BSOs with the TCI at the initial contact stage, it will allow BSOs to spend less time
with travellers believed to be highly likely to be compliant and more time on travellers that may
pose a high or unknown risk. Spending less time on travellers believed to be highly likely
compliant will result in reduced processing times for lower-risk travellers and support the core
of CBSA’s mandate which is to provide integrated border services that support national security and
public safety priorities and facilitate the free flow of persons and goods.",0,N,Y,businessDrivers3,Y,79,1.0,
b8a34d1b-d27f-4506-973c-d2ea2f68c623,Original,0.10.0,Y,Impact Questions and Answers,raw,Other (please specify),4,Please describe any public benefits the system is expected to have.,False,"The TCI will allow BSOs will be able to spend less time with compliant travellers and focus their attention
on travellers who present a higher risk of non-compliance with border legislation and associated
regulations.",0,N,Y,businessDrivers4,Y,80,1.0,
b8a34d1b-d27f-4506-973c-d2ea2f68c623,Original,0.10.0,Y,Impact Questions and Answers,raw,Other (please specify),5,How effective will the system likely be in meeting client needs?,False,Very effective,0,Y,N,businessDrivers5,Y,81,1.0,
b8a34d1b-d27f-4506-973c-d2ea2f68c623,Original,0.10.0,Y,Impact Questions and Answers,raw,Other (please specify),6,"Please describe any improvements, benefits, or advantages you expect from using an automated system. This could include relevant program indicators and performance targets.",True,"The TCI system will improve client service through potential time savings through the use of a
compliance prediction tool that leverages data already available in CBSA systems. A traveller’s
time spent with BSOs will decrease, on average, due to quicker access of existing records
resulting in an improved capability of BSOs to make informed decisions at Primary thus reducing
non-resultant secondary referrals by up to 20-30 percent. Critical Success Factors, Key
Performance Indicator (KPI) and Success Criteria were used to determine the measurable
outcomes (Efficiency, Usability and Effectiveness) of the TCI. Outcomes from previous offline tests
were analyzed and it was concluded that they achieved the predetermined success criteria for the project.
The analysis demonstrated the system’s potential to help reduce the overall selective non-resultant
referral rate by identifying compliant travellers with a high degree of accuracy.
In summary, some of the expected benefits are:
1) Ability to focus limited resources on unknown and higher risk travellers",0,N,Y,businessDrivers6,Y,82,1.0,
b8a34d1b-d27f-4506-973c-d2ea2f68c623,Original,0.10.0,Y,Impact Questions and Answers,raw,3) Speed up processing of lower risk travellers,7,Please describe how you will ensure that the system is confined to addressing the client needs identified above.,False,"The CBSA will ensure that the TCI system remains confined to the client needs identified above through
its defined program scope and supporting business requirements. These documents establish that the
purpose of the TCI is to support efficient border processing for travellers entering Canada and to reduce
unnecessary referrals for secondary processing by identifying travellers who are likely to be compliant.
Any proposed change to the TCI system, including changes to its scope, data inputs, or outputs, is subject
to existing CBSA program management and governance processes. These processes require that changes
be assessed against the CBSA’s mandate and ongoing client service objectives and be supported by the
necessary analysis, including legal, privacy, and data management considerations informed by relevant
policy instruments (e.g., the Directive on Automated Decision Making and the Directive on Service and
Digital).",0,N,Y,businessDrivers7,Y,83,1.0,
b8a34d1b-d27f-4506-973c-d2ea2f68c623,Original,0.10.0,Y,Impact Questions and Answers,raw,3) Speed up processing of lower risk travellers,8,Please describe any trade-offs between client interests and program objectives that you have considered during the design of the project.,False,"Several trade-offs between client interests and program objectives were considered in the design
of TCI. First, by indicating characteristics that, the presence of which tend to predict a higher
likelihood of compliance for up to approximately 30% of all travellers, the system, supports the
program objective of improving facilitation and operational efficiency. The TCI decreases
processing time for some travellers that are indicated to be highly likely compliant and provides
BSOs with additional information to support their release and referral decisions. Recognizing
lower risk travellers at primary can reduce non-resultant referrals to secondary examination,
which saves time for both travellers and BSOs.
Second, using existing traveller data to create a new tool to be used during examinations may be
perceived by some travellers as a trade-off between their interest in limiting new uses of their
data and the program’s objective of improving efficiency and targeting. While the TCI relies on
data already available in CBSA systems, and the system is designed to preserve privacy and
integrity, some travellers may still view this re-use of data as a new form of data processing. The
CBSA will ensure that the collection, use, and disclosure of traveller information for the
purposes of the TCI is consistent with its authorities under the Customs Act and complies with
applicable obligations under the Privacy Act. The program’s objective, however, is to use available
data more effectively to support more efficient and consistent processing for all travellers.
Third, another trade-off would be related to resource allocation as it is anticipated that there
will be an increase of travellers in the coming years.
Therefore, if our current processes remain unchanged, additional BSOs would be required to
support frontline operations. The TCI feature will contribute to faster processing times and
allow the CBSA to continue operating successfully with our current workforce complement. It is
also to be noted that the system will not be replacing BSOs or their decision-making but instead
allowing them to focus on travellers who may present an unknown or higher risk of non-
compliance.
Finally, because TCI represents the CBSA’s first use of artificial intelligence in a real-time at-
border setting, a deliberate design choice was made to prioritize explainability over the
predictive power of the trained models. In other words, the ability to explain the logic of the
TCI models in granular detail was favoured over more complex modelling techniques that might
have increased the proportion of passages resulting in a indicator. This decision aims to build
trust in the project both internally and with the travelling public.",0,N,Y,businessDrivers8,Y,84,1.0,
b8a34d1b-d27f-4506-973c-d2ea2f68c623,Original,0.10.0,Y,Impact Questions and Answers,raw,3) Speed up processing of lower risk travellers,9,Have alternative non-automated processes been considered?,False,Yes,0,Y,N,businessDrivers9,Y,85,1.0,
b8a34d1b-d27f-4506-973c-d2ea2f68c623,Original,0.10.0,Y,Impact Questions and Answers,raw,3) Speed up processing of lower risk travellers,10,"If non-automated processes were considered, why was automation identified as the preferred option?",True,"The current primary inspection process at land border crossings consists of a standard suite of
automated system assessments for all travellers, If during the primary inspection process an
officer decides to supplement the existing automated system results with additional searches on
a traveller, there is currently only one option available to the officer - conducting manual
searches of traveller information within CBSA systems. This is time consuming, inefficient and
distracting.
Automation was identified as the preferred option for the new TCI feature as it provides a more
organized and synthesized analysis of the data, more quickly than would be available in a non-
automated process, again avoiding reliance on manual searches by officers that can also be
subject to error due to inaccurate input of a travellers biographic information. It will allow BSOs
to focus on higher risk travellers instead of travellers predicted to be highly likely compliant.
Also, it will allow the CBSA to keep the primary processing border wait time service level at the
current rate in the event that forecasted higher volume become reality.
Additionally, using automation will therefore allow the following benefits that would not be
possible without the system:
1. Increasing overall efficiency of traveller processing by ensuring a quicker processing of",0,N,Y,businessDrivers10,Y,86,1.0,
b8a34d1b-d27f-4506-973c-d2ea2f68c623,Original,0.10.0,Y,Impact Questions and Answers,raw,travellers,11,What would be the consequence of not deploying the system?,True,Service will be delivered in a less timely and efficient manner.,0,Y,N,businessDrivers11,Y,87,1.0,
b8a34d1b-d27f-4506-973c-d2ea2f68c623,Original,0.10.0,Y,Impact Questions and Answers,raw,Risk Profile,12,Is the project within an area of intense public scrutiny (e.g. because of privacy concerns) and/or frequent litigation?,False,Yes,3,Y,N,riskProfile1,Y,52,1.0,
b8a34d1b-d27f-4506-973c-d2ea2f68c623,Original,0.10.0,Y,Impact Questions and Answers,raw,Risk Profile,13,Are clients in this line of business particularly vulnerable?,False,Yes,3,Y,N,riskProfile2,Y,53,1.0,
b8a34d1b-d27f-4506-973c-d2ea2f68c623,Original,0.10.0,Y,Impact Questions and Answers,raw,Risk Profile,14,Are stakes of the decisions very high?,False,No,0,Y,N,riskProfile3,Y,54,1.0,
b8a34d1b-d27f-4506-973c-d2ea2f68c623,Original,0.10.0,Y,Impact Questions and Answers,raw,Risk Profile,15,"Will this project have major impacts on staff, either in terms of their numbers or their roles?",False,No,0,Y,N,riskProfile4,Y,55,1.0,
b8a34d1b-d27f-4506-973c-d2ea2f68c623,Original,0.10.0,Y,Impact Questions and Answers,raw,Risk Profile,16,Will the use of the system create or exacerbate barriers for persons with disabilities?,True,No,0,Y,N,riskProfile5,Y,89,1.0,
b8a34d1b-d27f-4506-973c-d2ea2f68c623,Original,0.10.0,Y,Impact Questions and Answers,raw,Project Authority,17,Will you require new policy authority for this project?,True,No,0,Y,N,projectAuthority1,Y,56,1.0,
b8a34d1b-d27f-4506-973c-d2ea2f68c623,Original,0.10.0,Y,Impact Questions and Answers,raw,About the Algorithm,18,The algorithm used will be a (trade) secret,False,Yes,3,Y,N,aboutAlgorithm1,Y,57,1.0,
b8a34d1b-d27f-4506-973c-d2ea2f68c623,Original,0.10.0,Y,Impact Questions and Answers,raw,About the Algorithm,19,The algorithmic process will be difficult to interpret or to explain,True,No,0,Y,N,aboutAlgorithm2,Y,58,1.0,
b8a34d1b-d27f-4506-973c-d2ea2f68c623,Original,0.10.0,Y,Impact Questions and Answers,raw,About the Decision,20,Please describe the decision(s) that will be automated.,False,"The TCI outputs are not a decision. Rather they are indicators that may be used in the decision-
making process by an officer to release a traveller or to continue the examination, such as with a
referral for continued examination in secondary.",0,N,Y,decisionSector3,Y,91,1.0,
b8a34d1b-d27f-4506-973c-d2ea2f68c623,Original,0.10.0,Y,Impact Questions and Answers,raw,About the Decision,21,Does the decision pertain to any of the categories below (check all that apply):,True,"Access and mobility (security clearances, border crossings)",1,Y,N,decisionSector1,Y,11,1.0,
b8a34d1b-d27f-4506-973c-d2ea2f68c623,Original,0.10.0,Y,Impact Questions and Answers,raw,Impact Assessment,22,Which of the following best describes the type of automation you are planning?,False,"Partial automation (the system will contribute to administrative decision- making by supporting
an officer through assessments, recommendations,
intermediate decisions, or other outputs).",2,Y,N,impact30,Y,92,1.0,
b8a34d1b-d27f-4506-973c-d2ea2f68c623,Original,0.10.0,Y,Impact Questions and Answers,raw,Impact Assessment,23,Please describe the role of the system in the decision-making process.,False,"TCI will provide a predicted compliance indicator for each traveller based on an algorithmic
assessment. The TCI outputs leverage historical data in CBSA systems and provide additional
information to BSOs to support final decision on whether to release a traveller for entry to
Canada or refer the traveller for secondary examination.
Again, it is to be noted that the system is not making any decisions on its own but is an
additional tool provided to BSO to aid in their decision-making. The final decision to release or
refer a traveller to secondary will always be made by the BSO, as is the case today, and is based
on a multitude of factors, including the BSOs interview of the traveller.",0,N,Y,impact31,Y,93,1.0,
b8a34d1b-d27f-4506-973c-d2ea2f68c623,Original,0.10.0,Y,Impact Questions and Answers,raw,Impact Assessment,24,Will the system be making decisions or assessments that require judgement or discretion?,False,Yes,4,Y,N,impact3,Y,47,1.0,
b8a34d1b-d27f-4506-973c-d2ea2f68c623,Original,0.10.0,Y,Impact Questions and Answers,raw,Impact Assessment,25,Please describe the criteria used to evaluate client data and the operations applied to process it.,False,"The initial phases of the TCI project included a lengthy qualitative assessment of all data being
proposed as necessary to the training of the TCI models. This included an assessment of the
quality and completion of the data, and assessments from the front-line stand of its relative
importance in the operational setting (i.e., how the front-line staff view the utility of such data).
During this initial period, the project team, data scientist and groups of BSOs were tightly
integrated in order to collaboratively identify data features captured in the CBSA’s source
systems, and others that could be derived from the source data, that could be of use in
identifying compliant behaviour.
In order to action these insights and create the dataset to be used for model training, a record
linkage process was needed to link CBSA transaction records to the resulting enforcement
records. This process was scrutinized in detail to ensure the accuracy of the linkages and will
continue to be monitored as the CBSA modernizes its identity resolution capabilities. This
analysis will ensure that accurate traveller histories can be established, and that any patterns and
trends derived from such data accurately reflect reality.
With the collected and linked data, the TCI models could be trained and analyzed for
performance against various metrics that aim to establish the accuracy of their performance and
their performance across sociodemographic groupings in order mitigate against bias. For
example, these metrics include:
The percentage of passages receiving the indicator.
The percentage of passages that have been examined and found to be compliant who
received the indicator.
The percentage of passages for which a customs enforcement action was issued that
received the indicator.
Dashboards and pipelines have been created as part of the project’s IT infrastructure to be
monitored in near real-time in order to assure that TCI is functioning as expected, thus ensuring
that any implementation or data related problems will be rapidly detected and addressed.",0,N,Y,impact20,Y,94,1.0,
b8a34d1b-d27f-4506-973c-d2ea2f68c623,Original,0.10.0,Y,Impact Questions and Answers,raw,Impact Assessment,26,Please describe the output produced by the system and any relevant information needed to interpret it in the context of the administrative decision.,False,"The TCI algorithm can produce an output that BSOs can consider in the context of making
their administrative decisions. The system can display an indicator when the model predicts that
the current traveller matches a compliance pattern. This means that the traveller matches to one
of the “lower-risk” patterns, accordingly, the TCI output would generate a indicator and if the
score is higher than the threshold value, then it does not display a indicator. This means that a
traveller’s predicted compliance is “not known” or below the threshold value.
At the time, TCI functionality is deployed to view on screen as a part of the OE project, the TCI
assessment will be triggered by the Primary passport scan, license plate scan or Advance
Declaration submissions. This may help focus BSOs questions when making their decision to
Release or refer the traveller to secondary examination. Training for BSOs is being discussed in
working groups and training materials will be provided before deployment.",0,N,Y,impact21,Y,95,1.0,
b8a34d1b-d27f-4506-973c-d2ea2f68c623,Original,0.10.0,Y,Impact Questions and Answers,raw,Impact Assessment,27,Will the system perform an assessment or other operation that would not otherwise be completed by a human?,False,No,0,Y,N,impact22,Y,96,1.0,
b8a34d1b-d27f-4506-973c-d2ea2f68c623,Original,0.10.0,Y,Impact Questions and Answers,raw,Impact Assessment,28,Is the system used by a different part of the organization than the ones who developed it?,False,Yes,4,Y,N,impact5,Y,14,1.0,
b8a34d1b-d27f-4506-973c-d2ea2f68c623,Original,0.10.0,Y,Impact Questions and Answers,raw,Impact Assessment,29,Are the impacts resulting from the decision reversible?,False,Reversible,1,Y,N,impact6,Y,15,1.0,
b8a34d1b-d27f-4506-973c-d2ea2f68c623,Original,0.10.0,Y,Impact Questions and Answers,raw,Impact Assessment,30,How long will impacts from the decision last?,False,Impacts are most likely to be brief,1,Y,N,impact7,Y,16,1.0,
b8a34d1b-d27f-4506-973c-d2ea2f68c623,Original,0.10.0,Y,Impact Questions and Answers,raw,Impact Assessment,31,Please describe why the impacts resulting from the decision are as per selected option above.,False,"The TCI will provide more information to BSOs to assist them in identifying travellers with
passage characteristics that are consistent with compliant trends. Although testing has
demonstrated that TCI output predictions are correct 99 percent of the time, there is a slight
chance that the compliance prediction is inaccurate. In all cases, BSOs make decisions based on
an examination, visual indicators and the information made available to them when matching the
traveller’s identification to their entry records. The BSO could refer a traveller to secondary or
release a traveller regardless of the TCI result. If a traveller is referred, the typical time spent in
secondary is dependent on multiple factors including the type of exam. While statistics are
collected to determine the time that passes between the time the traveller is referred to
secondary from primary and the time of completion of the secondary examination, it may not be
reflective of the actual exam time as this is dependent on when the officer actually updates the
secondary examination system to reflect the examination status as closed.
Releasing travellers that were non-compliant and should have been referred to secondary
examination could have a negative impact on national security, economic interests and health and
safety. However, it should be noted this will only be decreasing those risks as it will be providing
an additional tool to BSOs to make more informed decisions. Furthermore, referral results will
continue to be used to refine the models. TCI outputs are kept for the sole purposes of system
analysis and are not used when calculating subsequent passages by the same traveller.",0,N,Y,impact8,Y,17,1.0,
b8a34d1b-d27f-4506-973c-d2ea2f68c623,Original,0.10.0,Y,Impact Questions and Answers,raw,Impact Assessment,32,The impacts that the decision will have on the rights or freedoms of individuals will likely be:,False,Little to no impact,1,Y,N,impact9,Y,18,1.0,
b8a34d1b-d27f-4506-973c-d2ea2f68c623,Original,0.10.0,Y,Impact Questions and Answers,raw,Impact Assessment,33,Please describe why the impacts resulting from the decision are as per selected option above.,False,"The TCI system should have little to no impact on the rights or freedoms of travellers as the TCI
only provides compliance-related predictive information to BSOs derived from existing data
already held in passage history and ICES. As previously reiterated, the TCI system does not
make any decisions and represents additional information provided to BSOs to assist them with
their decision-making process. The final decision and direction given to a traveller for entry to
Canada or for referral to secondary examination will always be made by the BSO not the TCI
system.
Despite the one percent of cases where the TCI output is “incorrect” when predicting whether
a traveller is highly likely to be compliant, it is only one element among a multitude of elements
that can be used to support a BSOs decision to refer or release a traveller. BSOs are highly
skilled and trained to detect potential instances of non-compliance during the primary inspection
process therefore will always use these skills and training to support their final decision.",0,N,Y,impact8,Y,17,1.0,
b8a34d1b-d27f-4506-973c-d2ea2f68c623,Original,0.10.0,Y,Impact Questions and Answers,raw,Impact Assessment,34,"The impacts that the decision will have on the equality, dignity, privacy, and autonomy of individuals will likely be:",False,Little to no impact,1,Y,N,impact24,Y,69,1.0,
b8a34d1b-d27f-4506-973c-d2ea2f68c623,Original,0.10.0,Y,Impact Questions and Answers,raw,Impact Assessment,35,Please describe why the impacts resulting from the decision are as per selected option above.,False,"The TCI system should have little to no impact on equality, dignity or privacy of travellers as the TCI
only provides compliance-level information to BSOs based on the data already included in other
systems. However, since data is used in new ways, travellers may not understand how the
information is treated and how it may impact processing when arriving in Canada. In this regard,
the system will gather information derived from Passage History and ICES, modify it, which will in
turn will provide a compliance score for each traveller based on an algorithmic assessment. This
information will provide additional information to the BSO to make their decision and will be
used to expedite the process at the borders. With this data, the BSOs will be able to make more
informed decisions in a reduced period of time. If the system was not at the disposition of the
BSOs, they would still be able to perform an analysis based on all the data they currently have
access to.
As previously stated, the TCI system does not make any decisions and represents additional
information provided to BSOs to assist them with their decision-making process. The final
decision and direction given to a traveller for entry to Canada or for referral to secondary
examination will always be made by the BSO not the TCI system.
Additional assessments (Privacy Impact Assessment & GBA Plus Assessment) have been
completed to ensure all factors related to privacy, equality and dignity of individuals are taken into
consideration and therefore this is why the impact should be minimal.",0,N,Y,impact8,Y,17,1.0,
b8a34d1b-d27f-4506-973c-d2ea2f68c623,Original,0.10.0,Y,Impact Questions and Answers,raw,Impact Assessment,36,The impacts that the decision will have on the health and well-being of individuals will likely be:,False,Little to no impact,1,Y,N,impact11,Y,69,1.0,
b8a34d1b-d27f-4506-973c-d2ea2f68c623,Original,0.10.0,Y,Impact Questions and Answers,raw,Impact Assessment,37,Please describe why the impacts resulting from the decision are as per selected option above.,False,"The TCI system should have little to no impact on health and well-being of travellers as the
TCI only provides additional information to BSOs to consider, derived from data already
available in other systems.
As previously stated, the TCI system does not make any decisions and represents additional
information provided to BSOs to assist them with their decision-making process. The final
decision and direction given to a traveller for entry to Canada or for referral to secondary
examination will always be made by the BSO not the TCI system.
Additionally, the tool will be tested quarterly in the backend systems before it is available and
used in real-time. This will also contribute to supporting the tool's accuracy and ensuring BSOs
know how to use it to support travellers best interests in regards to health and well-being.",0,N,Y,impact8,Y,17,1.0,
b8a34d1b-d27f-4506-973c-d2ea2f68c623,Original,0.10.0,Y,Impact Questions and Answers,raw,Impact Assessment,38,The impacts that the decision will have on the economic interests of individuals will likely be:,False,Little to no impact,1,Y,N,impact13,Y,69,1.0,
b8a34d1b-d27f-4506-973c-d2ea2f68c623,Original,0.10.0,Y,Impact Questions and Answers,raw,Impact Assessment,39,Please describe why the impacts resulting from the decision are as per selected option above.,False,"The TCI system should have little to no impact on economic interests as the
TCI only provides compliance-related information to BSOs based on the data derived from
other systems. BSOs will still perform an analysis of all the information available and the final
decision to release or refer will be at their discretion.
In regard to the economic interests of individuals, the system could be favourable. As the
processing times are expected to be reduced by the introduction of the TCI, it will expedite the
process for travellers while improving the likelihood of crossing the borders without any
unnecessary delays. Better processing times would contribute to seamless processes reducing
unnecessary delays that should have a positive impact on other travel arrangements. Additionally,
increased efficiencies in border processing will better prepare the CBSA to manage higher travel
volumes without necessitating a relative increase in BSOs. This is why the impact should be
minimal and will support travellers best interests in regards to economic interests.
As previously stated, the TCI system does not make any decisions and represents additional
information provided to BSOs to assist them with their decision-making process. The final
decision and direction given to a traveller for entry to Canada or for referral to secondary
examination will always be made by the BSO not the TCI system.",0,N,Y,impact8,Y,17,1.0,
b8a34d1b-d27f-4506-973c-d2ea2f68c623,Original,0.10.0,Y,Impact Questions and Answers,raw,Impact Assessment,40,"The impacts that the decision will have on the ongoing sustainability of an environmental ecosystem, will likely be:",False,Little to no impact,1,Y,N,impact15,Y,19,1.0,
b8a34d1b-d27f-4506-973c-d2ea2f68c623,Original,0.10.0,Y,Impact Questions and Answers,raw,Impact Assessment,41,Please describe why the impacts resulting from the decision are as per selected option above.,True,"As the system is data driven, it does not have a significant impact on ongoing sustainability of an
environmental ecosystem. The system has little to no impact on environmental ecosystem as it is
operational in a digital environment, however, reducing border wait times could have a very
small impact on fuel emissions and therefore the environment.",0,N,Y,impact8,Y,17,1.0,
b8a34d1b-d27f-4506-973c-d2ea2f68c623,Original,0.10.0,Y,Impact Questions and Answers,raw,About the Data - A. Data Source,42,Will the Automated Decision System use personal information as input data?,False,No,4,Y,N,aboutDataSource1,Y,20,1.0,
b8a34d1b-d27f-4506-973c-d2ea2f68c623,Original,0.10.0,Y,Impact Questions and Answers,raw,About the Data - A. Data Source,43,Have you verified that the use of personal information is limited to only what is directly related to delivering a program or service?,False,Yes,0,Y,N,aboutDataSource9,N,73,1.0,"{aboutDataSource1} = ""item1-4"""
b8a34d1b-d27f-4506-973c-d2ea2f68c623,Original,0.10.0,Y,Impact Questions and Answers,raw,About the Data - A. Data Source,44,Is the personal information of individuals being used in a decision-making process that directly affects those individuals?,False,Yes,0,Y,N,aboutDataSource10,N,74,1.0,"{aboutDataSource1} = ""item1-4"""
b8a34d1b-d27f-4506-973c-d2ea2f68c623,Original,0.10.0,Y,Impact Questions and Answers,raw,About the Data - A. Data Source,45,Have you verified if the system is using personal information in a way that is consistent with: (a) the current Personal Information Banks (PIBs) and Privacy Impact Assessments (PIAs) of your programs or (b) planned or implemented modifications to the PIBs or PIAs that take new uses and processes into account?,False,Yes,0,Y,N,aboutDataSource11,N,75,1.0,"{aboutDataSource1} = ""item1-4"""
b8a34d1b-d27f-4506-973c-d2ea2f68c623,Original,0.10.0,Y,Impact Questions and Answers,raw,About the Data - A. Data Source,46,Please list relevant PIB Bank Numbers.,False,ICES PIB CBSA PPU 016 and Passage History PIB CBSA PPU 1101,0,N,Y,aboutDataSource12,Y,98,1.0,
b8a34d1b-d27f-4506-973c-d2ea2f68c623,Original,0.10.0,Y,Impact Questions and Answers,raw,About the Data - A. Data Source,47,What is the highest security classification of the input data used by the system? (Select one),False,Protected B,3,Y,N,aboutDataSource2,Y,21,1.0,
b8a34d1b-d27f-4506-973c-d2ea2f68c623,Original,0.10.0,Y,Impact Questions and Answers,raw,About the Data - A. Data Source,48,Who controls the data?,False,Federal government,1,Y,N,aboutDataSource3,Y,22,1.0,
b8a34d1b-d27f-4506-973c-d2ea2f68c623,Original,0.10.0,Y,Impact Questions and Answers,raw,About the Data - A. Data Source,49,Will the system use data from multiple different sources?,False,Yes,4,Y,N,aboutDataSource4,Y,23,1.0,
b8a34d1b-d27f-4506-973c-d2ea2f68c623,Original,0.10.0,Y,Impact Questions and Answers,raw,About the Data - A. Data Source,50,Will the system require input data from an Internet- or telephony-connected device? (e.g.,False,"Internet of Things, sensor)
No",0,Y,N,aboutDataSource5,Y,24,0.867,
b8a34d1b-d27f-4506-973c-d2ea2f68c623,Original,0.10.0,Y,Impact Questions and Answers,raw,About the Data - A. Data Source,51,Will the system interface with other IT systems?,False,Yes,4,Y,N,aboutDataSource6,Y,25,1.0,
b8a34d1b-d27f-4506-973c-d2ea2f68c623,Original,0.10.0,Y,Impact Questions and Answers,raw,About the Data - A. Data Source,52,Who collected the data used for training the system?,False,Your institution,1,Y,N,aboutDataSource7,Y,26,1.0,
b8a34d1b-d27f-4506-973c-d2ea2f68c623,Original,0.10.0,Y,Impact Questions and Answers,raw,About the Data - A. Data Source,53,Who collected the input data used by the system?,False,Your institution,1,Y,N,aboutDataSource8,Y,26,1.0,
b8a34d1b-d27f-4506-973c-d2ea2f68c623,Original,0.10.0,Y,Impact Questions and Answers,raw,About the Data - A. Data Source,54,"Please describe the input data collected and used by the system, its source, and method of collection.",True,"The TCI algorithm uses live data from the current passage (such as
whether the traveller is travelling alone, the type of ID they have presented, the
license plate of the vehicle, etc.) and data from travellers previous trips (i.e.",0,N,Y,aboutDataSource13,Y,99,1.0,
b8a34d1b-d27f-4506-973c-d2ea2f68c623,Original,0.10.0,Y,Impact Questions and Answers,raw,About the Data - B. Type of Data,55,Will the system require the analysis of unstructured data to render a recommendation or a decision?,False,No,0,Y,N,aboutDataType1,Y,27,1.0,
b8a34d1b-d27f-4506-973c-d2ea2f68c623,Original,0.10.0,Y,Mitigation Questions and Answers,mitigation,Consultations,1,"Internal Stakeholders (federal institutions, including the federal public service)",False,Yes,1,Y,N,consultationDesign1,Y,61,1.0,
b8a34d1b-d27f-4506-973c-d2ea2f68c623,Original,0.10.0,Y,Mitigation Questions and Answers,mitigation,Consultations,2,Which Internal Stakeholders will you be engaging?,True,Communications services,0,N,Y,consultationDesign2,Y,62,1.0,
b8a34d1b-d27f-4506-973c-d2ea2f68c623,Original,0.10.0,Y,Mitigation Questions and Answers,mitigation,TBS Office of the Chief Information Officer,3,Please describe (Continued) GBA Plus Indigenous Affairs Secretariat Border Services Officers/Superintendents,False,,0,N,Y,,Y,,0.428,
b8a34d1b-d27f-4506-973c-d2ea2f68c623,Original,0.10.0,Y,Mitigation Questions and Answers,mitigation,TBS Office of the Chief Information Officer,4,External Stakeholders (groups in other sectors or jurisdictions),False,Yes,1,Y,N,consultationDesign3,Y,63,1.0,
b8a34d1b-d27f-4506-973c-d2ea2f68c623,Original,0.10.0,Y,Mitigation Questions and Answers,mitigation,TBS Office of the Chief Information Officer,5,Which External Stakeholders will you be engaging?,True,Governments in other Jurisdictions,0,N,Y,consultationDesign4,Y,64,1.0,
b8a34d1b-d27f-4506-973c-d2ea2f68c623,Original,0.10.0,Y,Mitigation Questions and Answers,mitigation,De-Risking and Mitigation Measures - Data Quality,6,"Will you have documented processes in place to test datasets against biases and other unexpected outcomes? This could include experience in applying frameworks, methods, guidelines or other assessment tools.",False,Yes,2,Y,N,dataQualityDesign1,Y,65,1.0,
b8a34d1b-d27f-4506-973c-d2ea2f68c623,Original,0.10.0,Y,Mitigation Questions and Answers,mitigation,De-Risking and Mitigation Measures - Data Quality,7,Will you be making this information publicly available?,False,No,0,Y,N,dataQualityDesign2,Y,70,1.0,
b8a34d1b-d27f-4506-973c-d2ea2f68c623,Original,0.10.0,Y,Mitigation Questions and Answers,mitigation,De-Risking and Mitigation Measures - Data Quality,8,Will you be developing a process to document how data quality issues were resolved during the design process?,False,Yes,1,Y,N,dataQualityDesign3,Y,30,1.0,
b8a34d1b-d27f-4506-973c-d2ea2f68c623,Original,0.10.0,Y,Mitigation Questions and Answers,mitigation,De-Risking and Mitigation Measures - Data Quality,9,Will you be making this information publicly available?,False,No,0,Y,N,dataQualityDesign2,Y,70,1.0,
b8a34d1b-d27f-4506-973c-d2ea2f68c623,Original,0.10.0,Y,Mitigation Questions and Answers,mitigation,De-Risking and Mitigation Measures - Data Quality,10,Will you undertake a Gender Based Analysis Plus of the data?,False,Yes,1,Y,N,dataQualityDesign5,Y,31,1.0,
b8a34d1b-d27f-4506-973c-d2ea2f68c623,Original,0.10.0,Y,Mitigation Questions and Answers,mitigation,De-Risking and Mitigation Measures - Data Quality,11,Will you be making this information publicly available?,False,No,0,Y,N,dataQualityDesign2,Y,70,1.0,
b8a34d1b-d27f-4506-973c-d2ea2f68c623,Original,0.10.0,Y,Mitigation Questions and Answers,mitigation,De-Risking and Mitigation Measures - Data Quality,12,"Have you assigned accountability in your institution for the design, development, maintenance, and improvement of the system?",False,Yes,2,Y,N,dataQualityDesign7,Y,32,1.0,
b8a34d1b-d27f-4506-973c-d2ea2f68c623,Original,0.10.0,Y,Mitigation Questions and Answers,mitigation,De-Risking and Mitigation Measures - Data Quality,13,Will you have a documented process to manage the risk that outdated or unreliable data is used to make an automated decision?,False,Yes,2,Y,N,dataQualityDesign8,Y,33,1.0,
b8a34d1b-d27f-4506-973c-d2ea2f68c623,Original,0.10.0,Y,Mitigation Questions and Answers,mitigation,De-Risking and Mitigation Measures - Data Quality,14,Will you be making this information publicly available?,False,No,0,Y,N,dataQualityDesign2,Y,70,1.0,
b8a34d1b-d27f-4506-973c-d2ea2f68c623,Original,0.10.0,Y,Mitigation Questions and Answers,mitigation,De-Risking and Mitigation Measures - Data Quality,15,Will the data used for this system be posted on the Open Government Portal?,True,No,0,Y,N,dataQualityDesign10,Y,34,1.0,
b8a34d1b-d27f-4506-973c-d2ea2f68c623,Original,0.10.0,Y,Mitigation Questions and Answers,mitigation,Fairness,16,Will the audit trail identify the authority or delegated authority identified in legislation?,False,Yes,1,Y,N,fairnessDesign1,Y,68,1.0,
b8a34d1b-d27f-4506-973c-d2ea2f68c623,Original,0.10.0,Y,Mitigation Questions and Answers,mitigation,Fairness,17,Will the system provide an audit trail that records all the recommendations or decisions made by the system?,False,Yes,2,Y,N,fairnessDesign2,Y,36,1.0,
b8a34d1b-d27f-4506-973c-d2ea2f68c623,Original,0.10.0,Y,Mitigation Questions and Answers,mitigation,Fairness,18,Will all key decision points be identifiable in the audit trail?,False,Yes,2,Y,N,fairnessDesign3,Y,37,1.0,
b8a34d1b-d27f-4506-973c-d2ea2f68c623,Original,0.10.0,Y,Mitigation Questions and Answers,mitigation,Fairness,19,"Will all key decision points within the automated system's logic be linked to the relevant legislation, policy or procedure?",False,Yes,1,Y,N,fairnessDesign4,Y,38,1.0,
b8a34d1b-d27f-4506-973c-d2ea2f68c623,Original,0.10.0,Y,Mitigation Questions and Answers,mitigation,Fairness,20,Will you maintain a log detailing all of the changes made to the model and the system?,False,Yes,2,Y,N,fairnessDesign5,Y,39,1.0,
b8a34d1b-d27f-4506-973c-d2ea2f68c623,Original,0.10.0,Y,Mitigation Questions and Answers,mitigation,Fairness,21,Will the audit trail clearly set out all decision points made by the system?,False,Yes,1,Y,N,fairnessDesign6,Y,40,1.0,
b8a34d1b-d27f-4506-973c-d2ea2f68c623,Original,0.10.0,Y,Mitigation Questions and Answers,mitigation,Fairness,22,Could the audit trail generated by the system be used to help generate a notification of the decision (including a statement of reasons or other notification) where required?,False,Yes,1,Y,N,fairnessDesign7,Y,41,1.0,
b8a34d1b-d27f-4506-973c-d2ea2f68c623,Original,0.10.0,Y,Mitigation Questions and Answers,mitigation,Fairness,23,Will the audit trail identify precisely which version of the system was used for each decision it supports?,False,Yes,2,Y,N,fairnessDesign8,Y,42,1.0,
b8a34d1b-d27f-4506-973c-d2ea2f68c623,Original,0.10.0,Y,Mitigation Questions and Answers,mitigation,Fairness,24,Will the audit trail show who the authorized decision-maker is?,False,Yes,1,Y,N,fairnessDesign9,Y,43,1.0,
b8a34d1b-d27f-4506-973c-d2ea2f68c623,Original,0.10.0,Y,Mitigation Questions and Answers,mitigation,Fairness,25,Will the system be able to produce reasons for its decisions or recommendations when required?,False,Yes,2,Y,N,fairnessDesign10,Y,44,1.0,
b8a34d1b-d27f-4506-973c-d2ea2f68c623,Original,0.10.0,Y,Mitigation Questions and Answers,mitigation,Fairness,26,"Will there be a process in place to grant, monitor, and revoke access permission to the system?",False,Yes,1,Y,N,fairnessDesign11,Y,45,1.0,
b8a34d1b-d27f-4506-973c-d2ea2f68c623,Original,0.10.0,Y,Mitigation Questions and Answers,mitigation,Fairness,27,Will there be a mechanism to capture feedback by users of the system?,False,Yes,1,Y,N,fairnessDesign12,Y,46,1.0,
b8a34d1b-d27f-4506-973c-d2ea2f68c623,Original,0.10.0,Y,Mitigation Questions and Answers,mitigation,Fairness,28,Will there be a recourse process planned or established for clients that wish to challenge the decision?,False,No,0,Y,N,fairnessDesign13,Y,42,1.0,
b8a34d1b-d27f-4506-973c-d2ea2f68c623,Original,0.10.0,Y,Mitigation Questions and Answers,mitigation,Fairness,29,Will the system enable human override of system decisions?,False,Yes,0,Y,N,fairnessDesign14,Y,43,1.0,
b8a34d1b-d27f-4506-973c-d2ea2f68c623,Original,0.10.0,Y,Mitigation Questions and Answers,mitigation,Fairness,30,Will there be a process in place to log the instances when overrides were performed?,False,Yes,0,Y,N,fairnessDesign15,Y,44,1.0,
b8a34d1b-d27f-4506-973c-d2ea2f68c623,Original,0.10.0,Y,Mitigation Questions and Answers,mitigation,Fairness,31,Will the audit trail include change control processes to record modifications to the system's operation or performance?,False,Yes,2,Y,N,fairnessDesign16,Y,45,1.0,
b8a34d1b-d27f-4506-973c-d2ea2f68c623,Original,0.10.0,Y,Mitigation Questions and Answers,mitigation,Fairness,32,Will you be preparing a concept case to the Government of Canada Enterprise Architecture Review Board?,True,Yes,1,Y,N,fairnessDesign17,Y,46,1.0,
b8a34d1b-d27f-4506-973c-d2ea2f68c623,Original,0.10.0,Y,Mitigation Questions and Answers,mitigation,De-Risking and Mitigation Measures - Privacy,33,"If your system uses or creates personal information, will you undertake or have you undertaken a Privacy Impact Assessment, or updated an existing one?",False,Yes,1,Y,N,privacyDesign1,Y,71,1.0,
b8a34d1b-d27f-4506-973c-d2ea2f68c623,Original,0.10.0,Y,Mitigation Questions and Answers,mitigation,De-Risking and Mitigation Measures - Privacy,34,Please indicate the following in your answer: Title and scope of the Privacy Impact Assessment; How the automation project fits into the program; and Date of Privacy Impact Assessment completion or modification.,False,"The CBSA has committed to submitting the Traveller Facilitation and Compliance Program Baseline Privacy
Impact Assessment (PIA) to the Office of the Privacy Commissioner and Treasure Board before
implementation of the OE project. The PIA for Release 1 of Phase 1of the OE project is forecast for
submission August, 2026. A Privacy Protocol Assessment for the Traveller Compliance Indicator
Proof of Concept was also completed in 2019.
The automation project fits into the program because it provides improved access to
information derived from existing data collected by CBSA to BSOs working in the primary and
secondary inspection areas and is expected to provide the likelihood of compliance of travellers. The
CBSA will benefit by the improved access to information through improved release/refer decision
making, especially in the case of travellers identified as having passage characteristics that are
consistent with compliant trends.",0,N,Y,privacyDesign5,Y,100,1.0,
b8a34d1b-d27f-4506-973c-d2ea2f68c623,Original,0.10.0,Y,Mitigation Questions and Answers,mitigation,De-Risking and Mitigation Measures - Privacy,35,Will you design and build security and privacy into your systems from the concept stage of the project?,False,Yes,1,Y,N,privacyDesign2,Y,72,1.0,
b8a34d1b-d27f-4506-973c-d2ea2f68c623,Original,0.10.0,Y,Mitigation Questions and Answers,mitigation,De-Risking and Mitigation Measures - Privacy,36,"Will information be used within a closed system (i.e. no connections to the Internet, Intranet or any other system)?",False,No,0,Y,N,privacyDesign3,Y,77,1.0,
b8a34d1b-d27f-4506-973c-d2ea2f68c623,Original,0.10.0,Y,Mitigation Questions and Answers,mitigation,De-Risking and Mitigation Measures - Privacy,37,"If the sharing of personal information is involved, has an agreement or arrangement with appropriate safeguards been established?",False,No,0,Y,N,privacyDesign4,Y,78,1.0,
b8a34d1b-d27f-4506-973c-d2ea2f68c623,Original,0.10.0,Y,Mitigation Questions and Answers,mitigation,De-Risking and Mitigation Measures - Privacy,38,Will you de-identify any personal information used or created by the system at any point in the lifecycle?,False,"Yes
All personal information is anonymized before training the TCI models. All personal information is
anonymized before scoring a passage. No names, no date of births, no passport IDs and no other personal
identifiers are used for scoring/training. These fields are all purged before scoring/training. Only features
are used (e.g., number of passages, origin, age group, etc.",0,Y,N,privacyDesign7,Y,102,1.0,
c839bedc-0d5f-4b02-98a7-671d1f60ac51,Original,1.0.1,Y,Project Details,none,,1,Published AIA version number 1.0,False,,0,N,Y,projectAIAnumber,Y,104,0.933,
c839bedc-0d5f-4b02-98a7-671d1f60ac51,Original,1.0.1,Y,Project Details,none,,2,Name of Respondent Shawn MacDougall,False,,0,N,Y,,Y,,0.679,
c839bedc-0d5f-4b02-98a7-671d1f60ac51,Original,1.0.1,Y,Project Details,none,,3,"Job Title Senior Director, Disability Beneﬁts Program Management",False,,0,N,Y,,Y,,0.409,
c839bedc-0d5f-4b02-98a7-671d1f60ac51,Original,1.0.1,Y,Project Details,none,,4,Name of ADM responsible for the program using the automated decision system Steven Harris,False,,0,N,Y,ADMresponsible,Y,105,0.915,
c839bedc-0d5f-4b02-98a7-671d1f60ac51,Original,1.0.1,Y,Project Details,none,,5,Department Veterans Affairs (Department of),False,,0,N,Y,,Y,,0.598,
c839bedc-0d5f-4b02-98a7-671d1f60ac51,Original,1.0.1,Y,Project Details,none,,6,Branch Service Delivery Branch,False,,0,N,Y,,Y,,0.45,
c839bedc-0d5f-4b02-98a7-671d1f60ac51,Original,1.0.1,Y,Project Details,none,,7,"Teams consulted on completion of the Algorithmic Impact Assessment Veterans Affairs Canada AI and Automation Development Team, Enterprise Architecture Team, Disability Beneﬁts Program Management, Treasury Board of Canada Secretariat Privacy and Responsible Data Division, Immigration, Refugees and Citizenship Canada, Justice Canada",False,,0,N,Y,,Y,,0.336,
c839bedc-0d5f-4b02-98a7-671d1f60ac51,Original,1.0.1,Y,Project Details,none,,8,Project Title Claim Summary Tool,False,,0,N,Y,,Y,,0.578,
c839bedc-0d5f-4b02-98a7-671d1f60ac51,Original,1.0.1,Y,Project Details,none,,9,Project ID from IT Plan PRJ-00013860,False,,0,N,Y,,Y,,0.78,
c839bedc-0d5f-4b02-98a7-671d1f60ac51,Original,1.0.1,Y,Project Details,none,,10,Service ID 1257,False,,0,N,Y,ServiceID,Y,107,0.8,
c839bedc-0d5f-4b02-98a7-671d1f60ac51,Original,1.0.1,Y,Project Details,none,,11,Departmental Program (from Departmental Results Framework) Disability Beneﬁts,False,,0,N,Y,projectDetailsProgram,Y,50,0.848,
c839bedc-0d5f-4b02-98a7-671d1f60ac51,Original,1.0.1,Y,Project Details,none,,12,Project Phase,False,Implementation,0,Y,N,projectDetailsPhase,Y,51,1.0,
c839bedc-0d5f-4b02-98a7-671d1f60ac51,Original,1.0.1,Y,Project Details,none,,13,Provide a project description:,True,"Veterans Affairs Canada is introducing a new artiﬁcial intelligence (AI) Claim Summary Tool
(CST) to assist decision makers by reviewing and organizing the large volumes of
documentation associated with Disability Beneﬁt applications.
Processing Disability Beneﬁt applications, such as Disability Pension and Pain and
Suffering Compensation, is a time-consuming process. The average application, including
supporting documentation such as military records, contains over 800 pages. Veterans
Affairs decision makers review these documents to identify facts related to the claimed
condition. Demand for Disability Beneﬁts has increased signiﬁcantly, with application
volumes rising by 122% over the past decade. Increased volumes and more complex cases
have slowed processing times.
To deliver faster service for Veterans and their families, Veterans Affairs Canada developed
the CST. The CST uses AI to scan application documents, organize content, and highlight
key details so decision makers can locate relevant information more quickly. Each
summary includes direct links to the source documentation to support transparency and
accuracy, and all scanned documentation remains fully searchable by the decision maker.
When the summary provides enough information for a favourable decision, the decision
maker can proceed more quickly. If the summary does not provide enough information for
a favourable decision, the decision maker will review the entire ﬁle manually before
ﬁnalizing the decision. This approach ensures AI is used to speed up processing without
negatively impacting the quality of decisions Veterans receive.
The CST does not make decisions. Every decision is made by trained VAC decision makers
in accordance with legislation, regulations, and policy. The CST provides a structured
summary of evidence and links each element back to the original document for easy
veriﬁcation.
Learn more about Artiﬁcial intelligence at Veterans Affairs Canada.
(Full URL: https://veterans.gc.ca/en/about-vac/our-values/transparency/artiﬁcial-",0,N,Y,projectDetailsDescription,Y,6,1.0,
c839bedc-0d5f-4b02-98a7-671d1f60ac51,Original,1.0.1,Y,Impact Questions and Answers,raw,Reasons for Automation,1,What is motivating your team to introduce automation into this decision-making process?,False,"(Check all that apply)
Improve overall quality of decisions
Perform tasks that humans could not accomplish in a reasonable period of
time
Reduce existing backlog of work or cases
Use innovative approaches
Other (specify)",0,N,Y,businessDrivers1,Y,7,0.891,
c839bedc-0d5f-4b02-98a7-671d1f60ac51,Original,1.0.1,Y,Impact Questions and Answers,raw,Reasons for Automation,2,"Please describe (other) The primary barrier to timely Disability Beneﬁt decisions is the large volume of documentation that must be reviewed. The average application, including supporting documentation such as military records, contains over 800 pages. Veterans Affairs decision makers review these documents to identify facts related to the claimed condition.",False,"As a result, decision makers currently spend signiﬁcant time manually reviewing ﬁles to
locate information related to the claimed condition, such as injury dates or diagnosis
conﬁrmations, before they can begin to make their decision.
The CST is being implemented to address this challenge. The CST scans the application
and supporting documents and assembles the relevant evidence into a structured,
traceable and accurate summary for the decision maker. By automating the most
repetitive and time-intensive aspects of document review, the CST reduces administrative
workload and will help improve turnaround times and service to Veterans without
compromising quality.",0,N,Y,,Y,,0.081,
c839bedc-0d5f-4b02-98a7-671d1f60ac51,Original,1.0.1,Y,Impact Questions and Answers,raw,Reasons for Automation,3,What are the client needs the system will address? Describe how client needs have been identiﬁed.,False,"Clients and client advocacy groups have consistently emphasized the importance of the
Disability Beneﬁt application process meeting the Departmental service standard. Delays
in processing can limit Veterans’ timely access to ﬁnancial support, health services, and
other beneﬁts that may be critical to their well-being. The CST supports improved
timeliness by automating the initial review of applications and supporting documentation,
allowing relevant information to be identiﬁed more quickly for the decision maker.",0,N,Y,businessDrivers3,Y,79,1.0,
c839bedc-0d5f-4b02-98a7-671d1f60ac51,Original,1.0.1,Y,Impact Questions and Answers,raw,Reasons for Automation,4,Describe any positive impacts on clients and Canadian society that the system is expected to have.,False,"The CST is expected to have positive impacts on Veterans by reducing the time required to
process Disability Beneﬁt applications. By reducing manual document review, the CST
supports more efficient decision making and enables Veterans Affairs Canada to meet
service standards more consistently. Timelier decisions can reduce wait times and
uncertainty for Veterans, supporting earlier access to beneﬁts that may contribute to their
health, ﬁnancial stability, and overall well-being.
More broadly, improved Disability Beneﬁts application processing supports a responsive
and sustainable public service, strengthens conﬁdence in government programs, and
helps ensure public resources are used effectively.",0,N,Y,businessDrivers4,Y,80,1.0,
c839bedc-0d5f-4b02-98a7-671d1f60ac51,Original,1.0.1,Y,Impact Questions and Answers,raw,Reasons for Automation,5,How effective will the system likely be in meeting client needs?,False,Very effective,0,Y,N,businessDrivers5,Y,81,1.0,
c839bedc-0d5f-4b02-98a7-671d1f60ac51,Original,1.0.1,Y,Impact Questions and Answers,raw,Reasons for Automation,6,Describe why effectiveness is as selected.,False,"The CST is expected to be very effective in meeting client needs by scanning applications
and supporting documentation and highlighting, assembling, and presenting relevant
evidence in a clear, structured, and traceable format for the decision maker. Each
summary will include links to the source documentation to support transparency and
accuracy, and all of the supporting documentation that was scanned by the CST will
remain searchable by the decision maker. If the summary does not contain sufficient
information for a favourable decision, the decision maker will conduct a comprehensive
manual review of the entire ﬁle to ensure no critical information is overlooked before
making a decision.
Testing indicates that the CST can reduce the number of pages requiring review by more
than 90% and reduce the average time required to review an application and supporting
documentation by approximately 50%. The CST will, therefore, assist decision makers in
meeting the service standard and will reduce turn-around times while maintaining decision
quality.",0,N,Y,businessDrivers5B,Y,108,1.0,
c839bedc-0d5f-4b02-98a7-671d1f60ac51,Original,1.0.1,Y,Impact Questions and Answers,raw,Reasons for Automation,7,Describe how you will ensure that the system is conﬁned to addressing the client needs identiﬁed.,False,"The CST is designed to condense large volumes of material, including the application and
supporting documentation, into concise, structured summaries that highlight information
relevant to the claimed condition in Disability Beneﬁt applications. The CST does not make
decisions. Veterans Affairs Canada has implemented several controls to ensure the CST
remains conﬁned to this deﬁned purpose and continues to align with the client needs
identiﬁed:
Clear and Limited Functionality: The CST is restricted to extracting, organizing, and
presenting factual information from the application and supporting documentation.
Testing, Validation, and Performance Monitoring: Controlled testing, including
double-adjudication of test cases, veriﬁes that summaries are accurate, reliable,
and consistent. Performance metrics such as time savings and reduction in
administrative review burden are monitored to ensure the CST is delivering
efficiency improvements without any expansion of scope.
Mandatory Human Oversight: Decision makers review all CST outputs, validate the
evidence presented, and retain full responsibility for determining eligibility. If the
summary produced by the CST enables a decision maker to reach a favourable
decision, the ﬁle can be processed faster (i.e., without a full manual review of all
documents). If the ﬁle is not approved based on a review of the summary, the
decision maker will review the entire ﬁle manually before ﬁnalizing the decision.
Feedback and Continuous Improvement: User feedback and quality assessments
inform reﬁnements to the summarization process. Enhancements focus solely on
improving accuracy, clarity, and usability.",0,N,Y,businessDrivers7,Y,83,1.0,
c839bedc-0d5f-4b02-98a7-671d1f60ac51,Original,1.0.1,Y,Impact Questions and Answers,raw,Reasons for Automation,8,Describe any trade-offs between client interests and program objectives that you have considered during the design of the project.,True,"The introduction of the CST requires balancing the program objectives of improving
efficiency and reducing processing times with protecting client interests and maintaining
trust in the Disability Beneﬁt adjudication process. While the CST offers signiﬁcant
administrative beneﬁts, there are several potential trade-offs that must be carefully
managed.
One key consideration relates to decision quality and client conﬁdence. There is a risk that
automated summaries may omit or insufficiently describe relevant information, and some
clients or stakeholders may have concerns about the use of AI in the adjudication process.
To address these risks, Veterans Affairs Canada has implemented multiple safeguards.
All summaries must be veriﬁed by a human decision-maker,
Supporting source documents must be reviewed prior to rendering any decision,
Summaries include direct links to source documentation to support transparency",0,N,Y,businessDrivers8,Y,84,1.0,
c839bedc-0d5f-4b02-98a7-671d1f60ac51,Original,1.0.1,Y,Impact Questions and Answers,raw,"and accuracy, and",9,"Describe any improvements, beneﬁts, or advantages your department expects from using an automated system.",False,"VAC’s service standard for Disability Beneﬁts requires that 80% of decisions be rendered
within 16 weeks. In ﬁscal year 2024–2025, compliance with this standard declined from
69% to 47% due to increased program demand. While VAC improved internal efficiency,
application intake exceeded internal efficiency gains. With modernization initiatives,
including the implementation of the CST, VAC will be better positioned to meet service
standards and manage growing intake volumes.
Testing indicates that the CST can reduce the number of pages requiring review by more
than 90% and reduce the average time required to review an application and supporting
documentation by approximately 50%. The CST will, therefore, assist decision makers in
meeting the service standard by improving efficiency, reducing turn-around times and
maintaining decision quality.",0,N,Y,businessDrivers6A,Y,109,1.0,
c839bedc-0d5f-4b02-98a7-671d1f60ac51,Original,1.0.1,Y,Impact Questions and Answers,raw,"and accuracy, and",10,"What are your current program indicators, service standards or performance targets?",False,"The current service standard for the Disability Beneﬁt program is that 80% of Disability
Beneﬁt decisions must be made within 16 weeks for ﬁrst applications.",0,N,Y,businessDrivers6B,Y,110,1.0,
c839bedc-0d5f-4b02-98a7-671d1f60ac51,Original,1.0.1,Y,Impact Questions and Answers,raw,"and accuracy, and",11,"What is your current performance level against these indicators, standards or targets?",False,The performance level for the 2024-2025 ﬁscal year was 47%.,0,N,Y,businessDrivers6C,Y,111,1.0,
c839bedc-0d5f-4b02-98a7-671d1f60ac51,Original,1.0.1,Y,Impact Questions and Answers,raw,"and accuracy, and",12,"How do you expect the system will change performance against your program indicators, service standards or performance targets?",False,"The Department expects that the CST will reduce average processing times for Disability
Beneﬁt applications by automating labour-intensive document review. While it is difficult
to precisely forecast the CST’s impact on overall service standard results given that
application volumes are driven by factors outside the Department’s control, the
productivity gains are expected to increase processing capacity. This will support Veterans
Affairs Canada in meeting service standards and managing growing intake volumes.",0,N,Y,businessDrivers6D,Y,112,1.0,
c839bedc-0d5f-4b02-98a7-671d1f60ac51,Original,1.0.1,Y,Impact Questions and Answers,raw,"and accuracy, and",13,Have alternative non-automated processes been considered?,False,Yes,0,Y,N,businessDrivers9,Y,85,1.0,
c839bedc-0d5f-4b02-98a7-671d1f60ac51,Original,1.0.1,Y,Impact Questions and Answers,raw,"and accuracy, and",14,"If non-automated processes were considered, why was automation identiﬁed as the preferred option?",True,"Partial automation was selected as the preferred option because Disability Beneﬁt
decisions require the review of large volumes of documentation and have direct impacts
on Veterans’ ﬁnancial security, access to health services, and overall well-being. The
average application, including supporting documentation such as military records,
contains over 800 pages that a VAC decision maker reviews before making a decision. Fully
automating the decision making process would not be appropriate given the need for
human judgment, contextual understanding, and accountability in each case. In addition,",0,N,Y,businessDrivers10,Y,86,1.0,
c839bedc-0d5f-4b02-98a7-671d1f60ac51,Original,1.0.1,Y,Impact Questions and Answers,raw,there is no legal authority under the Pension Act or the Veterans,15,What would be the consequence of not deploying the system?,True,"Service quality is not as high
Service delivery cannot achieve performance targets
Service cannot be delivered in a timely or efficient manner",0,N,Y,businessDrivers11,Y,87,1.0,
c839bedc-0d5f-4b02-98a7-671d1f60ac51,Original,1.0.1,Y,Impact Questions and Answers,raw,Risk Proﬁle,16,"Is the project within an area of intense public scrutiny (for example, because of privacy concerns) and/or frequent litigation?",False,Yes,3,Y,N,riskProfile1,Y,52,1.0,
c839bedc-0d5f-4b02-98a7-671d1f60ac51,Original,1.0.1,Y,Impact Questions and Answers,raw,Risk Proﬁle,17,Does the line of business serve equity denied groups?,False,Yes,3,Y,N,riskProfile2,Y,53,1.0,
c839bedc-0d5f-4b02-98a7-671d1f60ac51,Original,1.0.1,Y,Impact Questions and Answers,raw,Risk Proﬁle,18,Indicate which equity denied groups are served and describe your mitigation strategies to prevent adverse impacts for these groups.,False,"Through the application of Gender-Based Analysis Plus (GBA+), Veterans Affairs Canada
considered potential impacts on equity-denied groups, including women, Indigenous
Peoples, persons with disabilities, members of 2SLGBTQI+ communities, and visible
minorities. The CST is designed to support administrative efficiency by summarizing
application materials and does not differentiate treatment based on personal
characteristics. It does not automate decisions, and all determinations remain fully
human-driven.
Decision makers are required to verify summaries against source documents and apply
legislation and policy consistently, which mitigates the risk of adverse or inequitable
outcomes.
The primary population served by the CST is Canadian Armed Forces Veterans applying for
Disability Beneﬁts due to physical or mental health conditions. This population includes a
signiﬁcant proportion of equity-denied groups, including persons with disabilities, women,
Indigenous Veterans, 2SLGBTQI+ Veterans, and visible minorities. In particular, Indigenous
and 2SLGBTQI+ persons are overrepresented in the Veteran population vis-à-vis the
Canadian general population, according to Census 2021 and Canadian Veteran Health
Survey 2022 ﬁgures. Similarly, disabled Veterans are signiﬁcantly overrepresented relative
to the Canadian general population in all age groups analyzed by Statistics Canada (i.e., 17
to 44, 45 to 64, and 65+) in the Canadian Survey of Disability 2022. By reducing the time
required to process Disability Beneﬁt applications, the tool supports more timely access to
ﬁnancial support, health services, and other beneﬁts for all Veterans, including equity-
denied groups.
In addition, improved workload management and processing efficiency are expected to
support more consistent achievement of service standards and reduce application
backlogs. The use of modernized tools such as the CST also enhances the Department’s
ability to monitor service delivery using administrative and demographic data, including
GBA+-informed analysis. Over time, these improvements support equitable access to
beneﬁts and services, particularly for equity-denied Veteran populations whose
representation within the Canadian Armed Forces has increased and is expected to
continue to increase into the future.",0,N,Y,riskProfile2A,Y,113,1.0,
c839bedc-0d5f-4b02-98a7-671d1f60ac51,Original,1.0.1,Y,Impact Questions and Answers,raw,Risk Proﬁle,19,Are there any population groups that the automated decision system should not be applied to?,False,No,0,Y,N,riskProfile3,Y,54,1.0,
c839bedc-0d5f-4b02-98a7-671d1f60ac51,Original,1.0.1,Y,Impact Questions and Answers,raw,Risk Proﬁle,20,"Has the system been assessed to understand whether it would create or exacerbate barriers for persons with disabilities, and are measures in place to address any identiﬁed issues?",False,"Assessment has been conducted, and no barriers were identiﬁed.",0,Y,N,riskProfile4,Y,55,1.0,
c839bedc-0d5f-4b02-98a7-671d1f60ac51,Original,1.0.1,Y,Impact Questions and Answers,raw,Risk Proﬁle,21,"Could the automated decision-system be at heightened risk of being an exploitation target for malicious actors (for example, fraud for ﬁnancial gain)?",False,No,0,Y,N,riskProfile7,Y,116,1.0,
c839bedc-0d5f-4b02-98a7-671d1f60ac51,Original,1.0.1,Y,Impact Questions and Answers,raw,Risk Proﬁle,22,"Have potential issues or harms with the existing service delivery approach been raised by clients or their representatives, the media, audits or parliamentary committees?",False,Yes,1,Y,N,riskProfile8,Y,117,1.0,
c839bedc-0d5f-4b02-98a7-671d1f60ac51,Original,1.0.1,Y,Impact Questions and Answers,raw,Risk Proﬁle,23,"Indicate the issue or harm, the group that raised them, and how these have been addressed.",False,"The current manual service delivery approach for reviewing documentation related to
Disability Beneﬁt applications has been the subject of sustained criticism from Veterans,
their representatives, Veterans’ advocacy organizations, the media, and Parliamentary
committees. These groups have consistently raised concerns about the signiﬁcant harms
associated with the existing process, including excessive wait times for Disability Beneﬁt
decisions that often far exceed established service standards, and a persistent and
growing backlog which has created delays that affect Veterans’ well-being by impacting
their access to ﬁnancial support and health services.
The Department is implementing the CST to reduce labour intensive document review and
improve overall efficiency. This approach is expected to reduce processing times and help
Veterans Affairs Canada meet its service standard of rendering 80% of ﬁrst applications
within 16 weeks without compromising quality.",0,N,Y,riskProfile8A,Y,118,1.0,
c839bedc-0d5f-4b02-98a7-671d1f60ac51,Original,1.0.1,Y,Impact Questions and Answers,raw,Risk Proﬁle,24,Have you submitted a concept case to TBS and presented the project to the Government of Canada Enterprise Architecture Review Board?,True,Yes,0,Y,N,riskProfile10,Y,119,1.0,
c839bedc-0d5f-4b02-98a7-671d1f60ac51,Original,1.0.1,Y,Impact Questions and Answers,raw,Project Authority,25,Will you require new policy or legal authority for this project?,False,No,0,Y,N,projectAuthority1,Y,56,1.0,
c839bedc-0d5f-4b02-98a7-671d1f60ac51,Original,1.0.1,Y,Impact Questions and Answers,raw,Project Authority,26,Indicate why you have chosen the response.,True,"The Department of Veterans Affairs does not require new policy or legal authority to
implement the CST because the CST does not alter Disability Beneﬁt eligibility rules,
decision making authority, adjudication procedures, Veterans’ rights, or recourse
mechanisms.",0,N,Y,projectAuthority2,Y,120,1.0,
c839bedc-0d5f-4b02-98a7-671d1f60ac51,Original,1.0.1,Y,Impact Questions and Answers,raw,About The System,27,Check which of the following capabilities apply to your system.,True,"Text and speech analysis: Analyzing large data sets to recognize, process, and categorize
text, speech and voice, and make recommendations based on the categorization
Process optimization and workﬂow automation: Analyzing large data sets to identify any
anomalies, cluster patterns, predict outcomes or ways to optimize; and automate speciﬁc",0,N,Y,aboutSystem1,Y,9,1.0,
c839bedc-0d5f-4b02-98a7-671d1f60ac51,Original,1.0.1,Y,Impact Questions and Answers,raw,"classiﬁcation, and context associated with an image or object",28,Who developed the system?,False,Your institution,0,Y,N,aboutSystem3,Y,121,1.0,
c839bedc-0d5f-4b02-98a7-671d1f60ac51,Original,1.0.1,Y,Impact Questions and Answers,raw,"classiﬁcation, and context associated with an image or object",29,Who conﬁgured the system?,False,Your institution,0,Y,N,aboutSystem4,Y,123,1.0,
c839bedc-0d5f-4b02-98a7-671d1f60ac51,Original,1.0.1,Y,Impact Questions and Answers,raw,"classiﬁcation, and context associated with an image or object",30,Is the system:,False,Custom built,1,Y,N,aboutSystem5,Y,124,1.0,
c839bedc-0d5f-4b02-98a7-671d1f60ac51,Original,1.0.1,Y,Impact Questions and Answers,raw,"classiﬁcation, and context associated with an image or object",31,"Have you assigned accountability in your institution for the design, development, and maintenance, of the system?",False,Yes,0,Y,N,aboutSystem6,Y,32,1.0,
c839bedc-0d5f-4b02-98a7-671d1f60ac51,Original,1.0.1,Y,Impact Questions and Answers,raw,"classiﬁcation, and context associated with an image or object",32,Is there a group in your institution responsible for identifying and implementing opportunities for improvement?,False,Yes,0,Y,N,aboutSystem7,Y,128,1.0,
c839bedc-0d5f-4b02-98a7-671d1f60ac51,Original,1.0.1,Y,Impact Questions and Answers,raw,"classiﬁcation, and context associated with an image or object",33,"Does your system conform with the appropriate clauses of standard CAN/ASC EN 301549:2024, Accessibility requirements for Information and Communication Technology (ICT) products and services?",False,Yes,0,Y,N,aboutSystem8,Y,129,0.997,
c839bedc-0d5f-4b02-98a7-671d1f60ac51,Original,1.0.1,Y,Impact Questions and Answers,raw,"classiﬁcation, and context associated with an image or object",34,Is a non-automated alternative planned and available in the event the automated decision system was unavailable for an extended period of time?,False,Yes,0,Y,N,aboutSystem9,Y,131,1.0,
c839bedc-0d5f-4b02-98a7-671d1f60ac51,Original,1.0.1,Y,Impact Questions and Answers,raw,"classiﬁcation, and context associated with an image or object",35,"Is there a process in place to grant, monitor, and revoke access permission to the system?",False,Yes,0,Y,N,aboutSystem10A,Y,40,1.0,
c839bedc-0d5f-4b02-98a7-671d1f60ac51,Original,1.0.1,Y,Impact Questions and Answers,raw,"classiﬁcation, and context associated with an image or object",36,"The impacts that the development, operation, and maintenance of the system could have on the ongoing sustainability of an environmental ecosystem, may be:",False,Little to no impact,1,Y,N,aboutSystem11,Y,132,1.0,
c839bedc-0d5f-4b02-98a7-671d1f60ac51,Original,1.0.1,Y,Impact Questions and Answers,raw,"classiﬁcation, and context associated with an image or object",37,"Describe why the impacts resulting from the system's development, operations and maintenance are as selected.",True,"The CST will have little or no impact on the environmental ecosystem because it is used  to
scan Disability Beneﬁt applications and supporting documentation, and to assemble
relevant evidence into a structured, traceable, and accurate summary for the decision
maker.",0,N,Y,aboutSystem12,Y,133,1.0,
c839bedc-0d5f-4b02-98a7-671d1f60ac51,Original,1.0.1,Y,Impact Questions and Answers,raw,About the Algorithm,38,The algorithm used will be a (trade) secret,False,Yes,1,Y,N,aboutAlgorithm1,Y,57,1.0,
c839bedc-0d5f-4b02-98a7-671d1f60ac51,Original,1.0.1,Y,Impact Questions and Answers,raw,About the Algorithm,39,The algorithmic process will be difficult to interpret or to explain,False,No,0,Y,N,aboutAlgorithm2,Y,58,1.0,
c839bedc-0d5f-4b02-98a7-671d1f60ac51,Original,1.0.1,Y,Impact Questions and Answers,raw,About the Algorithm,40,Is the algorithm (Check all that apply):,False,"Based on patterns in data identiﬁed by the AI model (for example, neural network, deep
learning)",1,Y,N,aboutAlgorithm3,Y,134,1.0,
c839bedc-0d5f-4b02-98a7-671d1f60ac51,Original,1.0.1,Y,Impact Questions and Answers,raw,About the Algorithm,41,"If the automated decision-system is model based, is the model inference (select all that apply):",False,Probabilistic (infer several models to explain data),1,Y,N,aboutAlgorithm4,Y,135,1.0,
c839bedc-0d5f-4b02-98a7-671d1f60ac51,Original,1.0.1,Y,Impact Questions and Answers,raw,About the Algorithm,42,Is the model:,False,"Generative (for example, linear discriminant analysis, naïve Bayes)",1,Y,N,aboutAlgorithm5,Y,136,1.0,
c839bedc-0d5f-4b02-98a7-671d1f60ac51,Original,1.0.1,Y,Impact Questions and Answers,raw,About the Algorithm,43,Describe the model being used.,False,"The CST leverages a ""Retrieval-Augmented Generation"" architecture hosted entirely within
VAC’s secure Microsoft Azure cloud environment. The system operates in four distinct
stages:
1. Ingestion & Handwriting Recognition (OCR)
1.1. The system ﬁrst retrieves Service Health Records and application documents from
VAC’s Digital Image (DIGIMG) repository. It utilizes Azure AI Document Intelligence
to separate documents into individual pages and extract machine readable text.
This model is capable of recognizing and digitizing handwritten content, as well as
identifying structural elements like forms, tables, and headings.
2. Information Retrieval (The ""Search"" Layer)
2.1. The processed text and metadata are temporarily indexed in an Azure AI Search
index. When a speciﬁc medical diagnosis and associated medical code is
provided, the system queries this index to retrieve only the speciﬁc pages and
paragraphs relevant to that condition. This ensures the AI focuses exclusively on
the client's existing records.
3. Generative Summarization (The LLM) The retrieved content is passed as context to the
Azure OpenAI service (currently utilizing the GPT-5 model).
3.1. Function: The model identiﬁes, organizes, and summarizes the evidence related to
the claimed condition.
3.2. Constraint: The model operates under strict instructions to summarize only; it does
not apply eligibility rules, or assign outcomes.
3.3. Traceability: The ﬁnal output includes hyperlinks connecting every summarized
point directly back to the source page in the original ﬁle.
4. Data Lifecycle & Security
4.1. Zero Retention: Once the summary is generated, all temporary AI processing data,
including the vectorized document content and the Search index, is deleted.
4.2. Storage: The ﬁnal summary is saved as a PDF in the DIGIMG repository and the
client’s electronic case ﬁle.
4.3. Governance: No external partners are involved in the model's operation, and
Service Health Records (including those from DND) are accessed solely through
VAC's authorized repositories.
The CST does not make decisions.",0,N,Y,aboutAlgorithm6,Y,137,1.0,
c839bedc-0d5f-4b02-98a7-671d1f60ac51,Original,1.0.1,Y,Impact Questions and Answers,raw,About the Algorithm,49,Describe why you have not evaluated whether variables could be proxies for protected characteristics.,True,"It was chosen based on cost considerations, inclusion of health information and testing
results.
45. Will the algorithm continue to learn and evolve as it is used?
No
46. Does the algorithm consider protected characteristics to make its decisions or
recommendations?
Yes
47. Describe why protected characteristics are being considered and any mitigations
in place to address potential issues with bias or discrimination.
Personal characteristics such as disability, age, and gender are essential pieces of
information in the Disability Beneﬁt adjudication process. These factors directly inﬂuence
eligibility, entitlement, and assessment under the governing legislation and policies.
Because they are integral to understanding the nature of the claim, the CST must process
and reﬂect this information when generating a summary of the documents relevant to the
application.
48. Have you evaluated whether variables that the system bases its decisions or
recommendations on could be proxies for protected characteristics?
No
49. Describe why you have not evaluated whether variables could be proxies for
protected characteristics.
The Department has not evaluated whether any variables could act as proxies for
protected characteristics because these characteristics are already explicitly included in
the information that must be reviewed as part of the Disability Beneﬁt adjudication
process. Since protected characteristics must be considered directly and cannot be
replaced or inferred through proxies when summarizing information contained in Service
Health Records and other documentation, a proxy analysis would not be meaningful or
applicable in this context.",4,Y,N,aboutAlgorithm11B,Y,145,1.0,
c839bedc-0d5f-4b02-98a7-671d1f60ac51,Original,1.0.1,Y,Impact Questions and Answers,raw,About the Decision,50,Describe the administrative decision(s) that is being supported or made by the algorithm.,False,"When Veterans Affairs Canada receives a Disability Beneﬁt application, the application is
registered in departmental systems and supporting service and medical records are
gathered from multiple sources. Once the ﬁle is complete, it is assigned to a trained
decision maker, who reviews extensive documentation to identify information relevant to
the claimed condition. The decision maker considers evidence such as service health
records, medical diagnoses, injury or onset dates, continuity of symptoms, and other
relevant facts in order to determine entitlement and, where applicable, assess the level of
beneﬁt in accordance with legislation, regulations, and policy.
The CST does not change these steps or make entitlement decisions. Instead, it supports
the document review stage by scanning, organizing, and summarizing large volumes of
documentation to help decision makers identify relevant evidence more efficiently. Human
decision makers continue to review the complete record, apply legislation and policy,
exercise professional judgment, and make the ﬁnal decision in all cases.",0,N,Y,decisionSector3,Y,91,1.0,
c839bedc-0d5f-4b02-98a7-671d1f60ac51,Original,1.0.1,Y,Impact Questions and Answers,raw,About the Decision,51,Does the decision pertain to any of the categories below (check all that apply).,True,"Note that the examples in brackets are not exhaustive.
Social assistance (employment insurance, disability or housing beneﬁts, children or
seniors programs)",1,Y,N,,Y,,0.74,
c839bedc-0d5f-4b02-98a7-671d1f60ac51,Original,1.0.1,Y,Impact Questions and Answers,raw,Impact Assessment,52,Which of the following best describes the type of automation you are planning?,False,"Partial automation (the system will contribute to administrative decision making by
supporting an officer with assessments, recommendations, intermediate decisions, or
other outputs)",2,Y,N,impact30,Y,92,1.0,
c839bedc-0d5f-4b02-98a7-671d1f60ac51,Original,1.0.1,Y,Impact Questions and Answers,raw,Impact Assessment,53,Describe the role of the system in the decision-making process.,False,"The primary challenge in Disability Beneﬁt decision making is the volume of
documentation that must be reviewed. The average application, including supporting
documentation such as military records, contains more than 800 pages that are reviewed
to identify facts related to the claimed condition for consideration by the decision maker
before a determination is made.
The CST supports this stage of the process by scanning, organizing, and summarizing large
volumes of application materials and supporting documentation. The system highlights
and assembles relevant evidence into a structured, traceable and accurate summary for
the decision maker. Each summary includes links to the original source documents, and
all scanned documentation remains fully searchable, supporting transparency and
veriﬁcation.
The CST does not change the Disability Beneﬁt adjudication process and does not make
decisions. If a summary does not contain sufficient information to support a favourable
decision, the decision maker conducts a comprehensive review of the full record to ensure
no critical information is overlooked. In all cases, trained VAC decision makers review the
complete evidence, apply legislation and policy, exercise professional judgment, and
make the ﬁnal decision.
By supporting the document review and information identiﬁcation stages of the process,
the CST assists decision makers in working more efficiently and helps Veterans Affairs
Canada meet service standards and reduce turnaround times, without compromising
decision quality or accountability.",0,N,Y,impact31,Y,93,1.0,
c839bedc-0d5f-4b02-98a7-671d1f60ac51,Original,1.0.1,Y,Impact Questions and Answers,raw,Impact Assessment,54,Will the system be making decisions or assessments that require judgment or discretion?,False,No,0,Y,N,impact3,Y,47,1.0,
c839bedc-0d5f-4b02-98a7-671d1f60ac51,Original,1.0.1,Y,Impact Questions and Answers,raw,Impact Assessment,55,Describe.,False,"The CST does not make Disability Beneﬁt decisions or perform assessments requiring
judgment or discretion. There is no legal authority under the Pension Act or the Veterans
Well-being Act for an electronic system, including an automated system, to make a
decision or determination without human intervention. All Disability Beneﬁt decisions
therefore remain the responsibility of VAC decision makers.",0,N,Y,businessDrivers12,N,88,1.0,"{businessDrivers11} contains ""item6-0"""
c839bedc-0d5f-4b02-98a7-671d1f60ac51,Original,1.0.1,Y,Impact Questions and Answers,raw,Impact Assessment,56,"Will this project have major impacts on staff, either in terms of their numbers or their roles?",False,Yes,2,Y,N,impact4A,Y,55,1.0,
c839bedc-0d5f-4b02-98a7-671d1f60ac51,Original,1.0.1,Y,Impact Questions and Answers,raw,Impact Assessment,57,Describe the criteria used to evaluate client data and the operations applied to process it.,False,"Training of model / prompt engineering
Bias detection
Testing data and test cases with SMEs
Speciﬁc LLM
User feedback",0,N,Y,impact20,Y,94,1.0,
c839bedc-0d5f-4b02-98a7-671d1f60ac51,Original,1.0.1,Y,Impact Questions and Answers,raw,Impact Assessment,58,Describe the output produced by the system and any relevant information needed to interpret it in the context of the administrative decision.,False,"The CST produces a summary that is a subset of a larger set of documents that is being
reviewed including the Disability Beneﬁt application, Service Health Records and medical
Questionnaires. The CST scans the application and supporting documentation, and then
highlights, assembles and presents the relevant evidence in a clear, structured, and
traceable format to the decision maker. Each summary includes links to the source
documentation to support transparency and accuracy, and all of the supporting
documentation that was scanned by the CST remains searchable by the decision maker. If
the summary does not contain sufficient information for a favourable decision, the
decision maker will conduct a comprehensive review of the entire ﬁle before making a
decision to ensure no critical information is overlooked.
The CST does not make Disability Beneﬁt decisions or determine Disability Beneﬁt
eligibility. Every Disability Beneﬁt decision will continue to be made by Veterans Affairs
Canada decision makers who will verify the facts, conﬁrm policy application, and ﬁnalize
the decision.",0,N,Y,impact21,Y,95,1.0,
c839bedc-0d5f-4b02-98a7-671d1f60ac51,Original,1.0.1,Y,Impact Questions and Answers,raw,Impact Assessment,59,Will the system perform an assessment or other operation that is not currently completed by a human?,False,No,0,Y,N,impact22,Y,96,1.0,
c839bedc-0d5f-4b02-98a7-671d1f60ac51,Original,1.0.1,Y,Impact Questions and Answers,raw,Impact Assessment,60,Is the system used by a different part of the organization than the ones who developed it?,False,Yes,2,Y,N,impact5,Y,14,1.0,
c839bedc-0d5f-4b02-98a7-671d1f60ac51,Original,1.0.1,Y,Impact Questions and Answers,raw,Impact Assessment,61,Are the impacts resulting from the decision reversible?,False,Reversible,1,Y,N,impact6,Y,15,1.0,
c839bedc-0d5f-4b02-98a7-671d1f60ac51,Original,1.0.1,Y,Impact Questions and Answers,raw,Impact Assessment,62,How long could impacts from the decision last?,False,Impacts are most likely to be brief,1,Y,N,impact7,Y,16,1.0,
c839bedc-0d5f-4b02-98a7-671d1f60ac51,Original,1.0.1,Y,Impact Questions and Answers,raw,Impact Assessment,63,"Describe why the impacts resulting from the decision are as selected, including potential risks identiﬁed and mitigations in place.",False,"The CST provides partial automation limited to administrative tasks, speciﬁcally,
extracting, organizing, and summarizing information from Disability Beneﬁt applications
and supporting documentation for decision makers. All Disability Beneﬁt decisions remain
fully human-made. Decision makers retain complete authority, accountability, and
discretion over every determination.
The summary produced by the CST is reviewed by the decision maker. Each summary
includes hyperlinks to the original source documents to enable veriﬁcation. If the summary
does not provide sufficient information, the decision maker will conduct a comprehensive
manual review of the full ﬁle before making a determination.",0,N,Y,impact8,Y,17,1.0,
c839bedc-0d5f-4b02-98a7-671d1f60ac51,Original,1.0.1,Y,Impact Questions and Answers,raw,Impact Assessment,64,The impacts that the decision could have on the rights or freedoms of individuals may be:,False,Little to no impact,1,Y,N,impact9,Y,18,1.0,
c839bedc-0d5f-4b02-98a7-671d1f60ac51,Original,1.0.1,Y,Impact Questions and Answers,raw,Impact Assessment,65,"Describe how this impact level was determined. Include which human rights frameworks were assessed, potential risk that were identiﬁed and mitigations put in place.",False,"The CST has little or no impact on the rights or freedoms of individuals. The system
provides partial automation limited to administrative tasks, speciﬁcally, extracting,
organizing, and summarizing information from Disability Beneﬁt applications and
supporting documentation for decision makers.
All Disability Beneﬁt decisions remain fully human-made. Decision makers retain
complete authority, accountability, and discretion over every determination. They may
consult the summary for efficiency, but they continue to have full access to the complete
record reviewed by the Claim Summary Tool and can independently verify all facts and
evidence.",0,N,Y,impact10,Y,17,1.0,
c839bedc-0d5f-4b02-98a7-671d1f60ac51,Original,1.0.1,Y,Impact Questions and Answers,raw,Impact Assessment,66,"The impacts that the decision could have on the equality, dignity, privacy, and autonomy of individuals may be:",False,Little to no impact,1,Y,N,impact24,Y,69,1.0,
c839bedc-0d5f-4b02-98a7-671d1f60ac51,Original,1.0.1,Y,Impact Questions and Answers,raw,Impact Assessment,67,"Describe why the impacts resulting from the decision are as selected, including potential risks identiﬁed and mitigations in place.",False,"The CST has little to no impact on the equality, dignity, privacy, or autonomy of individuals.
It performs limited administrative automation by organizing and summarizing information
from Disability Beneﬁt applications and supporting documents and does not make
decisions or replace the judgment of Veterans Affairs Canada decision makers.
All decisions remain fully human-made. Decision makers retain full access to all source
documents, can independently verify all information, and exercise full discretion. Personal
information is used solely for the administration of Disability Beneﬁt applications and is
handled in accordance with the Privacy Act, the Pension Act, the Veterans Well-being Act
and departmental privacy requirements.",0,N,Y,impact8,Y,17,1.0,
c839bedc-0d5f-4b02-98a7-671d1f60ac51,Original,1.0.1,Y,Impact Questions and Answers,raw,Impact Assessment,68,The impacts that the decision could have on the health and well-being of individuals may be:,False,Little to no impact,1,Y,N,impact11,Y,69,1.0,
c839bedc-0d5f-4b02-98a7-671d1f60ac51,Original,1.0.1,Y,Impact Questions and Answers,raw,Impact Assessment,69,"Describe why the impacts resulting from the decision are as selected, including potential risks identiﬁed and mitigations in place.",False,"The CST is expected to have little or no impact on the health and well-being of individuals.
The CST does not make Disability Beneﬁt decisions, and all decisions remain the
responsibility of Veterans Affairs Canada decision makers, who retain full authority and
discretion.
The summary produced by the CST is reviewed by the decision maker and is used only
when it supports a favourable outcome. Each summary includes hyperlinks to the original
source documents to enable veriﬁcation. If the summary does not provide sufficient
information, the decision maker will conduct a comprehensive manual review of the full
ﬁle before making a determination.",0,N,Y,impact8,Y,17,1.0,
c839bedc-0d5f-4b02-98a7-671d1f60ac51,Original,1.0.1,Y,Impact Questions and Answers,raw,Impact Assessment,70,The impacts that the decision could have on the economic interests of individuals may be:,False,Little to no impact,1,Y,N,impact13,Y,69,1.0,
c839bedc-0d5f-4b02-98a7-671d1f60ac51,Original,1.0.1,Y,Impact Questions and Answers,raw,Impact Assessment,71,"Describe why the impacts resulting from the decision are as selected, including potential risks identiﬁed and mitigations in place.",False,"The CST has little or no impact on the economic interests of individuals. Although Disability
Beneﬁts are monetary in nature, the CST does not make decisions, determine eligibility, or
replace human judgement. All Disability Beneﬁt decisions remain fully under the authority
of Veterans Affairs Canada decision makers.",0,N,Y,impact8,Y,17,1.0,
c839bedc-0d5f-4b02-98a7-671d1f60ac51,Original,1.0.1,Y,Impact Questions and Answers,raw,Impact Assessment,72,"The impacts that the decision could have on the ongoing sustainability of an environmental ecosystem, may be:",False,Little to no impact,1,Y,N,impact15,Y,19,1.0,
c839bedc-0d5f-4b02-98a7-671d1f60ac51,Original,1.0.1,Y,Impact Questions and Answers,raw,Impact Assessment,73,"Describe why the impacts resulting from the decision are as selected, including potential risks identiﬁed and mitigations in place.",False,"The CST will have little or no impact on the ongoing sustainability of an environmental
ecosystem because it is purely a digital administrative tool.",0,N,Y,impact8,Y,17,1.0,
c839bedc-0d5f-4b02-98a7-671d1f60ac51,Original,1.0.1,Y,Impact Questions and Answers,raw,Impact Assessment,74,"Have you assessed system performance for clients with a range of personal and intersectional identity factors (for example, gender, age, race, language, ethnicity, disability) to verify that decisions and outcomes are fair for a diverse group of people, and have the identiﬁed disparities been addressed?",False,Assessment conducted; no performance differences identiﬁed.,0,Y,N,impact18,Y,148,1.0,
c839bedc-0d5f-4b02-98a7-671d1f60ac51,Original,1.0.1,Y,Impact Questions and Answers,raw,Impact Assessment,75,Describe your approach to assessing system performance.,False,"Through several iterations of testing, Veterans Affairs Canada used a subset of claims
(conditions) with representations of gender, age and language that is reﬂective of the same
factors for the larger submission data for the full year. There have been no indications of
unfairness against speciﬁc groups.",0,N,Y,impact18B,Y,150,1.0,
c839bedc-0d5f-4b02-98a7-671d1f60ac51,Original,1.0.1,Y,Impact Questions and Answers,raw,Impact Assessment,76,Have you tested system performance for clients with a variety of different disabilities?,False,Yes,0,Y,N,impact19I,Y,152,1.0,
c839bedc-0d5f-4b02-98a7-671d1f60ac51,Original,1.0.1,Y,Impact Questions and Answers,raw,Impact Assessment,77,Describe any differences in system performance identiﬁed and mitigations in place to address them.,False,"Through several iterations of testing, we used a subset of claims (conditions) with
representations of gender, age, language and geographic location that is reﬂective of the
same factors for the larger submission data for the full year. There have been no
differences in system performance identiﬁed.",0,N,Y,impact19IY,Y,153,1.0,
c839bedc-0d5f-4b02-98a7-671d1f60ac51,Original,1.0.1,Y,Impact Questions and Answers,raw,Impact Assessment,78,Are there clients or groups of clients that will experience the most signiﬁcant negative impacts from the system being used?,False,No,0,Y,N,impact23,Y,97,1.0,
c839bedc-0d5f-4b02-98a7-671d1f60ac51,Original,1.0.1,Y,Impact Questions and Answers,raw,Impact Assessment,79,"Describe No groups of clients have been identiﬁed that will experience negative impacts from the use of the CST. All decisions remain fully human-made. Decision makers may use the summary to support their review, but they retain full access to the complete set of documents reviewed by the CST and can independently verify all information. The CST does not constrain a decision maker’s ability to exercise discretion, nor does it limit the evidence available for consideration.",False,,0,N,Y,,Y,,0.138,
c839bedc-0d5f-4b02-98a7-671d1f60ac51,Original,1.0.1,Y,Impact Questions and Answers,raw,Impact Assessment,80,What proportion of clients will the system be applied to?,False,76 to 99%,0,Y,N,impact26,Y,156,1.0,
c839bedc-0d5f-4b02-98a7-671d1f60ac51,Original,1.0.1,Y,Impact Questions and Answers,raw,Impact Assessment,81,Could not being subject to the use of the tool have a negative impact on an individual or groups of individuals?,False,Yes,1,Y,N,impact27,Y,158,1.0,
c839bedc-0d5f-4b02-98a7-671d1f60ac51,Original,1.0.1,Y,Impact Questions and Answers,raw,Impact Assessment,82,Describe Claims not processed using the CST will not beneﬁt from improved turnaround times and their Disability Beneﬁt decision will take longer to make.,False,,0,N,Y,,Y,,0.417,
c839bedc-0d5f-4b02-98a7-671d1f60ac51,Original,1.0.1,Y,Impact Questions and Answers,raw,Impact Assessment,83,The impact of individuals being wrongfully included or overlooked by the system could be:,False,Little to no impact,1,Y,N,impact28,Y,160,1.0,
c839bedc-0d5f-4b02-98a7-671d1f60ac51,Original,1.0.1,Y,Impact Questions and Answers,raw,Impact Assessment,84,Describe why the impact of being wrongfully included or overlooked by the system is as selected.,True,"There is no indication that individuals will be wrongfully included or overlooked by the CST.
The CST provides partial automation limited to administrative tasks; speciﬁcally,
extracting, organizing, and summarizing information from Disability Beneﬁt applications
and supporting documentation. It does not make decisions, determine eligibility, or
generate outputs that inﬂuence decisions requiring judgment or discretion.
Because the CST does not replace human decision making, does not limit access to
information, and does not generate determinations that could affect an individual’s
beneﬁts, rights, or entitlements, the use of the CST does not create a risk of individuals
being wrongfully included or overlooked.",0,N,Y,impact28A,Y,161,1.0,
c839bedc-0d5f-4b02-98a7-671d1f60ac51,Original,1.0.1,Y,Impact Questions and Answers,raw,About the Data,85,Will the system use personal information as input data?,False,Yes,2,Y,N,aboutDataSource1,Y,20,1.0,
c839bedc-0d5f-4b02-98a7-671d1f60ac51,Original,1.0.1,Y,Impact Questions and Answers,raw,About the Data,86,Have you veriﬁed that the collection of personal information is limited to only what is directly related to a program or activity of your institution?,False,Yes,0,Y,N,aboutDataSource9,Y,73,1.0,
c839bedc-0d5f-4b02-98a7-671d1f60ac51,Original,1.0.1,Y,Impact Questions and Answers,raw,About the Data,87,Is the personal information of individuals used in a decision-making process that affects those individuals?,False,Yes,2,Y,N,aboutDataSource10,Y,74,1.0,
c839bedc-0d5f-4b02-98a7-671d1f60ac51,Original,1.0.1,Y,Impact Questions and Answers,raw,About the Data,88,Have you veriﬁed whether the system is using personal information in a way that is consistent with: (a) the current personal information banks (PIBs) and privacy impact assessments (PIAs) of your programs or (b) planned or implemented modiﬁcations to the PIBs or PIAs that take new uses and processes into account?,False,Yes,0,Y,N,aboutDataSource11,Y,75,1.0,
c839bedc-0d5f-4b02-98a7-671d1f60ac51,Original,1.0.1,Y,Impact Questions and Answers,raw,About the Data,89,List relevant PIB numbers.,True,"VAC PPU 601,VAC PPU 602,VAC PPU 604,VAC PPU 700,VAC PPU 716,VAC PPU 717,VAC",0,N,Y,aboutDataSource12,Y,98,1.0,
c839bedc-0d5f-4b02-98a7-671d1f60ac51,Original,1.0.1,Y,Impact Questions and Answers,raw,PPU 718,90,Will the personal information be shared (check all that apply),False,Within your department,1,Y,N,aboutDataSource14,Y,162,1.0,
c839bedc-0d5f-4b02-98a7-671d1f60ac51,Original,1.0.1,Y,Impact Questions and Answers,raw,PPU 718,91,Is the training and testing data for the system representative of the clients being,False,served?Yes,0,Y,N,aboutDataSource15,Y,164,0.96,
c839bedc-0d5f-4b02-98a7-671d1f60ac51,Original,1.0.1,Y,Impact Questions and Answers,raw,PPU 718,92,Describe how you have assessed that data was representative.,False,"Through several iterations of testing and piloting, Veterans Affairs Canada used a subset of
claims (conditions) with representations of gender, age, and language that were reﬂective
of the same factors present in full-year submission data. No indications of unfairness
affecting speciﬁc groups were identiﬁed through this testing. Our Operations group will
monitor outputs in the same manner on an ongoing basis. Findings from GBA+ analysis
and operational testing inform these ongoing monitoring activities.",0,N,Y,aboutDataSource15Y,Y,165,1.0,
c839bedc-0d5f-4b02-98a7-671d1f60ac51,Original,1.0.1,Y,Impact Questions and Answers,raw,PPU 718,93,Are there biases in the training data that could increase the likelihood of discriminatory outcomes or lead to other impacts on human rights?,False,No,0,Y,N,aboutDataSource16,Y,167,1.0,
c839bedc-0d5f-4b02-98a7-671d1f60ac51,Original,1.0.1,Y,Impact Questions and Answers,raw,PPU 718,94,Explain the process taken to conﬁrm that there are no biases in the training data that could increase the likelihood of discriminatory outcomes or other impacts on human rights.,False,"Testing was conducted using a subset of claims reﬂective of full-year submission data
across gender, age, and language. No indications of unfairness affecting speciﬁc groups
were identiﬁed, and ongoing operational monitoring is in place to identify potential issues
over time.",0,N,Y,aboutDataSource16N,Y,169,1.0,
c839bedc-0d5f-4b02-98a7-671d1f60ac51,Original,1.0.1,Y,Impact Questions and Answers,raw,PPU 718,95,What is the highest security classiﬁcation of the input data used by the system?,False,"(Select one)
Protected B",3,Y,N,aboutDataSource2,Y,21,0.936,
c839bedc-0d5f-4b02-98a7-671d1f60ac51,Original,1.0.1,Y,Impact Questions and Answers,raw,PPU 718,96,Are there measures in place to ensure the accuracy of the personal information used?,False,Yes,0,Y,N,aboutDataSource17,Y,171,1.0,
c839bedc-0d5f-4b02-98a7-671d1f60ac51,Original,1.0.1,Y,Impact Questions and Answers,raw,PPU 718,97,"If yes, describe the measures taken to ensure and verify the accuracy of personal information.",False,"Information is collected directly from clients, other government agencies/ departments
and health professionals. Source documents are available to be viewed by users and are
cited speciﬁcally in the summary.",0,N,Y,aboutDataSource17Y,Y,172,1.0,
c839bedc-0d5f-4b02-98a7-671d1f60ac51,Original,1.0.1,Y,Impact Questions and Answers,raw,PPU 718,98,Who controls the data?,False,Federal Government,1,Y,N,aboutDataSource3,Y,22,1.0,
c839bedc-0d5f-4b02-98a7-671d1f60ac51,Original,1.0.1,Y,Impact Questions and Answers,raw,PPU 718,99,Will the system use data from multiple different sources?,False,Yes,2,Y,N,aboutDataSource4,Y,23,1.0,
c839bedc-0d5f-4b02-98a7-671d1f60ac51,Original,1.0.1,Y,Impact Questions and Answers,raw,PPU 718,100,"Will the system require input data from a network-connected device? (such as Internet of Things, sensor)",False,No,0,Y,N,aboutDataSource5,Y,24,1.0,
c839bedc-0d5f-4b02-98a7-671d1f60ac51,Original,1.0.1,Y,Impact Questions and Answers,raw,PPU 718,101,Will the system interface with other IT systems?,False,Yes,4,Y,N,aboutDataSource6,Y,25,1.0,
c839bedc-0d5f-4b02-98a7-671d1f60ac51,Original,1.0.1,Y,Impact Questions and Answers,raw,PPU 718,102,Who collected the data used for training the system?,False,Your institution,1,Y,N,aboutDataSource7,Y,26,1.0,
c839bedc-0d5f-4b02-98a7-671d1f60ac51,Original,1.0.1,Y,Impact Questions and Answers,raw,PPU 718,103,Who collected the input data used by the system?,False,Your institution,1,Y,N,aboutDataSource8,Y,26,1.0,
c839bedc-0d5f-4b02-98a7-671d1f60ac51,Original,1.0.1,Y,Impact Questions and Answers,raw,PPU 718,104,"Describe the input data collected and used by the system, its source, method of collection, and any quality assurance measures in place.",False,"The CST uses information that is already collected and lawfully held by Veterans Affairs
Canada. The system does not collect new information from clients. The input data consists
of:
Standardized Forms: The Application for Disability Beneﬁts (PEN 923) and speciﬁc
Medical Questionnaires (e.g., Psychiatric/Psychological Conditions Medical
Questionnaire, Thoracolumbar Spine Conditions Medical Questionnaire).
Service Health Records: A wide variety of medical and personnel documents,
including handwritten clinical progress notes, specialist reports (audiograms,
surgical reports), and dental records spanning a Veterans career.
Diagnostic Evidence: Medical reports and diagnostic imaging results provided by
private practitioners or military medical officers.
Service Documents: Personnel records utilized to conﬁrm service dates, rank, and
unit deployment history.
Source & Method of Collection The system retrieves documents exclusively from
VAC’s official secure repositories. No data is scraped from the internet or unveriﬁed
external sources.
Interoperability (DND/RCMP): Service Health Records are retrieved directly through
secure, established transfer protocols such as with the Department of National
Defence (DND) and RCMP.
Client Submission: Applicants can also submit evidence via My VAC Account
(digital upload) or by mail. All documents received are ultimately stored
electronically in .PDF format within our Digital Image (DIGIMG) document
repository.
System Retrieval: The CST uses the client’s unique identiﬁer (CSDN ID) to query the
DIGIMG repository, retrieving only the speciﬁc ﬁles associated with the claimed
condition (e.g., fetching only ""Knee"" related correspondence for a knee claim).
VAC employs a comprehensive end-to-end human oversight protocol. This framework
mandates that qualiﬁed staff validate the integrity of the application ﬁle prior to automated
summarization and verify the accuracy of the generated summary before any
administrative decision is ﬁnalized.
Pre-Processing Validation (Claims Preparation): Before the CST is ever triggered, the
application ﬁle undergoes a manual ""Claims Preparation"" business process.
Trained VAC staff review the application, medical questionnaires, and submitted
materials to validate that the ﬁle is accurate and complete. This critical human
gatekeeping ensures that the data fed into the tool is organized and ready for
processing, preventing the system from analyzing incomplete or irrelevant ﬁles.
Technical Precision (OCR): The system utilizes Azure AI Document Intelligence to
accurately digitize complex inputs. This technology is capable of recognizing
handwritten text and preserving document structure (tables, forms), ensuring that
older, handwritten service records—which are often critical for long-standing
veterans—are accurately captured in the summary.
Post-Processing Veriﬁcation: The CST does not replace the source documents.
Every fact, date, or medical ﬁnding in the generated summary includes a direct
hyperlink back to the speciﬁc page in the original PDF. The Decision Maker is
required to use these links to cross-reference the summary against the original
evidence, ensuring that the ﬁnal decision is always grounded in the primary source
documents, not just the AI output.
""Manual Review Safeguard"" Protocol : If the data quality is poor (e.g., illegible
handwriting that OCR cannot parse) or the evidence is insufficient to support a
favourable outcome, the decision maker will review the entire ﬁle manually before
ﬁnalizing the decision.",0,N,Y,aboutDataSource13,Y,99,1.0,
c839bedc-0d5f-4b02-98a7-671d1f60ac51,Original,1.0.1,Y,Impact Questions and Answers,raw,PPU 718,105,"Will the system require the analysis of unstructured data to make an assessment, recommendation or decision?",False,Yes,0,Y,N,aboutDataSourceType1,Y,27,1.0,
c839bedc-0d5f-4b02-98a7-671d1f60ac51,Original,1.0.1,Y,Impact Questions and Answers,raw,PPU 718,106,What types of unstructured data? (Check all that apply),False,"Audio and text ﬁles
Images and videos",6,Y,N,aboutDataSourceType2,Y,28,1.0,
c839bedc-0d5f-4b02-98a7-671d1f60ac51,Original,1.0.1,Y,Impact Questions and Answers,raw,PPU 718,107,Has there been a decision to exclude certain data?,False,No,0,Y,N,aboutDataSourceType3,Y,174,1.0,
c839bedc-0d5f-4b02-98a7-671d1f60ac51,Original,1.0.1,Y,Mitigation Questions and Answers,mitigation,Consultations,1,"Internal Stakeholders (federal institutions, including the federal public service)",False,Yes,2,Y,N,consultationImplementation1,Y,61,1.0,
c839bedc-0d5f-4b02-98a7-671d1f60ac51,Original,1.0.1,Y,Mitigation Questions and Answers,mitigation,Consultations,2,Which internal consultees or partners have you engaged?,False,"Access to Information and Privacy
TBS Office of the Chief Information Officer
Office of the Privacy Commissioner of Canada
Program Policy
Communications services
Legal Services
2SLGBTQI+ Secretariat
Strategic Policy and Planning",0,N,Y,consultationImplementation2,Y,62,1.0,
c839bedc-0d5f-4b02-98a7-671d1f60ac51,Original,1.0.1,Y,Mitigation Questions and Answers,mitigation,Consultations,3,External consultees or partners (groups in other sectors or jurisdictions).,False,Yes,2,Y,N,consultationDesign3,Y,63,1.0,
c839bedc-0d5f-4b02-98a7-671d1f60ac51,Original,1.0.1,Y,Mitigation Questions and Answers,mitigation,Consultations,4,Which external consultees or partners have you engaged?,False,"Bargaining Agents
Other (describe)
Clients or their Representatives",0,N,Y,consultationImplementation4,Y,64,1.0,
c839bedc-0d5f-4b02-98a7-671d1f60ac51,Original,1.0.1,Y,Mitigation Questions and Answers,mitigation,Consultations,5,"Please describe Office of the Veterans Ombud, Bureau of Pensions Advocates, Veterans Review and Appeal Bard, Royal Canadian Mounted Police, Veterans at VAC",False,,0,N,Y,,Y,,0.367,
c839bedc-0d5f-4b02-98a7-671d1f60ac51,Original,1.0.1,Y,Mitigation Questions and Answers,mitigation,Consultations,6,"Identify the consultees or partners and indicate the project lifecycle stage (Concept, Design, Data collection and processing, Building or adapting the model, Testing, Deployment, Production, Monitoring, Decommission) in which engagement took place.",False,"Engagement with internal and external stakeholders and partners has occurred throughout
the project lifecycle and was tailored to the nature of the expertise required at each stage.
Consultations were undertaken primarily at a strategic, governance, legal, privacy,
security, and program-integration level, consistent with the CST’s role as a decision-
support system.
Concept and Design: Early engagement focused on validating the business need,
conﬁrming alignment with program authorities, assessing legal, privacy, security, and
data-governance considerations, and determining applicability of the Directive on
Automated Decision-Making and the Algorithmic Impact Assessment framework.
Data Collection and Processing: Consultations supported the identiﬁcation of appropriate
data sources, conﬁrmation of lawful authority for data use, privacy safeguards,
information management practices, and alignment with enterprise architecture, IT, and
security requirements.
Testing and Deployment: Engagement emphasized operational readiness, usability for
decision makers, transparency and traceability requirements, communications
considerations, and validation that the tool functions strictly as a decision-support aid.
Production and Monitoring: Ongoing engagement supports governance oversight,
performance monitoring, privacy and security compliance, audit and evaluation readiness,
and continuous improvement, including consideration of equity, accessibility, and GBA
Plus-related impacts.
Engagement is iterative and ongoing, with different areas and stakeholders being
consulted as the project evolves and as new risks, considerations, or lifecycle phases
arise.",0,N,Y,consultationImplementation5,Y,176,1.0,
c839bedc-0d5f-4b02-98a7-671d1f60ac51,Original,1.0.1,Y,Mitigation Questions and Answers,mitigation,Consultations,7,Did you consult with the clients that will be most impacted by the system?,False,Yes,3,Y,N,consultationImplementation6,Y,177,1.0,
c839bedc-0d5f-4b02-98a7-671d1f60ac51,Original,1.0.1,Y,Mitigation Questions and Answers,mitigation,Consultations,8,Did you consult with clients or communities that will be adversely impacted by the system?,False,No,0,Y,N,consultationImplementation7,Y,177,1.0,
c839bedc-0d5f-4b02-98a7-671d1f60ac51,Original,1.0.1,Y,Mitigation Questions and Answers,mitigation,Consultations,9,Explain why you did not consult the clients that will be adversely impacted by the system.,False,"No client groups were identiﬁed as being adversely impacted by the system because the
CST is only used when a favourable decision can be made by the decision maker.",0,N,Y,consultationImplementation6A,N,178,1.0,"{consultationImplementation6} = ""item2-0"""
c839bedc-0d5f-4b02-98a7-671d1f60ac51,Original,1.0.1,Y,Mitigation Questions and Answers,mitigation,Consultations,10,"Explain how you documented, analyzed and addressed the feedback received.",True,"Feedback was documented and analyzed through structured records, including meeting
notes, consultation records, and review documentation. Feedback was consolidated into
tracking tables and crosswalks linking identiﬁed issues, risks, and recommendations to
speciﬁc system design elements, controls, or mitigation measures.",0,N,Y,consultationDesign9,Y,182,1.0,
c839bedc-0d5f-4b02-98a7-671d1f60ac51,Original,1.0.1,Y,Mitigation Questions and Answers,mitigation,De-risking and Mitigation Measures - Data Quality,11,"Do you have documented processes in place to test datasets against biases, discrimination, and other unexpected outcomes? This could include experience in applying frameworks, methods, guidelines, or other assessment tools.",False,Yes,3,Y,N,dataQualityImplementation1,Y,67,1.0,
c839bedc-0d5f-4b02-98a7-671d1f60ac51,Original,1.0.1,Y,Mitigation Questions and Answers,mitigation,De-risking and Mitigation Measures - Data Quality,12,Is the documented process publicly available?,False,No,0,Y,N,dataQualityImplementation2,Y,66,1.0,
c839bedc-0d5f-4b02-98a7-671d1f60ac51,Original,1.0.1,Y,Mitigation Questions and Answers,mitigation,De-risking and Mitigation Measures - Data Quality,13,Have you developed a process to document how data quality issues were resolved during the design process?,False,Yes,1,Y,N,dataQualityImplementation3,Y,30,1.0,
c839bedc-0d5f-4b02-98a7-671d1f60ac51,Original,1.0.1,Y,Mitigation Questions and Answers,mitigation,De-risking and Mitigation Measures - Data Quality,14,Is the process publicly available?,False,No,0,Y,N,dataQualityImplementation4,Y,66,1.0,
c839bedc-0d5f-4b02-98a7-671d1f60ac51,Original,1.0.1,Y,Mitigation Questions and Answers,mitigation,De-risking and Mitigation Measures - Data Quality,15,Have you undertaken a Gender-based Analysis Plus (GBA Plus) of the data?,False,Yes,2,Y,N,dataQualityImplementation5,Y,31,1.0,
c839bedc-0d5f-4b02-98a7-671d1f60ac51,Original,1.0.1,Y,Mitigation Questions and Answers,mitigation,De-risking and Mitigation Measures - Data Quality,16,Are the GBA Plus ﬁndings publicly available?,False,No,0,Y,N,dataQualityImplementation7,Y,32,1.0,
c839bedc-0d5f-4b02-98a7-671d1f60ac51,Original,1.0.1,Y,Mitigation Questions and Answers,mitigation,De-risking and Mitigation Measures - Data Quality,17,Summarize the ﬁndings or provide a link if publicly available.,False,"Through multiple iterations of testing, a subset of claims (conditions) was used that
reﬂected the distribution of gender, age, language, and disability status present in full-year
submission data. The GBA+ analysis examined potential differential impacts on equity-
denied groups, including women, Indigenous Peoples, persons with disabilities, and
members of 2SLGBTQI+ communities, with particular attention to persons with disabilities
given the nature of Disability Beneﬁts programs.
The GBA+ analysis did not identify material differential adverse impacts or discriminatory
outcomes for equity-denied groups. Findings indicate that the CST is expected to improve
productivity and processing times, resulting in improved service delivery to clients.
Speciﬁcally, the CST is expected to support faster access to Disability Beneﬁt decisions
and to the associated ﬁnancial beneﬁts and supports.
Over the longer term, improved workload management through the use of modernized and
automated tools is expected to increase Veterans Affairs Canada’s capacity to capture
and analyze client and program demographic data, including GBA+ data. Enhanced
availability and quality of demographic information is a key enabling factor for monitoring
equity outcomes and ensuring equitable access to programs and beneﬁts. As a result,
equity deserving Veteran groups are expected to beneﬁt from more timely processing of
Disability Beneﬁt applications, especially in light of the evolving demographic proﬁle of
Canadian Armed Forces personnel.",0,N,Y,dataQualityDesign7A,Y,185,1.0,
c839bedc-0d5f-4b02-98a7-671d1f60ac51,Original,1.0.1,Y,Mitigation Questions and Answers,mitigation,De-risking and Mitigation Measures - Data Quality,18,"Do you have a documented process to manage the risk that low quality, outdated or unreliable data is used to make an automated decision?",False,No,0,Y,N,dataQualityImplementation8,Y,33,1.0,
c839bedc-0d5f-4b02-98a7-671d1f60ac51,Original,1.0.1,Y,Mitigation Questions and Answers,mitigation,De-risking and Mitigation Measures - Data Quality,19,Will the data used for this system be posted on the Open Government Portal?,True,No,0,Y,N,dataQualityDesign10,Y,34,1.0,
c839bedc-0d5f-4b02-98a7-671d1f60ac51,Original,1.0.1,Y,Mitigation Questions and Answers,mitigation,De-Risking and Mitigation Measures – Procedural Fairness,20,Does the audit trail provide information to trace the chain of legislative authority for the decision and key decision points?,False,Yes,1,Y,N,fairnessImplementation1,Y,68,1.0,
c839bedc-0d5f-4b02-98a7-671d1f60ac51,Original,1.0.1,Y,Mitigation Questions and Answers,mitigation,De-Risking and Mitigation Measures – Procedural Fairness,21,"Are all key decision points in the automated system's logic linked to the relevant legislation, policy or procedures?",False,Yes,1,Y,N,fairnessImplementation1A,Y,188,1.0,
c839bedc-0d5f-4b02-98a7-671d1f60ac51,Original,1.0.1,Y,Mitigation Questions and Answers,mitigation,De-Risking and Mitigation Measures – Procedural Fairness,22,Does the audit trail capture all the recommendations or decisions made by the system?,False,Yes,2,Y,N,fairnessImplementation2,Y,36,1.0,
c839bedc-0d5f-4b02-98a7-671d1f60ac51,Original,1.0.1,Y,Mitigation Questions and Answers,mitigation,De-Risking and Mitigation Measures – Procedural Fairness,23,Are all key decision points identiﬁable in the audit trail?,False,Yes,2,Y,N,fairnessImplementation3,Y,37,1.0,
c839bedc-0d5f-4b02-98a7-671d1f60ac51,Original,1.0.1,Y,Mitigation Questions and Answers,mitigation,De-Risking and Mitigation Measures – Procedural Fairness,24,Is there a process in place to log the instances when overrides were performed?,False,Yes,2,Y,N,fairnessImplementation4,Y,38,1.0,
c839bedc-0d5f-4b02-98a7-671d1f60ac51,Original,1.0.1,Y,Mitigation Questions and Answers,mitigation,De-Risking and Mitigation Measures – Procedural Fairness,25,Is there an up-to-date log of the changes made to the model and the system?,False,Yes,2,Y,N,fairnessImplementation5,Y,39,1.0,
c839bedc-0d5f-4b02-98a7-671d1f60ac51,Original,1.0.1,Y,Mitigation Questions and Answers,mitigation,De-Risking and Mitigation Measures – Procedural Fairness,26,Does the audit trail capture information that can be used to help generate an explanation of the decision where required?,False,Yes,1,Y,N,fairnessImplementation7,Y,41,1.0,
c839bedc-0d5f-4b02-98a7-671d1f60ac51,Original,1.0.1,Y,Mitigation Questions and Answers,mitigation,De-Risking and Mitigation Measures – Procedural Fairness,27,Is the system able to produce reasons for its decisions or recommendations when required?,False,Yes,2,Y,N,fairnessImplementation10,Y,44,1.0,
c839bedc-0d5f-4b02-98a7-671d1f60ac51,Original,1.0.1,Y,Mitigation Questions and Answers,mitigation,De-Risking and Mitigation Measures – Procedural Fairness,28,Does the audit trail identify precisely which version of the system was used for each decision it supports?,False,Yes,2,Y,N,fairnessImplementation8,Y,42,1.0,
c839bedc-0d5f-4b02-98a7-671d1f60ac51,Original,1.0.1,Y,Mitigation Questions and Answers,mitigation,De-Risking and Mitigation Measures – Procedural Fairness,29,Does the audit trail show who the authorized decision-maker is?,False,Yes,1,Y,N,fairnessImplementation9,Y,43,1.0,
c839bedc-0d5f-4b02-98a7-671d1f60ac51,Original,1.0.1,Y,Mitigation Questions and Answers,mitigation,De-Risking and Mitigation Measures – Procedural Fairness,30,Is there a mechanism to capture feedback by users of the system?,False,Yes,2,Y,N,fairnessImplementation12,Y,46,1.0,
c839bedc-0d5f-4b02-98a7-671d1f60ac51,Original,1.0.1,Y,Mitigation Questions and Answers,mitigation,De-Risking and Mitigation Measures – Procedural Fairness,31,Describe how user feedback informs updates to the system.,False,"The CST implements a ""Finalize"" process that captures user feedback at the end of their
review. User feedback is then reviewed and prioritized for inclusion in future development
sprints.",0,N,Y,fairnessDesign12A,Y,189,1.0,
c839bedc-0d5f-4b02-98a7-671d1f60ac51,Original,1.0.1,Y,Mitigation Questions and Answers,mitigation,De-Risking and Mitigation Measures – Procedural Fairness,32,Is there a recourse process established for clients to challenge the decision?,False,Yes,2,Y,N,fairnessImplementation13,Y,42,1.0,
c839bedc-0d5f-4b02-98a7-671d1f60ac51,Original,1.0.1,Y,Mitigation Questions and Answers,mitigation,De-Risking and Mitigation Measures – Procedural Fairness,33,Provide information on the recourse process or link to a website where this is described.,True,"The recourse system available to Veterans remains unchanged. The CST does not alter,
limit, or replace any existing review or appeal rights. Disability Beneﬁts decisions continue
to be governed by a well-established legislative framework, including the Pension Act, the
Veterans Well-being Act, and the Veterans Review and Appeal Board Act, which together
provide multiple levels of recourse to support fairness, transparency, and procedural
integrity.
Veterans retain full access to all existing recourse mechanisms, including:
Departmental Review – A review that may be initiated either by Veterans Affairs
Canada or by the Veteran.
Veterans Review and Appeal Board (VRAB) – Independent reviews and appeals of
departmental decisions.
Judicial Review – Applications for review to the Federal Court of Canada and the
Federal Court of Appeal.
Veterans also continue to have access to the Bureau of Pensions Advocates, which
provides free legal assistance to Veterans in preparing submissions and navigating the
review and appeal process.
Additional information about the appeal and review process: How to review or appeal a",0,N,Y,fairnessDesign13A,Y,191,1.0,
c839bedc-0d5f-4b02-98a7-671d1f60ac51,Original,1.0.1,Y,Mitigation Questions and Answers,mitigation,decision,34,Does the audit trail include change control processes to record modiﬁcations to the system's operation or performance?,False,Yes,2,Y,N,fairnessImplementation16,Y,45,1.0,
c839bedc-0d5f-4b02-98a7-671d1f60ac51,Original,1.0.1,Y,Mitigation Questions and Answers,mitigation,decision,35,Does the system base its decision or recommendation on all of the information provided by the client?,False,Not applicable,0,Y,N,fairnessImplementation17,Y,46,1.0,
c839bedc-0d5f-4b02-98a7-671d1f60ac51,Original,1.0.1,Y,Mitigation Questions and Answers,mitigation,decision,36,Have you undertaken mitigations in algorithm development and model testing to address bias and discrimination?,False,Yes,2,Y,N,fairnessImplementation18,Y,192,1.0,
c839bedc-0d5f-4b02-98a7-671d1f60ac51,Original,1.0.1,Y,Mitigation Questions and Answers,mitigation,decision,37,Describe the metrics used and any mitigations taken to address identiﬁed issues.,False,"The Department will monitor the performance of the CST over time using a combination of
accuracy-based and distributional metrics. Monitoring is conducted at an aggregate level
and, where appropriate, across relevant subgroups to identify potential performance
issues or unintended effects.
Human decision makers retain full authority for Disability Beneﬁts determinations and are
responsible for reviewing CST outputs as part of the adjudication process. Decision
makers are required to use the Tool as an input to their review, while retaining the ability to
conduct additional examination of the full application record where clariﬁcation or
veriﬁcation is required. This human-in-the-loop approach ensures that summaries
support, rather than replace, professional judgment.
Where monitoring or operational feedback identiﬁes potential performance issues or risks,
mitigation measures may include reﬁning prompts or model parameters, enhancing quality
assurance and guidance, increasing targeted human review, or implementing other
corrective actions in accordance with established governance and oversight processes.",0,N,Y,fairnessDesign18A,Y,193,1.0,
c839bedc-0d5f-4b02-98a7-671d1f60ac51,Original,1.0.1,Y,Mitigation Questions and Answers,mitigation,decision,38,Does the system only consider input data and information relevant to the decision?,False,Yes,2,Y,N,fairnessImplementation19,Y,194,1.0,
c839bedc-0d5f-4b02-98a7-671d1f60ac51,Original,1.0.1,Y,Mitigation Questions and Answers,mitigation,decision,39,Are the system rules directly relevant to the administrative decision?,False,No,0,Y,N,fairnessDesign20,Y,195,1.0,
c839bedc-0d5f-4b02-98a7-671d1f60ac51,Original,1.0.1,Y,Mitigation Questions and Answers,mitigation,decision,40,Indicate additional procedural fairness protections in place (check all that apply):,False,"Clear time frame or service standards for timeliness
Clients are provided with adequate information about the decision-making process
and have the opportunity to meaningfully participate
Clients are provided with all documents and information in which the administrative
decision was based
Mechanism for assessing and responding to client feedback",4,Y,N,fairnessDesign21,Y,196,1.0,
c839bedc-0d5f-4b02-98a7-671d1f60ac51,Original,1.0.1,Y,Mitigation Questions and Answers,mitigation,decision,41,Are there processes in place to ensure impartiality and ethical conduct by the decision maker in the use of the system and its outputs?,False,Yes,2,Y,N,fairnessDesign22,Y,198,1.0,
c839bedc-0d5f-4b02-98a7-671d1f60ac51,Original,1.0.1,Y,Mitigation Questions and Answers,mitigation,decision,42,Have you undertaken training on appropriate use and awareness of risks associated with automation bias?,False,Yes,2,Y,N,fairnessImplementation22A,Y,199,1.0,
c839bedc-0d5f-4b02-98a7-671d1f60ac51,Original,1.0.1,Y,Mitigation Questions and Answers,mitigation,decision,43,Will your team be regularly retraining the model or reviewing the rules?,False,No,0,Y,N,fairnessDesign23,Y,200,1.0,
c839bedc-0d5f-4b02-98a7-671d1f60ac51,Original,1.0.1,Y,Mitigation Questions and Answers,mitigation,decision,44,Do you have monitoring processes in place to detect changes in system performance overtime?,False,Yes,2,Y,N,fairnessDesign24,Y,201,0.994,
c839bedc-0d5f-4b02-98a7-671d1f60ac51,Original,1.0.1,Y,Mitigation Questions and Answers,mitigation,decision,45,Do you have a process in place to update the system based on the monitoring results?,False,Yes,1,Y,N,fairnessDesign24A,Y,202,1.0,
c839bedc-0d5f-4b02-98a7-671d1f60ac51,Original,1.0.1,Y,Mitigation Questions and Answers,mitigation,decision,46,Describe We will both monitor results and collect user feedback via a questionnaire. Feedback will be shared and reviewed with the development team. Items will be prioritized and addressed based on level of urgency.,False,De-Risking and Mitigation Measures - Privacy,0,N,Y,,Y,,0.201,
c839bedc-0d5f-4b02-98a7-671d1f60ac51,Original,1.0.1,Y,Mitigation Questions and Answers,mitigation,decision,47,"If your system uses or creates personal information, have you undertaken a PIA, or updated an existing one?",False,Yes,2,Y,N,privacyImplementation1,Y,71,1.0,
c839bedc-0d5f-4b02-98a7-671d1f60ac51,Original,1.0.1,Y,Mitigation Questions and Answers,mitigation,decision,48,Indicate the following in your answer: Title and scope of the PIA; How the automation project ﬁts into the program; and Date of PIA completion or modiﬁcation.,False,"The Privacy Impact Assessment for the Disability Beneﬁts Program was conducted to
support the introduction of the CST, which is used in the delivery of the Disability Beneﬁts
program. The CST does not introduce the collection of new personal information, but it
processes personal information that is collected by Veterans Affairs Canada for the
administration of the program as outlined in the Disability Beneﬁts Privacy Impact
Assessment and all relevant Personal Information Banks, and as authorized by the Pension
Act and the Veterans Well-being Act. The Privacy Impact Assessment was completed in
February 2026.",0,N,Y,privacyDesign5,Y,100,1.0,
c839bedc-0d5f-4b02-98a7-671d1f60ac51,Original,1.0.1,Y,Mitigation Questions and Answers,mitigation,decision,49,Have you designed and built security into your systems from the concept stage of the project?,False,Yes,2,Y,N,privacyImplementation2,Y,72,1.0,
c839bedc-0d5f-4b02-98a7-671d1f60ac51,Original,1.0.1,Y,Mitigation Questions and Answers,mitigation,decision,50,"Describe Security controls were incorporated from the concept stage of the project and applied throughout design and implementation. Access to CST summaries is restricted through role-based access controls managed via Active Directory assignments, ensuring that only authorized users can view summaries. PDF copies of summaries are stored within Veterans Affairs Canada’s approved Digital Images database, which is itself access- restricted to speciﬁc user groups.",False,"Security controls were reviewed and validated through the completion of a
Security Statement of Authorization. Operational approval was granted because adequate
security controls have been applied and residual risks have been assessed and reduced to
an acceptable level in accordance with departmental security requirements.",0,N,Y,,Y,,0.069,
c839bedc-0d5f-4b02-98a7-671d1f60ac51,Original,1.0.1,Y,Mitigation Questions and Answers,mitigation,decision,51,Have you designed and built privacy into your systems from the concept stage of the project?,False,Yes,2,Y,N,privacyImplementation9,Y,206,1.0,
c839bedc-0d5f-4b02-98a7-671d1f60ac51,Original,1.0.1,Y,Mitigation Questions and Answers,mitigation,decision,52,Describe Only authorized users can request and review summaries.,False,,0,N,Y,,Y,,0.492,
c839bedc-0d5f-4b02-98a7-671d1f60ac51,Original,1.0.1,Y,Mitigation Questions and Answers,mitigation,decision,53,"Is the information used within a closed system (no connections to the Internet, Intranet or any other system)?",False,No,0,Y,N,privacyImplementation3,Y,77,1.0,
c839bedc-0d5f-4b02-98a7-671d1f60ac51,Original,1.0.1,Y,Mitigation Questions and Answers,mitigation,decision,54,"If the disclosing of personal information is involved, has an agreement or arrangement with appropriate safeguards been established?",False,No,0,Y,N,privacyDesign4,Y,78,1.0,
c839bedc-0d5f-4b02-98a7-671d1f60ac51,Original,1.0.1,Y,Mitigation Questions and Answers,mitigation,decision,55,Will you de-identify any personal information used or created by the system at any point in the lifecycle?,False,No,0,Y,N,privacyDesign7,Y,102,1.0,
eed746a8-a682-47c2-86b1-b427398fa2e2,Original,0.10.0,Y,Project Details,none,,1,Name of Respondent Martin Burtt,False,,0,N,Y,,Y,,0.735,
eed746a8-a682-47c2-86b1-b427398fa2e2,Original,0.10.0,Y,Project Details,none,,2,Job Title Manager,False,,0,N,Y,,Y,,0.692,
eed746a8-a682-47c2-86b1-b427398fa2e2,Original,0.10.0,Y,Project Details,none,,3,Department Canada Border Services Agency,False,,0,N,Y,,Y,,0.4,
eed746a8-a682-47c2-86b1-b427398fa2e2,Original,0.10.0,Y,Project Details,none,,4,Branch Commercial and Trade,False,,0,N,Y,,Y,,0.364,
eed746a8-a682-47c2-86b1-b427398fa2e2,Original,0.10.0,Y,Project Details,none,,5,Project Title Export Compliance Dashboard,False,,0,N,Y,,Y,,0.531,
eed746a8-a682-47c2-86b1-b427398fa2e2,Original,0.10.0,Y,Project Details,none,,6,Project Phase,False,Implementation,0,Y,N,projectDetailsPhase,Y,51,1.0,
eed746a8-a682-47c2-86b1-b427398fa2e2,Original,0.10.0,Y,Project Details,none,,7,Please provide a project description:,True,"The Export Compliance Dashboard provides additional information related to
shipments for export. This is intended to help CBSA Officers perform a risk
assessment and identify potential instances of non-compliance in order to
select shipments for a physical examination or further review.
To do this, the tool compares export declaration information received from
exporters and shippers against historical records to identify shipments that
may have a higher probability of non-compliance and provides an associated
risk probability score, and also identifies when specific data points may be
missing or anomalous.
The tool can be leveraged by CBSA Officers to supplement existing systems",0,N,Y,projectDetailsDescription,Y,6,1.0,
eed746a8-a682-47c2-86b1-b427398fa2e2,Original,0.10.0,Y,Project Details,none,About The System,8,Please check which of the following capabilities apply to your system.,True,"Risk assessment: Analyzing very large data sets to identify patterns and
recommend courses of action and in some cases trigger specific actions
Process optimization and workflow automation: Analyzing large data sets to",0,N,Y,aboutSystem1,Y,9,1.0,
eed746a8-a682-47c2-86b1-b427398fa2e2,Original,0.10.0,Y,Impact Questions and Answers,raw,Reasons for Automation,1,What is motivating your team to introduce automation into this decision-making process?,True,(Check all that apply),0,N,Y,businessDrivers1,Y,7,0.891,
eed746a8-a682-47c2-86b1-b427398fa2e2,Original,0.10.0,Y,Impact Questions and Answers,raw,reasonable period of time,2,"What client needs will the system address and how will this system meet them? If possible, describe how client needs have been identified.",True,The tool will provide CBSA Officers with additional information to help them,0,N,Y,businessDrivers3,Y,79,1.0,
eed746a8-a682-47c2-86b1-b427398fa2e2,Original,0.10.0,Y,Impact Questions and Answers,raw,better identify non-compliant shipments and improve the Agency's,3,Please describe any public benefits the system is expected to have.,False,"By improving the quality of examination referrals, the tool will contribute to the
improved  facilitation of low-risk shipments, i.e. fewer compliant export
shipments will be subject to examination. CBSA Officers will be able to focus
on shipments of higher risk.",0,N,Y,businessDrivers4,Y,80,1.0,
eed746a8-a682-47c2-86b1-b427398fa2e2,Original,0.10.0,Y,Impact Questions and Answers,raw,better identify non-compliant shipments and improve the Agency's,4,How effective will the system likely be in meeting client needs?,False,Very effective,0,Y,N,businessDrivers5,Y,81,1.0,
eed746a8-a682-47c2-86b1-b427398fa2e2,Original,0.10.0,Y,Impact Questions and Answers,raw,better identify non-compliant shipments and improve the Agency's,5,"Please describe any improvements, benefits, or advantages you expect from using an automated system. This could include relevant program indicators and performance targets.",False,"The tool provides additional information that is not currently available to CBSA
Officers in an easy to use interface. This will allow Officers to better identify
non-compliant or high-risk shipments. This will result in more examinations
resulting in enforcement actions or measures taken to correct exporter non-
compliance.",0,N,Y,businessDrivers6,Y,82,1.0,
eed746a8-a682-47c2-86b1-b427398fa2e2,Original,0.10.0,Y,Impact Questions and Answers,raw,better identify non-compliant shipments and improve the Agency's,6,Please describe how you will ensure that the system is confined to addressing the client needs identified above.,True,The tool is intended to provide additional information that will supplement,0,N,Y,businessDrivers7,Y,83,1.0,
eed746a8-a682-47c2-86b1-b427398fa2e2,Original,0.10.0,Y,Impact Questions and Answers,raw,communicated upon deployment in accompanying messaging and in an,7,Please describe any trade-offs between client interests and program objectives that you have considered during the design of the project.,False,"There are no trade-offs between client interests and program objectives. The
tool will assist CBSA Officers' decision-making to better identify potential non-
compliance. This  will improve the facilitation of low-risk shipments.",0,N,Y,businessDrivers8,Y,84,1.0,
eed746a8-a682-47c2-86b1-b427398fa2e2,Original,0.10.0,Y,Impact Questions and Answers,raw,communicated upon deployment in accompanying messaging and in an,8,Have alternative non-automated processes been considered?,False,Yes,0,Y,N,businessDrivers9,Y,85,1.0,
eed746a8-a682-47c2-86b1-b427398fa2e2,Original,0.10.0,Y,Impact Questions and Answers,raw,communicated upon deployment in accompanying messaging and in an,9,"If non-automated processes were considered, why was automation identified as the preferred option?",False,"Regional staff have other manual processes they use that are less effective.
This is because the information is not available in any existing single
repository. The tool provides more information in an easy to use interface. It
allows for a more efficient decision-making process for CBSA Officers with
regard to the processing of export shipments. The Officers will still have the
ability to use existing manual processes.",0,N,Y,businessDrivers10,Y,86,1.0,
eed746a8-a682-47c2-86b1-b427398fa2e2,Original,0.10.0,Y,Impact Questions and Answers,raw,communicated upon deployment in accompanying messaging and in an,10,What would be the consequence of not deploying the system?,True,Service delivery cannot achieve performance targets,0,N,Y,businessDrivers11,Y,87,1.0,
eed746a8-a682-47c2-86b1-b427398fa2e2,Original,0.10.0,Y,Impact Questions and Answers,raw,Risk Profile,11,Is the project within an area of intense public scrutiny (e.g. because of privacy concerns) and/or frequent litigation?,False,Yes,3,Y,N,riskProfile1,Y,52,1.0,
eed746a8-a682-47c2-86b1-b427398fa2e2,Original,0.10.0,Y,Impact Questions and Answers,raw,Risk Profile,12,Are clients in this line of business particularly vulnerable?,False,No,0,Y,N,riskProfile2,Y,53,1.0,
eed746a8-a682-47c2-86b1-b427398fa2e2,Original,0.10.0,Y,Impact Questions and Answers,raw,Risk Profile,13,Are stakes of the decisions very high?,False,No,0,Y,N,riskProfile3,Y,54,1.0,
eed746a8-a682-47c2-86b1-b427398fa2e2,Original,0.10.0,Y,Impact Questions and Answers,raw,Risk Profile,14,"Will this project have major impacts on staff, either in terms of their numbers or their roles?",False,No,0,Y,N,riskProfile4,Y,55,1.0,
eed746a8-a682-47c2-86b1-b427398fa2e2,Original,0.10.0,Y,Impact Questions and Answers,raw,Risk Profile,15,Will the use of the system create or exacerbate barriers for persons with disabilities?,True,No,0,Y,N,riskProfile5,Y,89,1.0,
eed746a8-a682-47c2-86b1-b427398fa2e2,Original,0.10.0,Y,Impact Questions and Answers,raw,Project Authority,16,Will you require new policy authority for this project?,True,No,0,Y,N,projectAuthority1,Y,56,1.0,
eed746a8-a682-47c2-86b1-b427398fa2e2,Original,0.10.0,Y,Impact Questions and Answers,raw,About the Algorithm,17,The algorithm used will be a (trade) secret,False,Yes,3,Y,N,aboutAlgorithm1,Y,57,1.0,
eed746a8-a682-47c2-86b1-b427398fa2e2,Original,0.10.0,Y,Impact Questions and Answers,raw,About the Algorithm,18,The algorithmic process will be difficult to interpret or to explain,True,No,0,Y,N,aboutAlgorithm2,Y,58,1.0,
eed746a8-a682-47c2-86b1-b427398fa2e2,Original,0.10.0,Y,Impact Questions and Answers,raw,About the Decision,19,Please describe the decision(s) that will be automated.,True,CBSA Officers can leverage the tool to supplement existing systems and,0,N,Y,decisionSector3,Y,91,1.0,
eed746a8-a682-47c2-86b1-b427398fa2e2,Original,0.10.0,Y,Impact Questions and Answers,raw,database checks to support informed decisions on whether to examine a,20,Does the decision pertain to any of the categories below (check all that apply):,False,Other (please specify),1,Y,N,decisionSector1,Y,11,1.0,
eed746a8-a682-47c2-86b1-b427398fa2e2,Original,0.10.0,Y,Impact Questions and Answers,raw,database checks to support informed decisions on whether to examine a,21,Please describe Border management: risk assessment and screening of export shipments.,False,Impact Assessment,0,N,Y,,Y,,0.503,
eed746a8-a682-47c2-86b1-b427398fa2e2,Original,0.10.0,Y,Impact Questions and Answers,raw,database checks to support informed decisions on whether to examine a,22,Which of the following best describes the type of automation you are planning?,False,"Partial automation (the system will contribute to administrative decision-
making by supporting an officer through assessments, recommendations,
intermediate decisions, or other outputs)",2,Y,N,impact30,Y,92,1.0,
eed746a8-a682-47c2-86b1-b427398fa2e2,Original,0.10.0,Y,Impact Questions and Answers,raw,database checks to support informed decisions on whether to examine a,23,Please describe the role of the system in the decision-making process.,False,"When reviewing shipments for export, CBSA Officers refer to many sources to
gather  information, including internal systems and databases, as well as
publicly available information on the internet. The tool can supplement the
Officers' existing systems and database checks by providing additional
information about potential risk in export shipments.",0,N,Y,impact31,Y,93,1.0,
eed746a8-a682-47c2-86b1-b427398fa2e2,Original,0.10.0,Y,Impact Questions and Answers,raw,database checks to support informed decisions on whether to examine a,24,Will the system be making decisions or assessments that require judgement or discretion?,False,No,0,Y,N,impact3,Y,47,1.0,
eed746a8-a682-47c2-86b1-b427398fa2e2,Original,0.10.0,Y,Impact Questions and Answers,raw,database checks to support informed decisions on whether to examine a,25,Please describe the criteria used to evaluate client data and the operations applied to process it.,False,This information is not shared for security reasons.,0,N,Y,impact20,Y,94,1.0,
eed746a8-a682-47c2-86b1-b427398fa2e2,Original,0.10.0,Y,Impact Questions and Answers,raw,database checks to support informed decisions on whether to examine a,26,Please describe the output produced by the system and any relevant information needed to interpret it in the context of the administrative decision.,True,"The tool outputs a list of export shipments with an associated risk probability
score, and also identifies when specific data points may be missing or
anomalous. The tool makes no decisions or recommendations. However,
CBSA officers may use it, in addition to existing databases and systems, to",0,N,Y,impact21,Y,95,1.0,
eed746a8-a682-47c2-86b1-b427398fa2e2,Original,0.10.0,Y,Impact Questions and Answers,raw,make informed decisions on the appropriateness of examining shipments,27,Will the system perform an assessment or other operation that would not otherwise be completed by a human?,False,No,0,Y,N,impact22,Y,96,1.0,
eed746a8-a682-47c2-86b1-b427398fa2e2,Original,0.10.0,Y,Impact Questions and Answers,raw,make informed decisions on the appropriateness of examining shipments,28,Is the system used by a different part of the organization than the ones who developed it?,False,Yes,4,Y,N,impact5,Y,14,1.0,
eed746a8-a682-47c2-86b1-b427398fa2e2,Original,0.10.0,Y,Impact Questions and Answers,raw,make informed decisions on the appropriateness of examining shipments,29,Are the impacts resulting from the decision reversible?,False,Reversible,1,Y,N,impact6,Y,15,1.0,
eed746a8-a682-47c2-86b1-b427398fa2e2,Original,0.10.0,Y,Impact Questions and Answers,raw,make informed decisions on the appropriateness of examining shipments,30,How long will impacts from the decision last?,False,Impacts are most likely to be brief,1,Y,N,impact7,Y,16,1.0,
eed746a8-a682-47c2-86b1-b427398fa2e2,Original,0.10.0,Y,Impact Questions and Answers,raw,make informed decisions on the appropriateness of examining shipments,31,Please describe why the impacts resulting from the decision are as per selected option above.,False,"The tool will improve CBSA Officers' ability to identify potential non-
compliance and improve facilitation of compliant shipments. Impacts to
compliant exporters will be brief because any resulting examination after an
Officer's referral decision will usually occur the same day. Non-compliant
exporters will be processed in the regular manner, which could result in a
warning letter, a monetary penalty, enforcement action and/or possible
seizure of the goods. It is also possible for a referral for examination to be
cancelled by an Officer using existing system functionality, which will allow
the exporter to proceed with the export of the goods.",0,N,Y,impact8,Y,17,1.0,
eed746a8-a682-47c2-86b1-b427398fa2e2,Original,0.10.0,Y,Impact Questions and Answers,raw,make informed decisions on the appropriateness of examining shipments,32,The impacts that the decision will have on the rights or freedoms of individuals will likely be:,False,Little to no impact,1,Y,N,impact9,Y,18,1.0,
eed746a8-a682-47c2-86b1-b427398fa2e2,Original,0.10.0,Y,Impact Questions and Answers,raw,make informed decisions on the appropriateness of examining shipments,33,Please describe why the impacts resulting from the decision are as per selected option above.,False,"The tool supplements CBSA Officers' existing systems and database checks
related to export shipments.  By assisting the Officer in making more precise
examination referrals, fewer compliant export shipments will be subject to
examination.   As the tool contains only export shipment information, it has no
direct impacts on the rights or freedoms of individuals.",0,N,Y,impact8,Y,17,1.0,
eed746a8-a682-47c2-86b1-b427398fa2e2,Original,0.10.0,Y,Impact Questions and Answers,raw,make informed decisions on the appropriateness of examining shipments,34,"The impacts that the decision will have on the equality, dignity, privacy, and autonomy of individuals will likely be:",False,Little to no impact,1,Y,N,impact24,Y,69,1.0,
eed746a8-a682-47c2-86b1-b427398fa2e2,Original,0.10.0,Y,Impact Questions and Answers,raw,make informed decisions on the appropriateness of examining shipments,35,Please describe why the impacts resulting from the decision are as per selected option above.,False,"The inspection of export shipments does not affect the equality, dignity,
privacy nor the autonomy of individuals.  The tool  supplements the existing
systems and database checks currently being performed by CBSA Officers.
While the tool will improve the quality of examination referrals, it will not
impact the examination process.",0,N,Y,impact8,Y,17,1.0,
eed746a8-a682-47c2-86b1-b427398fa2e2,Original,0.10.0,Y,Impact Questions and Answers,raw,make informed decisions on the appropriateness of examining shipments,36,The impacts that the decision will have on the health and well-being of individuals will likely be:,False,Little to no impact,1,Y,N,impact11,Y,69,1.0,
eed746a8-a682-47c2-86b1-b427398fa2e2,Original,0.10.0,Y,Impact Questions and Answers,raw,make informed decisions on the appropriateness of examining shipments,37,Please describe why the impacts resulting from the decision are as per selected option above.,False,"The inspection of export shipments does not affect the health or well-being of
individuals.  The tool contains information related to export shipments only
and does not risk assess against individuals.  The tool supplements existing
systems and database checks currently being performed by CBSA Officers.",0,N,Y,impact8,Y,17,1.0,
eed746a8-a682-47c2-86b1-b427398fa2e2,Original,0.10.0,Y,Impact Questions and Answers,raw,make informed decisions on the appropriateness of examining shipments,38,The impacts that the decision will have on the economic interests of individuals will likely be:,False,Little to no impact,1,Y,N,impact13,Y,69,1.0,
eed746a8-a682-47c2-86b1-b427398fa2e2,Original,0.10.0,Y,Impact Questions and Answers,raw,make informed decisions on the appropriateness of examining shipments,39,Please describe why the impacts resulting from the decision are as per selected option above.,False,"Any shipment of exported goods may be examined by the CBSA under Section
99(1)(c) of the Customs Act. Examinations may result in a fee to the exporter
to move their goods to the warehouse by the port terminal operator. This fee
is charged regardless of the outcome of the examination. Consequently, the
tool would not result in an economic impact to exporters unless there was an
increase in CBSA Officers at the Port to conduct more examinations, but this
would be unrelated to the implementation of the tool. The tool will provide
additional information that will support improved decision- making by CBSA
Officers. That is, the latter will be better able to determine which shipments to
examine. This will result in improved facilitation and less examinations for
low-risk shipments.",0,N,Y,impact8,Y,17,1.0,
eed746a8-a682-47c2-86b1-b427398fa2e2,Original,0.10.0,Y,Impact Questions and Answers,raw,make informed decisions on the appropriateness of examining shipments,40,"The impacts that the decision will have on the ongoing sustainability of an environmental ecosystem, will likely be:",False,Little to no impact,1,Y,N,impact15,Y,19,1.0,
eed746a8-a682-47c2-86b1-b427398fa2e2,Original,0.10.0,Y,Impact Questions and Answers,raw,make informed decisions on the appropriateness of examining shipments,41,Please describe why the impacts resulting from the decision are as per selected option above.,True,"The tool does not have any environmental implications. The inspection of
shipments does not affect the ongoing sustainability of an environmental
ecosystem.",0,N,Y,impact8,Y,17,1.0,
eed746a8-a682-47c2-86b1-b427398fa2e2,Original,0.10.0,Y,Impact Questions and Answers,raw,About the Data - A. Data Source,42,Will the Automated Decision System use personal information as input data?,False,Yes,4,Y,N,aboutDataSource1,Y,20,1.0,
eed746a8-a682-47c2-86b1-b427398fa2e2,Original,0.10.0,Y,Impact Questions and Answers,raw,About the Data - A. Data Source,43,Have you verified that the use of personal information is limited to only what is directly related to delivering a program or service?,False,Yes,0,Y,N,aboutDataSource9,Y,73,1.0,
eed746a8-a682-47c2-86b1-b427398fa2e2,Original,0.10.0,Y,Impact Questions and Answers,raw,About the Data - A. Data Source,44,Is the personal information of individuals being used in a decision-making process that directly affects those individuals?,False,No,0,Y,N,aboutDataSource10,Y,74,1.0,
eed746a8-a682-47c2-86b1-b427398fa2e2,Original,0.10.0,Y,Impact Questions and Answers,raw,About the Data - A. Data Source,45,Have you verified if the system is using personal information in a way that is consistent with: (a) the current Personal Information Banks (PIBs) and Privacy Impact Assessments (PIAs) of your programs or (b) planned or implemented modifications to the PIBs or PIAs that take new uses and processes into account?,False,Yes,0,Y,N,aboutDataSource11,Y,75,1.0,
eed746a8-a682-47c2-86b1-b427398fa2e2,Original,0.10.0,Y,Impact Questions and Answers,raw,About the Data - A. Data Source,46,Please list relevant PIB Bank Numbers.,False,CBSA PPU 1103,0,N,Y,aboutDataSource12,Y,98,1.0,
eed746a8-a682-47c2-86b1-b427398fa2e2,Original,0.10.0,Y,Impact Questions and Answers,raw,About the Data - A. Data Source,47,What is the highest security classification of the input data used by the system? (Select one),False,Protected A,1,Y,N,aboutDataSource2,Y,21,1.0,
eed746a8-a682-47c2-86b1-b427398fa2e2,Original,0.10.0,Y,Impact Questions and Answers,raw,About the Data - A. Data Source,48,Who controls the data?,False,Federal government,1,Y,N,aboutDataSource3,Y,22,1.0,
eed746a8-a682-47c2-86b1-b427398fa2e2,Original,0.10.0,Y,Impact Questions and Answers,raw,About the Data - A. Data Source,49,Will the system use data from multiple different sources?,False,No,0,Y,N,aboutDataSource4,Y,23,1.0,
eed746a8-a682-47c2-86b1-b427398fa2e2,Original,0.10.0,Y,Impact Questions and Answers,raw,About the Data - A. Data Source,50,Will the system require input data from an Internet- or telephony-connected device? (e.g.,False,"Internet of Things, sensor)
No",0,Y,N,aboutDataSource5,Y,24,0.867,
eed746a8-a682-47c2-86b1-b427398fa2e2,Original,0.10.0,Y,Impact Questions and Answers,raw,About the Data - A. Data Source,51,Will the system interface with other IT systems?,False,No,0,Y,N,aboutDataSource6,Y,25,1.0,
eed746a8-a682-47c2-86b1-b427398fa2e2,Original,0.10.0,Y,Impact Questions and Answers,raw,About the Data - A. Data Source,52,Who collected the data used for training the system?,False,Your institution,1,Y,N,aboutDataSource7,Y,26,1.0,
eed746a8-a682-47c2-86b1-b427398fa2e2,Original,0.10.0,Y,Impact Questions and Answers,raw,About the Data - A. Data Source,53,Who collected the input data used by the system?,False,Your institution,1,Y,N,aboutDataSource8,Y,26,1.0,
eed746a8-a682-47c2-86b1-b427398fa2e2,Original,0.10.0,Y,Impact Questions and Answers,raw,About the Data - A. Data Source,54,"Please describe the input data collected and used by the system, its source, and method of collection.",True,"The data is initially collected in CERS where trade chain partners can submit
their export data via a portal or using the G7-EDI reporting method. The latter
allows exporters and customs service providers to submit export declarations
using electronic data interchange. Data is also collected in the System for
Export Examination (SEE) by Officers performing examinations. The tool does
not pull data directly from the operational channels, rather it is retrieved from
the Enterprise Data Warehouse. It uses a statistical model to evaluate export
shipment data received, including business number, container number(s), HS
code, commodity descriptors, country of destination, declared value, and
examination results data from SEE.",0,N,Y,aboutDataSource13,Y,99,1.0,
eed746a8-a682-47c2-86b1-b427398fa2e2,Original,0.10.0,Y,Impact Questions and Answers,raw,About the Data - B. Type of Data,55,Will the system require the analysis of unstructured data to render a recommendation or a decision?,False,Yes,0,Y,N,aboutDataType1,Y,27,1.0,
eed746a8-a682-47c2-86b1-b427398fa2e2,Original,0.10.0,Y,Impact Questions and Answers,raw,About the Data - B. Type of Data,56,What types of unstructured data? (Check all that apply),False,Audio and text files,2,Y,N,aboutDataType2,Y,28,1.0,
eed746a8-a682-47c2-86b1-b427398fa2e2,Original,0.10.0,Y,Mitigation Questions and Answers,mitigation,Consultations,1,"Internal Stakeholders (federal institutions, including the federal public service)",False,Yes,1,Y,N,consultationDesign1,Y,61,1.0,
eed746a8-a682-47c2-86b1-b427398fa2e2,Original,0.10.0,Y,Mitigation Questions and Answers,mitigation,Consultations,2,Which Internal Stakeholders have you engaged?,True,Other (describe),0,N,Y,consultationImplementation2,Y,62,1.0,
eed746a8-a682-47c2-86b1-b427398fa2e2,Original,0.10.0,Y,Mitigation Questions and Answers,mitigation,Program Policy,3,"Please describe CBSA Strategic Policy Branch, Chief Data Office Regional end-users",False,,0,N,Y,,Y,,0.5,
eed746a8-a682-47c2-86b1-b427398fa2e2,Original,0.10.0,Y,Mitigation Questions and Answers,mitigation,Program Policy,4,External Stakeholders (groups in other sectors or jurisdictions),False,Yes,1,Y,N,consultationDesign3,Y,63,1.0,
eed746a8-a682-47c2-86b1-b427398fa2e2,Original,0.10.0,Y,Mitigation Questions and Answers,mitigation,Program Policy,5,Which External Stakeholders have you engaged?,False,Other (describe),0,N,Y,consultationImplementation4,Y,64,1.0,
eed746a8-a682-47c2-86b1-b427398fa2e2,Original,0.10.0,Y,Mitigation Questions and Answers,mitigation,Program Policy,6,Please describe Organizations in other sectors or jurisdictions De-Risking and Mitigation Measures - Data Quality,False,,0,N,Y,,Y,,0.509,
eed746a8-a682-47c2-86b1-b427398fa2e2,Original,0.10.0,Y,Mitigation Questions and Answers,mitigation,Program Policy,7,"Do you have documented processes in place to test datasets against biases and other unexpected outcomes? This could include experience in applying frameworks, methods, guidelines or other assessment tools.",False,Yes,2,Y,N,dataQualityImplementation1,Y,67,1.0,
eed746a8-a682-47c2-86b1-b427398fa2e2,Original,0.10.0,Y,Mitigation Questions and Answers,mitigation,Program Policy,8,Is this information publicly available?,False,No,0,Y,N,dataQualityImplementation2,Y,66,1.0,
eed746a8-a682-47c2-86b1-b427398fa2e2,Original,0.10.0,Y,Mitigation Questions and Answers,mitigation,Program Policy,9,Have you developed a process to document how data quality issues were resolved during the design process?,False,Yes,1,Y,N,dataQualityImplementation3,Y,30,1.0,
eed746a8-a682-47c2-86b1-b427398fa2e2,Original,0.10.0,Y,Mitigation Questions and Answers,mitigation,Program Policy,10,Is this information publicly available?,False,No,0,Y,N,dataQualityImplementation2,Y,66,1.0,
eed746a8-a682-47c2-86b1-b427398fa2e2,Original,0.10.0,Y,Mitigation Questions and Answers,mitigation,Program Policy,11,Have you undertaken a Gender Based Analysis Plus of the data?,False,No,0,Y,N,dataQualityImplementation5,Y,31,1.0,
eed746a8-a682-47c2-86b1-b427398fa2e2,Original,0.10.0,Y,Mitigation Questions and Answers,mitigation,Program Policy,12,Is this information publicly available?,False,No,0,Y,N,dataQualityImplementation2,Y,66,1.0,
eed746a8-a682-47c2-86b1-b427398fa2e2,Original,0.10.0,Y,Mitigation Questions and Answers,mitigation,Program Policy,13,"Have you assigned accountability in your institution for the design, development, maintenance, and improvement of the system?",False,Yes,2,Y,N,dataQualityDesign7,Y,32,1.0,
eed746a8-a682-47c2-86b1-b427398fa2e2,Original,0.10.0,Y,Mitigation Questions and Answers,mitigation,Program Policy,14,Do you have a documented process to manage the risk that outdated or unreliable data is used to make an automated decision?,False,Yes,2,Y,N,dataQualityImplementation8,Y,33,1.0,
eed746a8-a682-47c2-86b1-b427398fa2e2,Original,0.10.0,Y,Mitigation Questions and Answers,mitigation,Program Policy,15,Is this information publicly available?,False,No,0,Y,N,dataQualityImplementation2,Y,66,1.0,
eed746a8-a682-47c2-86b1-b427398fa2e2,Original,0.10.0,Y,Mitigation Questions and Answers,mitigation,Program Policy,16,Is the data used for this system posted on the Open Government Portal?,True,No,0,Y,N,dataQualityImplementation10,Y,34,1.0,
eed746a8-a682-47c2-86b1-b427398fa2e2,Original,0.10.0,Y,Mitigation Questions and Answers,mitigation,Fairness,17,Does the audit trail identify the authority or delegated authority identified in legislation?,False,Yes,1,Y,N,fairnessImplementation1,Y,68,1.0,
eed746a8-a682-47c2-86b1-b427398fa2e2,Original,0.10.0,Y,Mitigation Questions and Answers,mitigation,Fairness,18,Does the system provide an audit trail that records all the recommendations or decisions made by the system?,False,Yes,2,Y,N,fairnessImplementation2,Y,36,1.0,
eed746a8-a682-47c2-86b1-b427398fa2e2,Original,0.10.0,Y,Mitigation Questions and Answers,mitigation,Fairness,19,Are all key decision points identifiable in the audit trail?,False,Yes,2,Y,N,fairnessImplementation3,Y,37,1.0,
eed746a8-a682-47c2-86b1-b427398fa2e2,Original,0.10.0,Y,Mitigation Questions and Answers,mitigation,Fairness,20,"Are all key decision points within the automated system's logic linked to the relevant legislation, policy or procedures?",False,Yes,1,Y,N,fairnessImplementation4,Y,38,1.0,
eed746a8-a682-47c2-86b1-b427398fa2e2,Original,0.10.0,Y,Mitigation Questions and Answers,mitigation,Fairness,21,Do you maintain a current and up to date log detailing all of the changes made to the model and the system?,False,Yes,2,Y,N,fairnessImplementation5,Y,39,1.0,
eed746a8-a682-47c2-86b1-b427398fa2e2,Original,0.10.0,Y,Mitigation Questions and Answers,mitigation,Fairness,22,Does the system's audit trail indicate all of the decision points made by the system?,False,Yes,1,Y,N,fairnessImplementation6,Y,40,1.0,
eed746a8-a682-47c2-86b1-b427398fa2e2,Original,0.10.0,Y,Mitigation Questions and Answers,mitigation,Fairness,23,Can the audit trail generated by the system be used to help generate a notification of the decision (including a statement of reasons or other notifications) where required?,False,Yes,1,Y,N,fairnessImplementation7,Y,41,1.0,
eed746a8-a682-47c2-86b1-b427398fa2e2,Original,0.10.0,Y,Mitigation Questions and Answers,mitigation,Fairness,24,Does the audit trail identify precisely which version of the system was used for each decision it supports?,False,Yes,2,Y,N,fairnessImplementation8,Y,42,1.0,
eed746a8-a682-47c2-86b1-b427398fa2e2,Original,0.10.0,Y,Mitigation Questions and Answers,mitigation,Fairness,25,Does the audit trail show who an authorized decision-maker is?,False,Yes,1,Y,N,fairnessImplementation9,Y,43,1.0,
eed746a8-a682-47c2-86b1-b427398fa2e2,Original,0.10.0,Y,Mitigation Questions and Answers,mitigation,Fairness,26,Is the system able to produce reasons for its decisions or recommendations when required?,False,Yes,2,Y,N,fairnessImplementation10,Y,44,1.0,
eed746a8-a682-47c2-86b1-b427398fa2e2,Original,0.10.0,Y,Mitigation Questions and Answers,mitigation,Fairness,27,"Is there a process in place to grant, monitor, and revoke access permission to the system?",False,Yes,1,Y,N,fairnessImplementation11,Y,45,1.0,
eed746a8-a682-47c2-86b1-b427398fa2e2,Original,0.10.0,Y,Mitigation Questions and Answers,mitigation,Fairness,28,Is there a mechanism to capture feedback by users of the system?,False,Yes,1,Y,N,fairnessImplementation12,Y,46,1.0,
eed746a8-a682-47c2-86b1-b427398fa2e2,Original,0.10.0,Y,Mitigation Questions and Answers,mitigation,Fairness,29,Is there a recourse process established for clients that wish to challenge the decision?,False,Yes,2,Y,N,fairnessImplementation13,Y,42,1.0,
eed746a8-a682-47c2-86b1-b427398fa2e2,Original,0.10.0,Y,Mitigation Questions and Answers,mitigation,Fairness,30,Does the system enable human override of system decisions?,False,Yes,2,Y,N,fairnessImplementation14,Y,43,1.0,
eed746a8-a682-47c2-86b1-b427398fa2e2,Original,0.10.0,Y,Mitigation Questions and Answers,mitigation,Fairness,31,Is there a process in place to log the instances when overrides were performed?,False,No,0,Y,N,fairnessImplementation15,Y,44,1.0,
eed746a8-a682-47c2-86b1-b427398fa2e2,Original,0.10.0,Y,Mitigation Questions and Answers,mitigation,Fairness,32,Does the system's audit trail include change control processes to record modifications to the system's operation or performance?,False,Yes,2,Y,N,fairnessImplementation16,Y,45,1.0,
eed746a8-a682-47c2-86b1-b427398fa2e2,Original,0.10.0,Y,Mitigation Questions and Answers,mitigation,Fairness,33,Have you prepared a concept case to the Government of Canada Enterprise Architecture Review Board?,True,No,0,Y,N,fairnessImplementation17,Y,46,1.0,
eed746a8-a682-47c2-86b1-b427398fa2e2,Original,0.10.0,Y,Mitigation Questions and Answers,mitigation,De-Risking and Mitigation Measures - Privacy,34,"If your system uses or creates personal information, have you undertaken a Privacy Impact Assessment, or updated an existing one?",False,No,0,Y,N,privacyImplementation1,Y,71,1.0,
eed746a8-a682-47c2-86b1-b427398fa2e2,Original,0.10.0,Y,Mitigation Questions and Answers,mitigation,De-Risking and Mitigation Measures - Privacy,35,Have you undertaken other types of privacy assessments for your automation project?,False,"Please describe any relevant efforts.
It has been determined that a Privacy Impact Assessment (PIA) is required for
this tool. The PIA will be written in combination with other functionality, as
part of the larger transformation to establish a risk assessment model in the
export stream. This will be done once the CBSA has determined which other
functionalities would be the most effective at detecting high-risk shipments.",0,N,Y,privacyDesign6,Y,101,0.816,
eed746a8-a682-47c2-86b1-b427398fa2e2,Original,0.10.0,Y,Mitigation Questions and Answers,mitigation,De-Risking and Mitigation Measures - Privacy,36,Have you designed and built security and privacy into your systems from the concept stage of the project?,False,Yes,1,Y,N,privacyImplementation2,Y,72,1.0,
eed746a8-a682-47c2-86b1-b427398fa2e2,Original,0.10.0,Y,Mitigation Questions and Answers,mitigation,De-Risking and Mitigation Measures - Privacy,37,"Is the information used within a closed system (i.e. no connections to the Internet, Intranet or any other system)?",False,No,0,Y,N,privacyImplementation3,Y,77,1.0,
eed746a8-a682-47c2-86b1-b427398fa2e2,Original,0.10.0,Y,Mitigation Questions and Answers,mitigation,De-Risking and Mitigation Measures - Privacy,38,"If the sharing of personal information is involved, has an agreement or arrangement with appropriate safeguards been established?",False,Yes,1,Y,N,privacyDesign4,Y,78,1.0,
eed746a8-a682-47c2-86b1-b427398fa2e2,Original,0.10.0,Y,Mitigation Questions and Answers,mitigation,De-Risking and Mitigation Measures - Privacy,39,Will you de-identify any personal information used or created by the system at any point in the lifecycle?,False,No,0,Y,N,privacyDesign7,Y,102,1.0,
