field_id,catalog_version,field_name,page_name,section_name_en,section_name_fr,section_order,panel_name,panel_suffix,point_type,mitigation_phase,answer_type,is_mandatory,visible_if,option_count,max_points,text_en,text_fr,guidance_en,guidance_fr
1,1.0.0,projectAIAnumber,projectDetails,Project Details,Détails du projet,2,projectDetailsPanel-NS,NS,none,,text,N,,0,0,Published AIA version number,Numéro de la version publiée de l'évaluation de l'incidence algorithmique (EIA),,
2,1.0.0,projectDetailsRespondent,projectDetails,Project Details,Détails du projet,2,projectDetailsPanel-NS,NS,none,,text,N,,0,0,Name of Respondent,Nom de la personne sondée,The name of the respondent is the name of the person that answers the questions.,Le nom de la personne répondant aux questions.
3,1.0.0,projectDetailsJob,projectDetails,Project Details,Détails du projet,2,projectDetailsPanel-NS,NS,none,,text,N,,0,0,Job Title,Titre du poste,,
4,1.0.0,ADMresponsible,projectDetails,Project Details,Détails du projet,2,projectDetailsPanel-NS,NS,none,,text,N,,0,0,Name of ADM responsible for the program using the automated decision system ,Nom du sous-ministre adjoint ou de la sous-ministre adjointe responsable du programme pour lequel le système décisionnel automatisé est utilisé,,
5,1.0.0,projectDetailsDepartment-NS,projectDetails,Project Details,Détails du projet,2,projectDetailsPanel-NS,NS,none,,dropdown,N,,101,0,Department,Ministère,,
6,1.0.0,projectDetailsBranch,projectDetails,Project Details,Détails du projet,2,projectDetailsPanel-NS,NS,none,,text,N,,0,0,Branch,Direction générale,,
7,1.0.0,consultedTeams,projectDetails,Project Details,Détails du projet,2,projectDetailsPanel-NS,NS,none,,text,N,,0,0,Teams consulted on completion of the Algorithmic Impact Assessment,Équipes consultées lors de l'EIA,,
8,1.0.0,projectDetailsTitle,projectDetails,Project Details,Détails du projet,2,projectDetailsPanel-NS,NS,none,,text,N,,0,0,Project Title,Titre du projet,,
9,1.0.0,projectDetailsID,projectDetails,Project Details,Détails du projet,2,projectDetailsPanel-NS,NS,none,,text,N,,0,0,Project ID from IT Plan,Numéro du projet dans le Plan des TI ,,
10,1.0.0,ServiceID,projectDetails,Project Details,Détails du projet,2,projectDetailsPanel-NS,NS,none,,text,N,,0,0,Service ID,ID du service,,
11,1.0.0,projectDetailsProgram,projectDetails,Project Details,Détails du projet,2,projectDetailsPanel-NS,NS,none,,text,N,,0,0,Departmental Program (from Departmental Results Framework),Programme ministériel (Cadre ministériel des résultats),,
12,1.0.0,projectDetailsPhase,projectDetails,Project Details,Détails du projet,2,projectDetailsPanel-NS,NS,none,,radiogroup,Y,,2,0,Project Phase,Phase du projet,,
13,1.0.0,projectDetailsDescription,projectDetails,Project Details,Détails du projet,2,projectDetailsPanel-NS,NS,none,,comment,N,,0,0,Provide a project description:,Veuillez fournir une description du projet :,,
14,1.0.0,businessDrivers1,businessDrivers,Reasons for Automation,Raisons de l'automatisation,3,businessDriversPanel-RS,RS,raw,,checkbox,N,,6,0,What is motivating your team to introduce automation into this decision-making process? (Check all that apply),Qu'est-ce qui motive votre équipe à intégrer l'automatisation dans ce processus décisionnel? (Cochez toutes les réponses qui s'appliquent.),,
15,1.0.0,motivation-other,businessDrivers,Reasons for Automation,Raisons de l'automatisation,3,businessDriversPanel-RS,RS,raw,,comment,N,"{businessDrivers1} contains ""item6""",0,0,Please describe,S'il vous plait décrire,,
16,1.0.0,businessDrivers3,businessDrivers,Reasons for Automation,Raisons de l'automatisation,3,businessDriversPanel-RS,RS,raw,,comment,N,,0,0,What are the client needs the system will address?  Describe how client needs have been identified. ,Quels sont les besoins de la clientèle auxquels le système permettra de répondre? Décrivez les mesures prises pour déterminer les besoins de la clientèle.,,
17,1.0.0,businessDrivers4,businessDrivers,Reasons for Automation,Raisons de l'automatisation,3,businessDriversPanel-RS,RS,raw,,comment,N,,0,0,Describe any positive impacts on clients and Canadian society that the system is expected to have.,Veuillez décrire tous les avantages que le système devrait apporter à la clientèle et à la société canadienne.,,
18,1.0.0,businessDrivers5,businessDrivers,Reasons for Automation,Raisons de l'automatisation,3,businessDriversPanel-RS,RS,raw,,dropdown,N,,3,2,How effective will the system likely be in meeting client needs?,Dans quelle mesure le système permettra-t-il de répondre efficacement aux besoins de la clientèle?,,
19,1.0.0,businessDrivers5B,businessDrivers,Reasons for Automation,Raisons de l'automatisation,3,businessDriversPanel-RS,RS,raw,,comment,N,,0,0,Describe why effectiveness is as selected.,Préciser les raisons pour lesquelles l'efficacité est telle que sélectionnée.,,
20,1.0.0,businessDrivers7,businessDrivers,Reasons for Automation,Raisons de l'automatisation,3,businessDriversPanel-RS,RS,raw,,comment,N,,0,0,Describe how you will ensure that the system is confined to addressing the client needs identified.,Veuillez décrire les mesures que vous prendrez pour vous assurer que le système ne servira qu'à répondre aux besoins de la clientèle.,,
21,1.0.0,businessDrivers8,businessDrivers,Reasons for Automation,Raisons de l'automatisation,3,businessDriversPanel-RS,RS,raw,,comment,N,,0,0,Describe any trade-offs between client interests and program objectives that you have considered during the design of the project.,Veuillez décrire tous les compromis envisagés lors de la conception du projet pour concilier les intérêts de la clientèle et les objectifs du programme.,,
22,1.0.0,businessDrivers6A,businessDrivers,Reasons for Automation,Raisons de l'automatisation,3,businessDriversPanel-RS,RS,raw,,comment,N,,0,0,"Describe any improvements, benefits, or advantages your department expects from using an automated system.","Veuillez décrire les améliorations, les bienfaits ou les avantages que votre ministère entend obtenir de l'utilisation d'un système automatisé.",,
23,1.0.0,businessDrivers6B,businessDrivers,Reasons for Automation,Raisons de l'automatisation,3,businessDriversPanel-RS,RS,raw,,comment,N,,0,0,"What are your current program indicators, service standards or performance targets?","Quels sont les indicateurs, les normes de service ou les objectifs de rendement de votre programme?",,
24,1.0.0,businessDrivers6C,businessDrivers,Reasons for Automation,Raisons de l'automatisation,3,businessDriversPanel-RS,RS,raw,,comment,N,,0,0,"What is your current performance level against these indicators, standards or targets?","Quel est votre niveau de rendement par rapport à ces indicateurs, à ces normes ou à ces objectifs?",,
25,1.0.0,businessDrivers6D,businessDrivers,Reasons for Automation,Raisons de l'automatisation,3,businessDriversPanel-RS,RS,raw,,comment,N,,0,0,"How do you expect the system will change performance against your program indicators, service standards or performance targets?","À votre avis, en quoi le système améliorera-t-il votre rendement par rapport aux indicateurs, aux normes de service ou aux objectifs de rendement établis pour votre programme?",,
26,1.0.0,businessDrivers9,businessDrivers,Reasons for Automation,Raisons de l'automatisation,3,businessDriversPanel-RS,RS,raw,,radiogroup,N,,2,1,Have alternative non-automated processes been considered?,D'autres processus non automatisés ont-elles été envisagées?,,
27,1.0.0,businessDrivers10,businessDrivers,Reasons for Automation,Raisons de l'automatisation,3,businessDriversPanel-RS,RS,raw,,comment,N,"{businessDrivers9} contains ""item1-0""",0,0,"If non-automated processes were considered, why was automation identified as the preferred option?","Si oui, pourquoi l'automatisation a-t-elle été la solution choisie?",,
28,1.0.0,businessDrivers11,businessDrivers,Reasons for Automation,Raisons de l'automatisation,3,businessDriversPanel-RS,RS,raw,,checkbox,N,,6,2,What would be the consequence of not deploying the system?,Quelle serait la conséquence du non-déploiement du système?,,
29,1.0.0,businessDrivers12,businessDrivers,Reasons for Automation,Raisons de l'automatisation,3,businessDriversPanel-RS,RS,raw,,comment,N,"{businessDrivers11} contains ""item6-0""",0,0,Describe,Veuillez expliquer votre réponse.,,
30,1.0.0,riskProfile1,riskProfile,Risk Profile,Profil de risque,4,riskProfilePanel-RS,RS,raw,,radiogroup,N,,2,3,"Is the project within an area of intense public scrutiny (for example, because of privacy concerns) and/or frequent litigation?","Le projet s'inscrit-il dans un domaine sujet à un examen public approfondi (par exemple, en raison de préoccupations liées à la protection de la vie privée) et/ou à des litiges fréquents?",,
31,1.0.0,riskProfile2,riskProfile,Risk Profile,Profil de risque,4,riskProfilePanel-RS,RS,raw,,radiogroup,N,,2,3,Does the line of business serve equity denied groups?,Des groupes privés d'équité sont-ils desservis dans ce secteur d'activité?,,
32,1.0.0,riskProfile2A,riskProfile,Risk Profile,Profil de risque,4,riskProfilePanel-RS,RS,raw,,comment,N,"{riskProfile2} contains ""item1-3""",0,0,Indicate which equity denied groups are served and describe your mitigation strategies to prevent adverse impacts for these groups.,Veuillez indiquer les groupes privés d'équité desservis et décrire les stratégies d'atténuation qui seront prises pour éviter de leur causer préjudice.,,
33,1.0.0,riskProfile3,riskProfile,Risk Profile,Profil de risque,4,riskProfilePanel-RS,RS,raw,,radiogroup,N,,2,1,Are there any population groups that the automated decision system should not be applied to?,Certains groupes de population ne devraient-ils pas être exclus de l'application du système décisionnel automatisé?,,
34,1.0.0,riskProfile3A,riskProfile,Risk Profile,Profil de risque,4,riskProfilePanel-RS,RS,raw,,comment,N,"{riskProfile3} contains ""item1-1""",0,0,Indicate the population group and explain why the automated decision system should not be applied.,Veuillez indiquer les groupes de population qui devraient être exclus et expliquer pourquoi le système décisionnel automatisé ne doit pas être utilisé.,,
35,1.0.0,riskProfile4,riskProfile,Risk Profile,Profil de risque,4,riskProfilePanel-RS,RS,raw,,radiogroup,N,,4,4,"Has the system been assessed to understand whether it would create or exacerbate barriers for persons with disabilities, and are measures in place to address any identified issues?","Le système a-t-il été soumis à une évaluation visant à déterminer s’il est susceptible d’accentuer les difficultés auxquelles sont confrontées les personnes en situation de handicap ou d’en créer de nouvelles, et des mesures sont-elles en place pour résoudre les problèmes cernés?",,
36,1.0.0,riskProfile4B,riskProfile,Risk Profile,Profil de risque,4,riskProfilePanel-RS,RS,raw,,comment,N,"{riskProfile4} = ""item2-0"" or {riskProfile4} = ""item3-4""",0,0,"If barriers for persons with disabilities were identified, describe the barriers and any planned or existing measures to identify, remove, and/or prevent them.","Si des difficultés pour les personnes en situation de handicap ont été cernées, décrivez ces difficultés et les mesures prévues ou existantes pour les cerner, les éliminer ou les prévenir.",,
37,1.0.0,riskProfile7,riskProfile,Risk Profile,Profil de risque,4,riskProfilePanel-RS,RS,raw,,radiogroup,N,,2,3,"Could the automated decision-system be at heightened risk of being an exploitation target for malicious actors (for example, fraud for financial gain)?","Le recours au système décisionnel automatisé pourrait-il accroître le risque d'exploitation malveillants (par exemple, des fraudes financières)?",,
38,1.0.0,riskProfile8,riskProfile,Risk Profile,Profil de risque,4,riskProfilePanel-RS,RS,raw,,radiogroup,N,,2,1,"Have potential issues or harms with the existing service delivery approach been raised by clients or their representatives, the media, audits or parliamentary committees?","Des problèmes ou des préjudices potentiels liés à l'approche utilisée pour la prestation de services ont-ils été soulevés par des personnes utilisant le service ou celles les représentant, les médias ou des membres de comités d'audit ou parlementaires?",,
39,1.0.0,riskProfile8A,riskProfile,Risk Profile,Profil de risque,4,riskProfilePanel-RS,RS,raw,,comment,N,"{riskProfile8} = ""item1-1""",0,0,"Indicate the issue or harm, the group that raised them, and how these have been addressed.","Veuillez préciser le problème ou le préjudice en question, le groupe qui en a fait état et la manière dont il a été traité.",,
40,1.0.0,riskProfile9,riskProfile,Risk Profile,Profil de risque,4,riskProfilePanel-RS,RS,raw,,radiogroup,N,"{projectDetailsPhase} = ""item1""",2,0,Will you be submitting a concept case to TBS and presenting the project to the Government of Canada Enterprise Architecture Review Board?,Avez-vous l'intention de soumettre un cas conceptuel au Secrétariat du Conseil du Trésor du Canada (SCT) et présenté le projet au conseil d'examen de l'architecture intégrée du gouvernement du Canada?,,
41,1.0.0,riskProfile10,riskProfile,Risk Profile,Profil de risque,4,riskProfilePanel-RS,RS,raw,,radiogroup,N,"{projectDetailsPhase} = ""item2""",2,0,Have you submitted a concept case to TBS and presented the project to the Government of Canada Enterprise Architecture Review Board?,Avez-vous soumis un cas conceptuel au Secrétariat du Conseil du Trésor du Canada (SCT) et présenté le projet au conseil d'examen de l'architecture intégrée du gouvernement du Canada?,,
42,1.0.0,projectAuthority1,projectAuthority,Project Authority,Autorité de projet,5,projectAuthorityPanel-RS,RS,raw,,radiogroup,N,,2,2,Will you require new policy or legal authority for this project?,Aurez-vous besoin d'une nouvelle autorisation stratégique ou légale pour ce projet?,,
43,1.0.0,projectAuthority2,projectAuthority,Project Authority,Autorité de projet,5,projectAuthorityPanel-RS,RS,raw,,comment,N,,0,0,Indicate why you have chosen the response.,Précisez votre réponse.,,
44,1.0.0,aboutSystem1,aboutSystem,About The System,À propos du système,6,aboutSystemPanel-RS,RS,raw,,checkbox,N,,6,0,Check which of the following capabilities apply to your system.,"Parmi les capacités suivantes, cochez celles qui s'appliquent à votre système.",,
45,1.0.0,aboutSystem2,aboutSystem,About The System,À propos du système,6,aboutSystemPanel-RS,RS,raw,,comment,N,"{aboutSystem1} contains [""item6""]",0,0,Describe,Veuillez expliquer votre réponse.,,
46,1.0.0,aboutSystem3,aboutSystem,About The System,À propos du système,6,aboutSystemPanel-RS,RS,raw,,radiogroup,N,,4,1,Who developed the system?,Qui a conçu le système?,,
47,1.0.0,aboutSystem3A,aboutSystem,About The System,À propos du système,6,aboutSystemPanel-RS,RS,raw,,comment,N,"{aboutSystem3} contains [""item2""]",0,0,Specify,Veuillez préciser.,,
48,1.0.0,aboutSystem3B,aboutSystem,About The System,À propos du système,6,aboutSystemPanel-RS,RS,raw,,comment,N,"{aboutSystem3} contains [""item3""]",0,0,Specify,Veuillez préciser.,,
49,1.0.0,aboutSystem3C,aboutSystem,About The System,À propos du système,6,aboutSystemPanel-RS,RS,raw,,comment,N,"{aboutSystem3} contains [""item4""]",0,0,Specify,Veuillez préciser.,,
50,1.0.0,aboutSystem4,aboutSystem,About The System,À propos du système,6,aboutSystemPanel-RS,RS,raw,,radiogroup,N,,4,1,Who configured the system?,Qui a configuré le système?,,
51,1.0.0,aboutSystem4A,aboutSystem,About The System,À propos du système,6,aboutSystemPanel-RS,RS,raw,,comment,N,"{aboutSystem4} contains [""item2""]",0,0,Specify,Veuillez préciser.,,
52,1.0.0,aboutSystem4B,aboutSystem,About The System,À propos du système,6,aboutSystemPanel-RS,RS,raw,,comment,N,"{aboutSystem4} contains [""item3""]",0,0,Specify,Veuillez préciser.,,
53,1.0.0,aboutSystem4C,aboutSystem,About The System,À propos du système,6,aboutSystemPanel-RS,RS,raw,,comment,N,"{aboutSystem4} contains [""item4""]",0,0,Specify,Veuillez préciser.,,
54,1.0.0,aboutSystem5,aboutSystem,About The System,À propos du système,6,aboutSystemPanel-RS,RS,raw,,radiogroup,N,,3,2,Is the system:,Le système est-il:,,
55,1.0.0,aboutSystem5A,aboutSystem,About The System,À propos du système,6,aboutSystemPanel-RS,RS,raw,,text,N,"{aboutSystem5} = ""item1-0""",0,0, Indicate the open source licence that applies.,"Si à code source ouvert, veuillez indiquer la licence à code source ouvert utilisée.",,
56,1.0.0,aboutSystem5B,aboutSystem,About The System,À propos du système,6,aboutSystemPanel-RS,RS,raw,,radiogroup,N,"{aboutSystem5} = ""item1-0"" or {aboutSystem5} = ""item3-2""",2,0,Has the product been customized to add functionality beyond what is available off the shelf?,"S'il s'agit d'une solution à code source ouvert ou d'une solution COTS, a-t-elle été modifiée de sorte qu'elle comprenne d'autres fonctionnalités que celles offertes sur le marché?",,
57,1.0.0,aboutSystem5C,aboutSystem,About The System,À propos du système,6,aboutSystemPanel-RS,RS,raw,,comment,N,"({aboutSystem5} = ""item1-0"" or {aboutSystem5} = ""item3-2"") and {aboutSystem5B} = ""item1-0""",0,0,Specify what has been customized and who performed the customization.,"Si oui, précisez les éléments qui ont été modifiés et l'organisation qui a procédé aux modifications.",,
58,1.0.0,aboutSystem6,aboutSystem,About The System,À propos du système,6,aboutSystemPanel-RS,RS,raw,,radiogroup,N,,2,2,"Have you assigned accountability in your institution for the design, development, and maintenance, of the system?","Des personnes responsables de la conception, de la mise au point et de l'entretien du système ont-elles été désignées au sein de votre organisation?",,
59,1.0.0,aboutSystem7,aboutSystem,About The System,À propos du système,6,aboutSystemPanel-RS,RS,raw,,radiogroup,N,,2,2,Is there a group in your institution responsible for identifying and implementing opportunities for improvement?,Un groupe de votre organisation est-il chargé de recenser les améliorations possibles et de les apporter?,,
60,1.0.0,aboutSystem8,aboutSystem,About The System,À propos du système,6,aboutSystemPanel-RS,RS,raw,,radiogroup,N,,2,1,"Does your system conform with the appropriate clauses of standard CAN/ASC EN 301 549:2024, Accessibility requirements for Information and Communication Technology (ICT) products and services? ","Votre système est-il conforme aux dispositions appropriées de la norme CAN/ASC EN 301 549:2024, Exigences d'accessibilité pour les produits et services des technologies de l'information et de la communication (TIC)?",,
61,1.0.0,aboutSystem8A,aboutSystem,About The System,À propos du système,6,aboutSystemPanel-RS,RS,raw,,comment,N,"{aboutSystem8} = ""item2-1""",0,0,"If no, describe why the system does not conform.","Si non, expliquez en quoi votre système n'est pas conforme.",,
62,1.0.0,aboutSystem9,aboutSystem,About The System,À propos du système,6,aboutSystemPanel-RS,RS,raw,,radiogroup,N,,2,2,Is a non-automated alternative planned and available in the event the automated decision system was unavailable for an extended period of time?,Une solution non automatisée est-elle également prévue et fonctionnelle au cas où le système décisionnel automatisé serait indisponible pendant une période prolongée?,,
63,1.0.0,aboutSystem10A,aboutSystem,About The System,À propos du système,6,aboutSystemPanel-RS,RS,raw,,radiogroup,N,,2,2,"Is there a process in place to grant, monitor, and revoke access permission to the system?","Une procédure permettant d'octroyer, de surveiller et de révoquer une autorisation d'accès au système a-t-elle été établie?",,
64,1.0.0,aboutSystem11,aboutSystem,About The System,À propos du système,6,aboutSystemPanel-RS,RS,raw,,dropdown,N,,4,4,"The impacts that the development, operation, and maintenance of the system could have on the ongoing sustainability of an environmental ecosystem, may be:","L'incidence de la mise au point, de l'exploitation et de l'entretien du système sur la durabilité d'un écosystème environnemental sera :",,
65,1.0.0,aboutSystem12,aboutSystem,About The System,À propos du système,6,aboutSystemPanel-RS,RS,raw,,comment,N,,0,0,"Describe why the impacts resulting from the system's development, operations and maintenance are as selected.",Veuillez expliquer votre réponse.,,
66,1.0.0,aboutAlgorithm1,aboutAlgorithm,About the Algorithm,À propos de l'algorithme,7,aboutAlgorithmPanel-RS,RS,raw,,radiogroup,N,,2,1,The algorithm used will be a (trade) secret,L'algorithme utilisé sera un secret (commercial),,
67,1.0.0,aboutAlgorithm2,aboutAlgorithm,About the Algorithm,À propos de l'algorithme,7,aboutAlgorithmPanel-RS,RS,raw,,radiogroup,N,,2,3,The algorithmic process will be difficult to interpret or to explain,Le processus algorithmique sera difficile à interpréter ou à expliquer,,
68,1.0.0,aboutAlgorithm3,aboutAlgorithm,About the Algorithm,À propos de l'algorithme,7,aboutAlgorithmPanel-RS,RS,raw,,checkbox,N,,2,1,Is the algorithm (Check all that apply):,L'algorithme est (cochez toutes les réponses qui s'appliquent) :,,
69,1.0.0,aboutAlgorithm4,aboutAlgorithm,About the Algorithm,À propos de l'algorithme,7,aboutAlgorithmPanel-RS,RS,raw,,checkbox,N,,2,1,"If the automated decision-system is model based, is the model inference (select all that apply):","Si le système décisionnel automatisé est fondé sur un modèle, l'inférence du modèle est-elle (cochez toutes les réponses qui s'appliquent) :",,
70,1.0.0,aboutAlgorithm5,aboutAlgorithm,About the Algorithm,À propos de l'algorithme,7,aboutAlgorithmPanel-RS,RS,raw,,radiogroup,N,,2,1,Is the model: ,Le modèle est : ,,
71,1.0.0,aboutAlgorithm6,aboutAlgorithm,About the Algorithm,À propos de l'algorithme,7,aboutAlgorithmPanel-RS,RS,raw,,comment,N,,0,0,Describe the model being used.,Veuillez décrire le modèle utilisé.,,
72,1.0.0,aboutAlgorithm7,aboutAlgorithm,About the Algorithm,À propos de l'algorithme,7,aboutAlgorithmPanel-RS,RS,raw,,comment,N,,0,0,Explain why you chose the model,Expliquez pourquoi vous avez choisi ce modèle.,,
73,1.0.0,aboutAlgorithm8,aboutAlgorithm,About the Algorithm,À propos de l'algorithme,7,aboutAlgorithmPanel-RS,RS,raw,,radiogroup,N,,2,3,Will the algorithm continue to learn and evolve as it is used?,L'algorithme continuera-t-il à apprendre et à évoluer à mesure qu'il est utilisé?,,
74,1.0.0,aboutAlgorithm8A,aboutAlgorithm,About the Algorithm,À propos de l'algorithme,7,aboutAlgorithmPanel-RS,RS,raw,,radiogroup,N,"{aboutAlgorithm8} = ""item1-3""",2,1,"If yes, are there mechanisms in place to monitor the changes?","Si oui, des mécanismes ont-ils été mis en place pour vous permettre d'en suivre l'évolution?",,
75,1.0.0,aboutAlgorithm9,aboutAlgorithm,About the Algorithm,À propos de l'algorithme,7,aboutAlgorithmPanel-RS,RS,raw,,radiogroup,N,,2,2,Does the algorithm consider protected characteristics to make its decisions or recommendations?,L'algorithme tient-il compte des caractéristiques protégées lors de la prise de décisions ou de la formulation de recommandations?,,
76,1.0.0,aboutAlgorithm9A,aboutAlgorithm,About the Algorithm,À propos de l'algorithme,7,aboutAlgorithmPanel-RS,RS,raw,,comment,N,"{aboutAlgorithm9} = ""item1-2""",0,0,Describe why protected characteristics are being considered and any mitigations in place to address potential issues with bias or discrimination.,"Veuillez préciser les raisons pour lesquelles les caractéristiques protégées sont prises en compte et les mesures d'atténuation mises en place pour résoudre les problèmes de biais ou de discrimination, le cas échéant.",,
77,1.0.0,aboutAlgorithm11,aboutAlgorithm,About the Algorithm,À propos de l'algorithme,7,aboutAlgorithmPanel-RS,RS,raw,,radiogroup,N,,2,2,Have you evaluated whether variables that the system bases its decisions or recommendations on could be proxies for protected characteristics?,Avez-vous vérifié si les variables sur lesquelles le système fonde ses décisions ou ses recommandations pourraient être des substituts de caractéristiques protégées?,,
78,1.0.0,aboutAlgorithm11A,aboutAlgorithm,About the Algorithm,À propos de l'algorithme,7,aboutAlgorithmPanel-RS,RS,raw,,comment,N,"{aboutAlgorithm11} = ""item1-0""",0,0,"Describe which protected characteristics, risks identified, and how they have been addressed.","Veuillez décrire les caractéristiques protégées, les risques recensés et les mesures prises pour les gérer.",,
79,1.0.0,aboutAlgorithm11B,aboutAlgorithm,About the Algorithm,À propos de l'algorithme,7,aboutAlgorithmPanel-RS,RS,raw,,comment,N,"{aboutAlgorithm11} = ""item2-2""",0,0,Describe why you have not evaluated whether variables could be proxies for protected characteristics.,Veuillez préciser les raisons pour lesquelles vous n'avez pas vérifié si les variables peuvent être des substituts de caractéristiques protégées.,,
80,1.0.0,decisionSector3,decisionSector,About the Decision,À propos de la décision,8,decisionSectorPanel-RS,RS,raw,,comment,N,,0,0,Describe the administrative decision(s) that is being supported or made by the algorithm.,Veuillez décrire les décisions administratives qui seront appuyées ou exécutées par l'algorithme.,,
81,1.0.0,decisionSector1,decisionSector,About the Decision,À propos de la décision,8,decisionSectorPanel-RS,RS,raw,,checkbox,N,,8,8,Does the decision pertain to any of the categories below (check all that apply). Note that the examples in brackets are not exhaustive.,La décision s'applique-t-elle à l'une ou l'autre des catégories ci-dessous (cochez toutes les réponses qui s'appliquent)? Il convient de préciser que les exemples cités entre parenthèses ne sont pas exhaustifs.,,
82,1.0.0,decisionSector2,decisionSector,About the Decision,À propos de la décision,8,decisionSectorPanel-RS,RS,raw,,comment,N,"{decisionSector1} contains [""item6-1""]",0,0,Describe,Veuillez expliquer votre réponse.,,
83,1.0.0,impact30,impact,Impact Assessment,Évaluation de l'incidence,9,impactPanel-RS,RS,raw,,radiogroup,N,,2,4,Which of the following best describes the type of automation you are planning? ,"Parmi les énoncés suivants, lequel décrit le mieux le type d'automatisation envisagé?",,
84,1.0.0,impact31,impact,Impact Assessment,Évaluation de l'incidence,9,impactPanel-RS,RS,raw,,comment,N,,0,0,Describe the role of the system in the decision-making process.,Veuillez décrire le rôle du système dans le cadre du processus décisionnel.,,
85,1.0.0,impact3,impact,Impact Assessment,Évaluation de l'incidence,9,impactPanel-RS,RS,raw,,radiogroup,N,,2,4,Will the system be making decisions or assessments that require judgment or discretion?,Les décisions et les analyses qui exigent du jugement ou du discernement seront-elles prises en charge par le système?,,
86,1.0.0,impact3A,impact,Impact Assessment,Évaluation de l'incidence,9,impactPanel-RS,RS,raw,,comment,N,,0,0,Describe.,Veuillez préciser.,,
87,1.0.0,impact4A,impact,Impact Assessment,Évaluation de l'incidence,9,impactPanel-RS,RS,raw,,radiogroup,N,,2,2,"Will this project have major impacts on staff, either in terms of their numbers or their roles?","Ce projet aura-t-il une incidence importante sur les membres du personnel, que ce soit en ce qui a trait à leur nombre ou à leur rôle?",,
88,1.0.0,impact20,impact,Impact Assessment,Évaluation de l'incidence,9,impactPanel-RS,RS,raw,,comment,N,,0,0,Describe the criteria used to evaluate client data and the operations applied to process it.,Veuillez décrire les critères utilisés pour l'analyse des données de la clientèle et les procédures appliquées pour les traiter.,,
89,1.0.0,impact21,impact,Impact Assessment,Évaluation de l'incidence,9,impactPanel-RS,RS,raw,,comment,N,,0,0,Describe the output produced by the system and any relevant information needed to interpret it in the context of the administrative decision.,Veuillez décrire le résultat produit par le système et les renseignements utiles à leur interprétation dans le cadre du processus de décision administrative.,,
90,1.0.0,impact22,impact,Impact Assessment,Évaluation de l'incidence,9,impactPanel-RS,RS,raw,,radiogroup,N,,2,2,Will the system perform an assessment or other operation that is not currently completed by a human?,Le système effectuera-t-il une évaluation ou une autre opération qui n'est pas actuellement exécutée par le personnel?,,
91,1.0.0,impact22A,impact,Impact Assessment,Évaluation de l'incidence,9,impactPanel-RS,RS,raw,,comment,N,"{impact22} = ""item1-2""",0,0,"If yes, describe the relevant function(s) of the system ","Si oui, veuillez décrire toute fonction pertinente du système.",,
92,1.0.0,impact5,impact,Impact Assessment,Évaluation de l'incidence,9,impactPanel-RS,RS,raw,,radiogroup,N,,2,2,Is the system used by a different part of the organization than the ones who developed it?,Le système est-il utilisé par une partie de l'organisation autre que celle où il a été conçu? ,,
93,1.0.0,impact6,impact,Impact Assessment,Évaluation de l'incidence,9,impactPanel-RS,RS,raw,,dropdown,N,,4,4,Are the impacts resulting from the decision reversible?,Les incidences de la décision sont-elles réversibles?,,
94,1.0.0,impact7,impact,Impact Assessment,Évaluation de l'incidence,9,impactPanel-RS,RS,raw,,dropdown,N,,4,4,How long could impacts from the decision last?,Combien de temps les incidences de la décision dureront-elles?,,
95,1.0.0,impact8,impact,Impact Assessment,Évaluation de l'incidence,9,impactPanel-RS,RS,raw,,comment,N,,0,0,"Describe why the impacts resulting from the decision are as selected, including potential risks identified and mitigations in place.","Veuillez préciser les raisons pour lesquelles les incidences de la décision sont telles qu'elles ont été définies, de même que les risques recensés et les mesures d'atténuation mises en place.",,
96,1.0.0,impact9,impact,Impact Assessment,Évaluation de l'incidence,9,impactPanel-RS,RS,raw,,dropdown,N,,4,4,The impacts that the decision could have on the rights or freedoms of individuals may be:,Les incidences de la décision sur les droits et libertés des personnes pourraient être les suivants :,,
97,1.0.0,impact10,impact,Impact Assessment,Évaluation de l'incidence,9,impactPanel-RS,RS,raw,,comment,N,,0,0,"Describe how this impact level was determined. Include which human rights frameworks were assessed, potential risk that were identified and mitigations put in place.","Veuillez préciser la façon dont la portée des incidences a été déterminée. Indiquez les cadres des droits de la personne qui ont été évalués, les risques qui ont été recensés ainsi que les mesures d'atténuation qui ont été mises en place.",,
98,1.0.0,impact24,impact,Impact Assessment,Évaluation de l'incidence,9,impactPanel-RS,RS,raw,,dropdown,N,,4,4,"The impacts that the decision could have on the equality, dignity, privacy, and autonomy of individuals may be: ","Les incidences de la décision sur l'égalité, la dignité, la vie privée et l'autonomie des personnes pourraient être les suivants :",,
99,1.0.0,impact25,impact,Impact Assessment,Évaluation de l'incidence,9,impactPanel-RS,RS,raw,,comment,N,,0,0,"Describe why the impacts resulting from the decision are as selected, including potential risks identified and mitigations in place.","Veuillez préciser les raisons pour lesquelles les incidences de la décision sont telles qu'elles ont été définies, de même que les risques recensés et les mesures d'atténuation mises en place.",,
100,1.0.0,impact11,impact,Impact Assessment,Évaluation de l'incidence,9,impactPanel-RS,RS,raw,,dropdown,N,,4,4,The impacts that the decision could have on the health and well-being of individuals may be:,Les incidences de la décision sur la santé et le bien-être des personnes pourraient être les suivants :,,
101,1.0.0,impact12,impact,Impact Assessment,Évaluation de l'incidence,9,impactPanel-RS,RS,raw,,comment,N,,0,0,"Describe why the impacts resulting from the decision are as selected, including potential risks identified and mitigations in place.","Veuillez préciser les raisons pour lesquelles les incidences de la décision sont telles qu'elles ont été définies, de même que les risques recensés et les mesures d'atténuation mises en place.",,
102,1.0.0,impact13,impact,Impact Assessment,Évaluation de l'incidence,9,impactPanel-RS,RS,raw,,dropdown,N,,4,4,The impacts that the decision could have on the economic interests of individuals may be:,Les incidences de la décision sur les intérêts économiques des personnes pourraient être les suivants :,,
103,1.0.0,impact14,impact,Impact Assessment,Évaluation de l'incidence,9,impactPanel-RS,RS,raw,,comment,N,,0,0,"Describe why the impacts resulting from the decision are as selected, including potential risks identified and mitigations in place.","Veuillez préciser les raisons pour lesquelles les incidences de la décision sont telles qu'elles ont été définies, de même que les risques recensés et les mesures d'atténuation mises en place.",,
104,1.0.0,impact15,impact,Impact Assessment,Évaluation de l'incidence,9,impactPanel-RS,RS,raw,,dropdown,N,,4,4,"The impacts that the decision could have on the ongoing sustainability of an environmental ecosystem, may be:",Les incidences de la décision sur la pérennité d'un écosystème environnemental pourraient être les suivants :,,
105,1.0.0,impact16,impact,Impact Assessment,Évaluation de l'incidence,9,impactPanel-RS,RS,raw,,comment,N,,0,0,"Describe why the impacts resulting from the decision are as selected, including potential risks identified and mitigations in place.","Veuillez préciser les raisons pour lesquelles les incidences de la décision sont telles qu'elles ont été définies, de même que les risques recensés et les mesures d'atténuation mises en place.",,
106,1.0.0,impact18,impact,Impact Assessment,Évaluation de l'incidence,9,impactPanel-RS,RS,raw,,radiogroup,N,,6,3,"Have you assessed system performance for clients with a range of personal and intersectional identity factors (for example, gender, age, race, language, ethnicity, disability) to verify that decisions and outcomes are fair for a diverse group of people, and have the identified disparities been addressed?","Avez-vous évalué le rendement du système pour les personnes ayant plusieurs facteurs d’identité personnels et intersectionnels (par exemple, le genre, l’âge, la race, la langue, l’origine ethnique ou le handicap) afin de vous assurer que les décisions et les incidences sont équitables pour un groupe diversifié de personnes, et les disparités relevées ont-elles été corrigées?",,
107,1.0.0,impact18A,impact,Impact Assessment,Évaluation de l'incidence,9,impactPanel-RS,RS,raw,,comment,N,"{impact18} = ""item1-3""",0,0,Describe why system performance has not been assessed for clients with a range of personal and intersectional identity factors and what mitigations are in place.,Expliquez pourquoi le rendement du système n’a pas été évalué pour les personnes ayant plusieurs facteurs d’identité personnels et intersectionnels et quelles mesures d’atténuation sont en place.,,
108,1.0.0,impact18B,impact,Impact Assessment,Évaluation de l'incidence,9,impactPanel-RS,RS,raw,,comment,N,"{impact18} = ""item2-0""",0,0,Describe your approach to assessing system performance.,Décrivez l’approche que vous avez adoptée pour évaluer le rendement du système.,,
109,1.0.0,impact18C,impact,Impact Assessment,Évaluation de l'incidence,9,impactPanel-RS,RS,raw,,comment,N,"{impact18} = ""item3-2"" or {impact18} = ""item4-2"" or {impact18} = ""item5-1"" or {impact18} = ""item6-3""",0,0,"Describe your approach to assessing system performance, the difference in system performance identified and any mitigation measures that have been taken.","Décrivez l’approche que vous avez adoptée pour évaluer le rendement du système, les différences de rendement du système observées et les mesures d’atténuation qui ont été prises à cet égard.",,
110,1.0.0,impact19I,impact,Impact Assessment,Évaluation de l'incidence,9,impactPanel-RS,RS,raw,,radiogroup,N,,2,1,Have you tested system performance for clients with a variety of different disabilities?,Avez-vous testé le rendement du système auprès de personnes ayant divers handicaps?,,
111,1.0.0,impact19IY,impact,Impact Assessment,Évaluation de l'incidence,9,impactPanel-RS,RS,raw,,comment,N,"{impact19I} = ""item1-0""",0,0,Describe any differences in system performance identified and mitigations in place to address them.,"Si oui, décrivez les écarts de rendement constatés et les mesures d'atténuation mises en place pour y remédier.",,
112,1.0.0,impact19IN,impact,Impact Assessment,Évaluation de l'incidence,9,impactPanel-RS,RS,raw,,comment,N,"{impact19I} = ""item2-1""",0,0,Describe why system performance has not been assessed across a variety of disabilities.,"Si non, décrivez les raisons pour lesquelles le rendement du système n'a pas été évalué auprès de personnes ayant divers handicaps.",,
113,1.0.0,impact23,impact,Impact Assessment,Évaluation de l'incidence,9,impactPanel-RS,RS,raw,,radiogroup,N,,2,1,Are there clients or groups of clients that will experience the most significant negative impacts from the system being used?,Les incidences des écarts de rendement que vous avez décrites préalablement seront-elles plus importantes pour certaines personnes ou certains groupes de personnes?,,
114,1.0.0,impact23Y,impact,Impact Assessment,Évaluation de l'incidence,9,impactPanel-RS,RS,raw,,comment,N,"{impact23} = ""item1-1""",0,0,Describe,Veuillez expliquer votre réponse.,,
115,1.0.0,impact23N,impact,Impact Assessment,Évaluation de l'incidence,9,impactPanel-RS,RS,raw,,comment,N,"{impact23} = ""item2-0""",0,0,Describe,Veuillez expliquer votre réponse.,,
116,1.0.0,impact26,impact,Impact Assessment,Évaluation de l'incidence,9,impactPanel-RS,RS,raw,,dropdown,N,,6,0,What proportion of clients will the system be applied to?,Quelle proportion de la clientèle sera prise en charge par le système?,,
117,1.0.0,impact26U,impact,Impact Assessment,Évaluation de l'incidence,9,impactPanel-RS,RS,raw,,comment,N,"{impact26} = ""item6-0""",0,0,Describe why the proportion of clients subject to use of tool is unknown.,Veuillez expliquer la raison pour laquelle la proportion de la clientèle prise en charge par le système est inconnue.,,
118,1.0.0,impact27,impact,Impact Assessment,Évaluation de l'incidence,9,impactPanel-RS,RS,raw,,radiogroup,N,"{impact26} = ""item1-0"" or {impact26} = ""item2-0"" or {impact26} = ""item3-0"" or {impact26} = ""item4-0""",2,1,Could not being subject to the use of the tool have a negative impact on an individual or groups of individuals?,Les personnes ou les groupes de personnes qui ne seront pas pris en charge par le système seront-elles pénalisées?,,
119,1.0.0,impact27YN,impact,Impact Assessment,Évaluation de l'incidence,9,impactPanel-RS,RS,raw,,comment,N,"({impact26} = ""item1-0"" or {impact26} = ""item2-0"" or {impact26} = ""item3-0"" or {impact26} = ""item4-0"") and ({impact27} = ""item1-1"" or {impact27} = ""item2-0"")",0,0,Describe,Veuillez expliquer votre réponse.,,
120,1.0.0,impact28,impact,Impact Assessment,Évaluation de l'incidence,9,impactPanel-RS,RS,raw,,dropdown,N,,4,4,The impact of individuals being wrongfully included or overlooked by the system could be:,L'incidence sur les personnes qui ont été indûment prises en charge ou exclues par le système pourrait être :,,
121,1.0.0,impact28A,impact,Impact Assessment,Évaluation de l'incidence,9,impactPanel-RS,RS,raw,,comment,N,,0,0,Describe why the impact of being wrongfully included or overlooked by the system is as selected.,Expliquez pourquoi l'incidence d'une erreur quant à la prise en charge ou à l'exclusion d'une personne par le système est telle que vous l'avez mentionnée.,,
122,1.0.0,aboutDataSource1,aboutData,About the Data,À propos des données,10,aboutDataSourcePanel-RS,RS,raw,,radiogroup,N,,2,2,Will the system use personal information as input data?,Les données saisies dans le système comprendront-elles des renseignements personnels?,,
123,1.0.0,aboutDataSource9,aboutData,About the Data,À propos des données,10,aboutDataSourcePanel-RS,RS,raw,,radiogroup,N,"{aboutDataSource1} = ""item1-2""",2,2,Have you verified that the collection of personal information is limited to only what is directly related to a program or activity of your institution?,Avez-vous vérifié si les renseignements personnels recueillis se limitent à ceux qui sont directement liés à un programme ou à une activité de votre organisation?,,
124,1.0.0,aboutDataSource10,aboutData,About the Data,À propos des données,10,aboutDataSourcePanel-RS,RS,raw,,radiogroup,N,"{aboutDataSource1} = ""item1-2""",2,2,Is the personal information of individuals used in a decision-making process that affects those individuals?,Les renseignements personnels recueillis auprès des personnes seront-ils utilisés dans le cadre d'un processus décisionnel qui aura une incidence sur elles?,,
125,1.0.0,aboutDataSource11,aboutData,About the Data,À propos des données,10,aboutDataSourcePanel-RS,RS,raw,,radiogroup,N,"{aboutDataSource1} = ""item1-2""",2,1,Have you verified whether the system is using personal information in a way that is consistent with: (a) the current personal information banks (PIBs) and privacy impact assessments (PIAs) of your programs or (b) planned or implemented modifications to the PIBs or PIAs that take new uses and processes into account?,Avez-vous vérifié si le système utilise les renseignements personnels d'une manière qui est compatible avec : a) les fichiers de renseignements personnels (FRP) et les évaluations des facteurs relatifs à la vie privée (EFVP) de vos programmes; b) les modifications prévues ou apportées aux FRP ou aux EFVP qui tiennent compte des nouveaux usages et processus?,,
126,1.0.0,aboutDataSource12,aboutData,About the Data,À propos des données,10,aboutDataSourcePanel-RS,RS,raw,,text,N,"{aboutDataSource1} = ""item1-2""",0,0,List relevant PIB numbers.,Veuillez indiquer le numéro des FRP pertinents.,,
127,1.0.0,aboutDataSource14,aboutData,About the Data,À propos des données,10,aboutDataSourcePanel-RS,RS,raw,,checkbox,N,"{aboutDataSource1} = ""item1-2""",6,9,Will the personal information be shared (check all that apply),Les renseignements personnels recueillis seront-ils communiqués? (Cochez toutes les réponses qui s'appliquent):,,
128,1.0.0,aboutDataSource14A,aboutData,About the Data,À propos des données,10,aboutDataSourcePanel-RS,RS,raw,,comment,N,"{aboutDataSource1} = ""item1-2"" and {aboutDataSource14} contains ""item6-1""",0,0,Please specify,Précisez,,
129,1.0.0,aboutDataSource15,aboutData,About the Data,À propos des données,10,aboutDataSourcePanel-RS,RS,raw,,radiogroup,N,,3,2,Is the training and testing data for the system representative of the clients being served? ,Les données utilisées aux fins de l'apprentissage du système et des essais réalisés sur celui-ci cadrent-elles avec la clientèle desservie?  ,,
130,1.0.0,aboutDataSource15Y,aboutData,About the Data,À propos des données,10,aboutDataSourcePanel-RS,RS,raw,,comment,N,"{aboutDataSource15} = ""item1-0""",0,0,Describe how you have assessed that data was representative. ,Veuillez préciser les mesures que vous avez prises pour vérifier que les données cadrent bien avec celle-ci. ,,
131,1.0.0,aboutDataSource15N,aboutData,About the Data,À propos des données,10,aboutDataSourcePanel-RS,RS,raw,,comment,N,"{aboutDataSource15} = ""item2-2""",0,0,Explain why the data is not representative and indicate how this has or will be managed.    ,Veuillez expliquer les raisons pour lesquelles les données ne cadrent pas avec celle-ci et indiquez les mesures prises pour y remédier ou celles qui seront prises. ,,
132,1.0.0,aboutDataSource15U,aboutData,About the Data,À propos des données,10,aboutDataSourcePanel-RS,RS,raw,,comment,N,"{aboutDataSource15} = ""item3-1""",0,0,Explain why you are unsure whether the data is representative.  ,Veuillez expliquer les raisons pour lesquelles vous n'êtes pas en mesure de confirmer que les données cadrent avec celle-ci. ,,
133,1.0.0,aboutDataSource16,aboutData,About the Data,À propos des données,10,aboutDataSourcePanel-RS,RS,raw,,radiogroup,N,,3,2,Are there biases in the training data that could increase the likelihood of discriminatory outcomes or lead to other impacts on human rights? ,Les données d'apprentissage comportent-elles des biais susceptibles d'accroître le risque de discrimination ou de toute autre répercussion sur les droits de la personne? ,,
134,1.0.0,aboutDataSource16Y,aboutData,About the Data,À propos des données,10,aboutDataSourcePanel-RS,RS,raw,,comment,N,"{aboutDataSource16} = ""item1-2""",0,0,Explain the biases identified and any mitigations to address this. ,Veuillez expliquer les biais constatés et les mesures d'atténuation prises pour y remédier.   ,,
135,1.0.0,aboutDataSource16N,aboutData,About the Data,À propos des données,10,aboutDataSourcePanel-RS,RS,raw,,comment,N,"{aboutDataSource16} = ""item2-0""",0,0,Explain the process taken to confirm that there are no biases in the training data that could increase the likelihood of discriminatory outcomes or other impacts on human rights.,Expliquez les mesures prises pour garantir que les données d'apprentissage ne comportent aucun biais susceptible d'accroître le risque de discrimination ou de toute autre répercussion sur les droits de la personne.,,
136,1.0.0,aboutDataSource16U,aboutData,About the Data,À propos des données,10,aboutDataSourcePanel-RS,RS,raw,,comment,N,"{aboutDataSource16} = ""item3-1""",0,0,Explain why you are unsure of whether the data could increase the likelihood of discriminatory outcomes or other impacts on human rights ,Expliquez pourquoi vous n'êtes pas en mesure de confirmer que les données d'apprentissage ne comportent aucun biais susceptible d'accroître le risque de discrimination ou de toute autre répercussion sur les droits de la personne.,,
137,1.0.0,aboutDataSource2,aboutData,About the Data,À propos des données,10,aboutDataSourcePanel-RS,RS,raw,,dropdown,N,,8,4,What is the highest security classification of the input data used by the system? (Select one),Quelle est la classification de sécurité la plus élevée des données d'entrée utilisées par le système? (N'en choisir qu'une seule),,
138,1.0.0,aboutDataSource2A,aboutData,About the Data,À propos des données,10,aboutDataSourcePanel-RS,RS,raw,,text,N,"{aboutDataSource2} = ""item8-0""",0,0,Please specify,Précisez,,
139,1.0.0,aboutDataSource17,aboutData,About the Data,À propos des données,10,aboutDataSourcePanel-RS,RS,raw,,radiogroup,N,,3,2,Are there measures in place to ensure the accuracy of the personal information used?,Des mesures ont-elles été mises en place pour garantir l'exactitude des renseignements personnels utilisés?,,
140,1.0.0,aboutDataSource17Y,aboutData,About the Data,À propos des données,10,aboutDataSourcePanel-RS,RS,raw,,comment,N,"{aboutDataSource17} = ""item1-0""",0,0,"If yes, describe the measures taken to ensure and verify the accuracy of personal information.",Décrivez les mesures prises pour garantir et vérifier l'exactitude des renseignements personnels. ,,
141,1.0.0,aboutDataSource17N,aboutData,About the Data,À propos des données,10,aboutDataSourcePanel-RS,RS,raw,,comment,N,"{aboutDataSource17} = ""item2-2""",0,0,"If no, describe why there are not measures in place to ensure the accuracy of personal information.",Décrivez la raison pour laquelle aucune mesure n'a été mise en place pour garantir l'exactitude des renseignements personnels.,,
142,1.0.0,aboutDataSource17U,aboutData,About the Data,À propos des données,10,aboutDataSourcePanel-RS,RS,raw,,comment,N,"{aboutDataSource17} = ""item3-0""",0,0,Describe ,Veuillez préciser ,,
143,1.0.0,aboutDataSource3,aboutData,About the Data,À propos des données,10,aboutDataSourcePanel-RS,RS,raw,,dropdown,N,,3,3,Who controls the data?,Qui contrôle les données?,,
144,1.0.0,aboutDataSource4,aboutData,About the Data,À propos des données,10,aboutDataSourcePanel-RS,RS,raw,,radiogroup,N,,2,2,Will the system use data from multiple different sources?,Les données utilisées par le système proviendront-elles de plusieurs sources différentes?,,
145,1.0.0,aboutDataSource5,aboutData,About the Data,À propos des données,10,aboutDataSourcePanel-RS,RS,raw,,radiogroup,N,,2,4,"Will the system require input data from a network-connected device? (such as Internet of Things, sensor)","Le système devra-t-il utiliser des données provenant d'un appareil connecté à un réseau (par exemple, l'Internet des objets et un capteur)?",,
146,1.0.0,aboutDataSource6,aboutData,About the Data,À propos des données,10,aboutDataSourcePanel-RS,RS,raw,,radiogroup,N,,2,4,Will the system interface with other IT systems?,Le système interagira-t-il avec d'autres systèmes des TI?,,
147,1.0.0,aboutDataSource7,aboutData,About the Data,À propos des données,10,aboutDataSourcePanel-RS,RS,raw,,dropdown,N,,4,4,Who collected the data used for training the system?,Qui a recueilli les données utilisées pour l'apprentissage du système?,,
148,1.0.0,aboutDataSource8,aboutData,About the Data,À propos des données,10,aboutDataSourcePanel-RS,RS,raw,,dropdown,N,,4,4,Who collected the input data used by the system?,Qui a recueilli les données saisies dans le système?,,
149,1.0.0,aboutDataSource13,aboutData,About the Data,À propos des données,10,aboutDataSourcePanel-RS,RS,raw,,comment,N,,0,0,"Describe the input data collected and used by the system, its source, method of collection, and any quality assurance measures in place.","Veuillez décrire les données recueillies et traitées par le système, leur source, la méthode de collecte et toute mesure d'assurance de la qualité mise en place. ",,
150,1.0.0,aboutDataSourceType1,aboutData,About the Data,À propos des données,10,aboutDataSourcePanel-RS,RS,raw,,radiogroup,N,,2,0,"Will the system require the analysis of unstructured data to make an assessment, recommendation or decision?","Le système devra-t-il analyser des données non structurées aux fins de la réalisation d'évaluations, de la formulation de recommandations ou de la prise de décisions?",,
151,1.0.0,aboutDataSourceType2,aboutData,About the Data,À propos des données,10,aboutDataSourcePanel-RS,RS,raw,,checkbox,N,"{aboutDataSourceType1} = ""item1-0""",2,6,What types of unstructured data? (Check all that apply),De quel type de données non structurées s'agit-il (Cochez toutes les réponses qui s'appliquent)?,,
152,1.0.0,aboutDataSourceType3,aboutData,About the Data,À propos des données,10,aboutDataSourcePanel-RS,RS,raw,,radiogroup,N,,2,0,Has there been a decision to exclude certain data? ,Avez-vous décidé d'exclure certaines données? ,,
153,1.0.0,aboutDataSourceType3A,aboutData,About the Data,À propos des données,10,aboutDataSourcePanel-RS,RS,raw,,comment,N,"{aboutDataSourceType3} = ""item1-0""",0,0,Describe why data has been excluded ,Veuillez expliquer la raison pour laquelle ces données ont été exclues. ,,
154,1.0.0,consultationDesign1,consultationDesign,Consultations,,11,consultationDesignPanel-MS,MS,mitigation,design,radiogroup,N,,2,2,"Internal consultees or partners (federal institutions, including the federal public service).","Des partenaires ou des parties consultantes à l'interne (organisations fédérales, y compris la fonction publique fédérale).",,
155,1.0.0,consultationDesign2,consultationDesign,Consultations,,11,consultationDesignPanel-MS,MS,mitigation,design,checkbox,N,"{consultationDesign1} = ""item1-2""",16,0,Which internal consultees or partners will you be engaging?,Indiquez les partenaires ou les parties consultantes que vous mobiliserez à l'interne,,
156,1.0.0,consultationDesign2-other,consultationDesign,Consultations,,11,consultationDesignPanel-MS,MS,mitigation,design,comment,N,"{consultationDesign2} contains ""item9""",0,0,Please describe,S'il vous plait décrire,,
157,1.0.0,consultationDesign3,consultationDesign,Consultations,,11,consultationDesignPanel-MS,MS,mitigation,design,radiogroup,N,,2,2,External consultees or partners (groups in other sectors or jurisdictions).,Des partenaires ou des parties consultantes à l'externe (groupes d'autres secteurs ou administrations),,
158,1.0.0,consultationDesign4,consultationDesign,Consultations,,11,consultationDesignPanel-MS,MS,mitigation,design,checkbox,N,"{consultationDesign3} = ""item1-2""",11,0,Which external consultees or partners will you be engaging?,Indiquez les partenaires ou les parties consultantes que vous mobiliserez à l'externe.,,
159,1.0.0,consultationDesign4-other,consultationDesign,Consultations,,11,consultationDesignPanel-MS,MS,mitigation,design,comment,N,"{consultationDesign4} contains ""item9""",0,0,Please describe,S'il vous plait décrire,,
160,1.0.0,consultationDesign5,consultationDesign,Consultations,,11,consultationDesignPanel-MS,MS,mitigation,design,comment,N,,0,0,"Identify the consultees or partners and indicate the project lifecycle stage (Concept, Design, Data collection and processing, Building or adapting the model, Testing, Deployment, Production, Monitoring, Decommission) in which the engagement will take place."," Indiquez les partenaires ou les parties consultantes et l'étape du cycle de vie du projet (par exemple, le plan de conception, la conception, la collecte de données et le traitement, l'élaboration ou l'adaptation du modèle, la mise à l'essai, le déploiement, la production, la surveillance et la mise hors service) au cours de laquelle les activités de consultation dérouleront.",,
161,1.0.0,consultationDesign6,consultationDesign,Consultations,,11,consultationDesignPanel-MS,MS,mitigation,design,radiogroup,N,,3,3,Will you consult with the clients that will be most impacted by the system?,Allez-vous consulter les personnes pour lesquelles les incidences de la mise en œuvre du système seront les plus importantes?,,
162,1.0.0,consultationDesign6A,consultationDesign,Consultations,,11,consultationDesignPanel-MS,MS,mitigation,design,comment,N,"{consultationDesign6} = ""item2-0""",0,0,Explain why you did not consult the clients that will be most impacted by the system.  ,Expliquez pourquoi vous n'allez pas consulter les personnes qui seront les plus touchées par la mise en œuvre du système.,,
163,1.0.0,consultationDesign6B,consultationDesign,Consultations,,11,consultationDesignPanel-MS,MS,mitigation,design,comment,N,"{consultationDesign6} = ""item3-0""",0,0,Explain why you are unsure. ,Expliquez votre réponse,,
164,1.0.0,consultationDesign7,consultationDesign,Consultations,,11,consultationDesignPanel-MS,MS,mitigation,design,radiogroup,N,,3,3,Will you consult with clients or communities that will be adversely impacted by the system? ,Allez-vous consulter les personnes ou les communautés qui seront lésées par la mise en œuvre du système?,,
165,1.0.0,consultationDesign7A,consultationDesign,Consultations,,11,consultationDesignPanel-MS,MS,mitigation,design,comment,N,"{consultationDesign7} = ""item2-0""",0,0,Explain why you will not consult the clients that will be adversely impacted by the system. ,Expliquez pourquoi vous n'allez pas consulter les personnes qui seront lésées par la mise en œuvre du système.,,
166,1.0.0,consultationDesign7B,consultationDesign,Consultations,,11,consultationDesignPanel-MS,MS,mitigation,design,comment,N,"{consultationDesign7} = ""item3-0""",0,0,Explain why you are unsure. ,Expliquez votre réponse,,
167,1.0.0,consultationDesign8,consultationDesign,Consultations,,11,consultationDesignPanel-MS,MS,mitigation,design,checkbox,N,,9,0,Have consultees or partners raised any significant concerns about the system in the following areas:,Les partenaires ou les parties consultantes ont-elles soulevé des préoccupations importantes à l'égard des aspects du système qui suivent?,,
168,1.0.0,consultationDesign8A,consultationDesign,Consultations,,11,consultationDesignPanel-MS,MS,mitigation,design,comment,N,"{consultationDesign8} contains ""item1"" or {consultationDesign8} contains ""item2"" or {consultationDesign8} contains ""item3"" or {consultationDesign8} contains ""item4"" or {consultationDesign8} contains ""item5"" or {consultationDesign8} contains ""item6"" or {consultationDesign8} contains ""item7"" or {consultationDesign8} contains ""item8"" or {consultationDesign8} contains ""item9""",0,0,Describe how the identified concerns have been assessed and managed. ,"Si vous avez sélectionné un ou plusieurs énoncés, décrivez la manière dont les préoccupations soulevées ont été évaluées et gérées. ",,
169,1.0.0,consultationDesign9,consultationDesign,Consultations,,11,consultationDesignPanel-MS,MS,mitigation,design,comment,N,,0,0,"Explain how you documented, analyzed and addressed the feedback received.","Expliquez comment vous avez documenté, analysé et traité la rétroaction reçue.",,
170,1.0.0,consultationImplementation1,consultationImplementation,Consultations,,12,consultationImplementationPanel-MS,MS,mitigation,implementation,radiogroup,N,,2,2,"Internal Stakeholders (federal institutions, including the federal public service)",Intervenants internes (institutions fédérales et fonction publique fédérale),,
171,1.0.0,consultationImplementation2,consultationImplementation,Consultations,,12,consultationImplementationPanel-MS,MS,mitigation,implementation,checkbox,N,"{consultationImplementation1} = ""item1-2""",16,0,Which internal consultees or partners have you engaged?,Indiquez les partenaires ou les parties consultantes que vous avez mobilisés à l'interne.,,
172,1.0.0,consultationImplementation2-other,consultationImplementation,Consultations,,12,consultationImplementationPanel-MS,MS,mitigation,implementation,comment,N,"{consultationImplementation2} contains ""item9""",0,0,Please describe,S'il vous plait décrire,,
173,1.0.0,consultationImplementation3,consultationImplementation,Consultations,,12,consultationImplementationPanel-MS,MS,mitigation,implementation,radiogroup,N,,2,2,External consultees or partners (groups in other sectors or jurisdictions).,Des partenaires ou des parties consultantes à l'externe (groupes d'autres secteurs ou administrations) ,,
174,1.0.0,consultationImplementation4,consultationImplementation,Consultations,,12,consultationImplementationPanel-MS,MS,mitigation,implementation,checkbox,N,"{consultationImplementation3} = ""item1-2""",11,0,Which external consultees or partners have you engaged?, Indiquez les partenaires ou les parties consultantes que vous avez mobilisés à l'externe.,,
175,1.0.0,consultationImplementation4-other,consultationImplementation,Consultations,,12,consultationImplementationPanel-MS,MS,mitigation,implementation,comment,N,"{consultationImplementation4} contains ""item9""",0,0,Please describe,S'il vous plait décrire,,
176,1.0.0,consultationImplementation5,consultationImplementation,Consultations,,12,consultationImplementationPanel-MS,MS,mitigation,implementation,comment,N,,0,0,"Identify the consultees or partners and indicate the project lifecycle stage (Concept, Design, Data collection and processing, Building or adapting the model, Testing, Deployment, Production, Monitoring, Decommission) in which engagement took place. ","Indiquez les partenaires ou les parties consultantes et l'étape du cycle de vie du projet (par exemple, le plan de conception, la conception, la collecte de données et le traitement, l'élaboration ou l'adaptation du modèle, la mise à l'essai, le déploiement, la production, la surveillance et la mise hors service) au cours de laquelle les activités de consultation se sont déroulées. ",,
177,1.0.0,consultationImplementation6,consultationImplementation,Consultations,,12,consultationImplementationPanel-MS,MS,mitigation,implementation,radiogroup,N,,3,3,Did you consult with the clients that will be most impacted by the system? , Avez-vous consulté les personnes pour lesquelles les incidences de la mise en œuvre du système seront les plus importantes? ,,
178,1.0.0,consultationImplementation6A,consultationImplementation,Consultations,,12,consultationImplementationPanel-MS,MS,mitigation,implementation,comment,N,"{consultationImplementation6} = ""item2-0""",0,0,Explain why you did not consult the clients that will be adversely impacted by the system.   ,Expliquez pourquoi vous n'avez pas consulté les personnes qui seront les plus touchées par la mise en œuvre du système. ,,
179,1.0.0,consultationImplementation6B,consultationImplementation,Consultations,,12,consultationImplementationPanel-MS,MS,mitigation,implementation,comment,N,"{consultationImplementation6} = ""item3-0""",0,0,Explain why you are unsure. ,Expliquez votre réponse,,
180,1.0.0,consultationImplementation7,consultationImplementation,Consultations,,12,consultationImplementationPanel-MS,MS,mitigation,implementation,radiogroup,N,,3,3,Did you consult with clients or communities that will be adversely impacted by the system? ,Avez-vous consulté les personnes ou les communautés qui seront lésées par la mise en œuvre du système? ,,
181,1.0.0,consultationImplementation7A,consultationImplementation,Consultations,,12,consultationImplementationPanel-MS,MS,mitigation,implementation,comment,N,"{consultationImplementation7} = ""item2-0""",0,0,Explain why you did not consult the clients that will be adversely impacted by the system.   ,Expliquez pourquoi vous n'avez pas consulté les personnes qui seront lésées par la mise en œuvre du système. ,,
182,1.0.0,consultationImplementation7B,consultationImplementation,Consultations,,12,consultationImplementationPanel-MS,MS,mitigation,implementation,comment,N,"{consultationImplementation7} = ""item3-0""",0,0,Explain why you are unsure. ,Expliquez votre réponse,,
183,1.0.0,consultationImplementation8,consultationImplementation,Consultations,,12,consultationImplementationPanel-MS,MS,mitigation,implementation,checkbox,N,,9,0,Have consultees or partners raised any significant concerns about the system in the following areas:,Les partenaires ou les parties consultantes ont-elles soulevé des préoccupations importantes à l'égard des aspects du système qui suivent?,,
184,1.0.0,consultationImplementation8A,consultationImplementation,Consultations,,12,consultationImplementationPanel-MS,MS,mitigation,implementation,comment,N,"{consultationImplementation8} contains ""item1"" or {consultationImplementation8} contains ""item2"" or {consultationImplementation8} contains ""item3"" or {consultationImplementation8} contains ""item4"" or {consultationImplementation8} contains ""item5"" or {consultationImplementation8} contains ""item6"" or {consultationImplementation8} contains ""item7"" or {consultationImplementation8} contains ""item8"" or {consultationImplementation8} contains ""item9""",0,0,Describe how the identified concerns have been assessed and managed.,"Si vous avez sélectionné un ou plusieurs énoncés, décrivez la manière dont les préoccupations soulevées ont été évaluées et gérées.",,
185,1.0.0,consultationImplementation9,consultationImplementation,Consultations,,12,consultationImplementationPanel-MS,MS,mitigation,implementation,comment,N,,0,0,"Explain how you documented, analyzed and addressed the feedback received.","Expliquez comment vous avez documenté, analysé et traité la rétroaction reçue.",,
186,1.0.0,dataQualityDesign1,dataQualityDesign,De-risking and Mitigation Measures,Élimination des risques et mesures d'atténuation,13,dataQualityDesignPanel-MS,MS,mitigation,design,radiogroup,N,,2,3,"Will you have documented processes in place to test datasets against biases, discrimination, and other unexpected outcomes? This could include experience in applying frameworks, methods, guidelines or other assessment tools.","Disposerez-vous de processus documentés permettant de vérifier si les jeux de données présentent des biais, des éléments discriminatoires et d'autres irrégularités? Il peut notamment s'agir de tests réalisés à l'aide de cadres, de méthodes, de lignes directrices ou d'outils d'évaluation.",,
187,1.0.0,dataQualityDesign2,dataQualityDesign,De-risking and Mitigation Measures,Élimination des risques et mesures d'atténuation,13,dataQualityDesignPanel-MS,MS,mitigation,design,radiogroup,N,"{dataQualityDesign1} = ""item1-3""",2,1,Will the documented process be publicly available? ,Le processus documenté est-il accessible au public ou le sera-t-il?,,
188,1.0.0,dataQualityDesign11,dataQualityDesign,De-risking and Mitigation Measures,Élimination des risques et mesures d'atténuation,13,dataQualityDesignPanel-MS,MS,mitigation,design,comment,N,"{dataQualityDesign1} = ""item1-3"" and {dataQualityDesign2} = ""item1-1""",0,0,Summarize the process or provide a link if publicly available.  ,Veuillez décrire brièvement le processus ou fournir un lien s'il est accessible au public.,,
189,1.0.0,dataQualityDesign3,dataQualityDesign,De-risking and Mitigation Measures,Élimination des risques et mesures d'atténuation,13,dataQualityDesignPanel-MS,MS,mitigation,design,radiogroup,N,,2,1,Will you be developing a process to document how data quality issues were resolved during the design process?,Allez-vous établir un processus permettant de documenter la façon dont les problèmes de qualité des données sont résolus pendant le processus de conception?,,
190,1.0.0,dataQualityDesign4,dataQualityDesign,De-risking and Mitigation Measures,Élimination des risques et mesures d'atténuation,13,dataQualityDesignPanel-MS,MS,mitigation,design,radiogroup,N,"{dataQualityDesign3} = ""item1-1""",2,1,Will you be making the process publicly available?,Le processus est-il accessible au public ou le sera-t-il? ,,
191,1.0.0,dataQualityDesign12,dataQualityDesign,De-risking and Mitigation Measures,Élimination des risques et mesures d'atténuation,13,dataQualityDesignPanel-MS,MS,mitigation,design,comment,N,"{dataQualityDesign3} = ""item1-1"" and {dataQualityDesign4} = ""item1-1""",0,0,Summarize the process or provide a link if publicly available.  ,Veuillez décrire brièvement le processus ou fournir un lien s'il est accessible au public.,,
192,1.0.0,dataQualityDesign5,dataQualityDesign,De-risking and Mitigation Measures,Élimination des risques et mesures d'atténuation,13,dataQualityDesignPanel-MS,MS,mitigation,design,radiogroup,N,,3,2,Will you undertake a Gender Based Analysis Plus (GBA Plus) of the data?,Allez-vous soumettre les données à une analyse comparative entre les sexes plus (ACS Plus)? ,,
193,1.0.0,dataQualityDesign6,dataQualityDesign,De-risking and Mitigation Measures,Élimination des risques et mesures d'atténuation,13,dataQualityDesignPanel-MS,MS,mitigation,design,comment,N,"{dataQualityDesign5} = ""item3-1""",0,0,Describe,Veuillez préciser,,
194,1.0.0,dataQualityDesign7,dataQualityDesign,De-risking and Mitigation Measures,Élimination des risques et mesures d'atténuation,13,dataQualityDesignPanel-MS,MS,mitigation,design,radiogroup,N,"{dataQualityDesign5} = ""item1-2""",2,1,Will you be making the GBA Plus findings publicly available?,Les résultats de l'ACS Plus sont-ils accessibles au public ou le seront-ils?,,
195,1.0.0,dataQualityDesign7A,dataQualityDesign,De-risking and Mitigation Measures,Élimination des risques et mesures d'atténuation,13,dataQualityDesignPanel-MS,MS,mitigation,design,comment,N,"{dataQualityDesign5} = ""item1-2""",0,0,Summarize the findings or provide a link if publicly available.,Veuillez résumer les résultats ou fournir un lien s'ils sont accessibles au public.,,
196,1.0.0,dataQualityDesign8,dataQualityDesign,De-risking and Mitigation Measures,Élimination des risques et mesures d'atténuation,13,dataQualityDesignPanel-MS,MS,mitigation,design,radiogroup,N,,2,2,"Will you have a documented process to manage the risk that low quality, outdated or unreliable data is used to make an automated decision?",Disposerez-vous d'un processus documenté permettant de gérer le risque que des données obsolètes ou non fiables soient utilisées dans le cadre d'une décision automatisée?,,
197,1.0.0,dataQualityDesign9,dataQualityDesign,De-risking and Mitigation Measures,Élimination des risques et mesures d'atténuation,13,dataQualityDesignPanel-MS,MS,mitigation,design,radiogroup,N,"{dataQualityDesign8} = ""item1-2""",2,1,Will you be making the process publicly available?,Le processus est-il accessible au public ou le sera-t-il?,,
198,1.0.0,dataQualityDesign9A,dataQualityDesign,De-risking and Mitigation Measures,Élimination des risques et mesures d'atténuation,13,dataQualityDesignPanel-MS,MS,mitigation,design,comment,N,"{dataQualityDesign8} = ""item1-2"" and {dataQualityDesign9} = ""item1-1""",0,0,Summarize the process or provide a link if publicly available.  ,Veuillez décrire brièvement le processus ou fournir un lien s'il est accessible au public.  ,,
199,1.0.0,dataQualityDesign10,dataQualityDesign,De-risking and Mitigation Measures,Élimination des risques et mesures d'atténuation,13,dataQualityDesignPanel-MS,MS,mitigation,design,radiogroup,N,,2,2,Will the data used for this system be posted on the Open Government Portal?,Les données utilisées pour ce système seront-elles publiées sur le Portail du gouvernement ouvert?,,
200,1.0.0,dataQualityImplementation1,dataQualityImplementation,De-risking and Mitigation Measures,Élimination des risques et mesures d'atténuation,14,dataQualityImplementationPanel-MS,MS,mitigation,implementation,radiogroup,N,,2,3,"Do you have documented processes in place to test datasets against biases, discrimination, and other unexpected outcomes? This could include experience in applying frameworks, methods, guidelines, or other assessment tools. ","Disposez-vous de processus documentés permettant de vérifier si les jeux de données présentent des biais, des éléments discriminatoires et d'autres irrégularités? Il peut notamment s'agir de tests réalisés à l'aide de cadres, de méthodes, de lignes directrices ou d'outils d'évaluation.",,
201,1.0.0,dataQualityImplementation2,dataQualityImplementation,De-risking and Mitigation Measures,Élimination des risques et mesures d'atténuation,14,dataQualityImplementationPanel-MS,MS,mitigation,implementation,radiogroup,N,"{dataQualityImplementation1} = ""item1-3""",2,1,Is the documented process publicly available? ,Le processus documenté est-il accessible au public ou le sera-t-il? ,,
202,1.0.0,dataQualityImplementation11,dataQualityImplementation,De-risking and Mitigation Measures,Élimination des risques et mesures d'atténuation,14,dataQualityImplementationPanel-MS,MS,mitigation,implementation,comment,N,"{dataQualityImplementation1} = ""item1-3"" and {dataQualityImplementation2} = ""item1-1""",0,0,Summarize the process or provide a link if publicly available.  ,Veuillez décrire brièvement le processus ou fournir un lien s'il est accessible au public.,,
203,1.0.0,dataQualityImplementation3,dataQualityImplementation,De-risking and Mitigation Measures,Élimination des risques et mesures d'atténuation,14,dataQualityImplementationPanel-MS,MS,mitigation,implementation,radiogroup,N,,2,1,Have you developed a process to document how data quality issues were resolved during the design process? ,Avez-vous établi un processus permettant de documenter la façon dont les problèmes de qualité des données sont résolus pendant le processus de conception?,,
204,1.0.0,dataQualityImplementation4,dataQualityImplementation,De-risking and Mitigation Measures,Élimination des risques et mesures d'atténuation,14,dataQualityImplementationPanel-MS,MS,mitigation,implementation,radiogroup,N,"{dataQualityImplementation3} = ""item1-1""",2,1,Is the process publicly available? ,Le processus est-il accessible au public ou le sera-t-il?  ,,
205,1.0.0,dataQualityImplementation12,dataQualityImplementation,De-risking and Mitigation Measures,Élimination des risques et mesures d'atténuation,14,dataQualityImplementationPanel-MS,MS,mitigation,implementation,comment,N,"{dataQualityImplementation3} = ""item1-1"" and {dataQualityImplementation4} = ""item1-1""",0,0,Summarize the process or provide a link if publicly available.  ,Veuillez décrire brièvement le processus ou fournir un lien s'il est accessible au public.,,
206,1.0.0,dataQualityImplementation5,dataQualityImplementation,De-risking and Mitigation Measures,Élimination des risques et mesures d'atténuation,14,dataQualityImplementationPanel-MS,MS,mitigation,implementation,radiogroup,N,,3,2,Have you undertaken a Gender-based Analysis Plus (GBA Plus) of the data?, Avez-vous soumis les données à une analyse comparative entre les sexes plus (ACS Plus)?,,
207,1.0.0,dataQualityImplementation6,dataQualityImplementation,De-risking and Mitigation Measures,Élimination des risques et mesures d'atténuation,14,dataQualityImplementationPanel-MS,MS,mitigation,implementation,comment,N,"{dataQualityImplementation5} = ""item3-1""",0,0,Describe,Veuillez préciser,,
208,1.0.0,dataQualityImplementation7,dataQualityImplementation,De-risking and Mitigation Measures,Élimination des risques et mesures d'atténuation,14,dataQualityImplementationPanel-MS,MS,mitigation,implementation,radiogroup,N,"{dataQualityImplementation5} = ""item1-2""",2,1,Are the GBA Plus findings publicly available?,Les résultats de l'ACS Plus sont-ils accessibles au public ou le seront-ils? ,,
209,1.0.0,dataQualityImplementation6A,dataQualityImplementation,De-risking and Mitigation Measures,Élimination des risques et mesures d'atténuation,14,dataQualityImplementationPanel-MS,MS,mitigation,implementation,comment,N,"{dataQualityImplementation5} = ""item1-2""",0,0,Summarize the findings or provide a link if publicly available.,Veuillez résumer les résultats ou fournir un lien s'ils sont accessibles au public.,,
210,1.0.0,dataQualityImplementation8,dataQualityImplementation,De-risking and Mitigation Measures,Élimination des risques et mesures d'atténuation,14,dataQualityImplementationPanel-MS,MS,mitigation,implementation,radiogroup,N,,2,2,"Do you have a documented process to manage the risk that low quality, outdated or unreliable data is used to make an automated decision?",Disposez-vous d'un processus documenté permettant de gérer le risque que des données obsolètes ou non fiables soient utilisées dans le cadre d'une décision automatisée?,,
211,1.0.0,dataQualityImplementation9,dataQualityImplementation,De-risking and Mitigation Measures,Élimination des risques et mesures d'atténuation,14,dataQualityImplementationPanel-MS,MS,mitigation,implementation,radiogroup,N,"{dataQualityImplementation8} = ""item1-2""",2,1,Is the process publicly available? ,Le processus est-il accessible au public? ,,
212,1.0.0,dataQualityImplementation9A,dataQualityImplementation,De-risking and Mitigation Measures,Élimination des risques et mesures d'atténuation,14,dataQualityImplementationPanel-MS,MS,mitigation,implementation,comment,N,"{dataQualityImplementation8} = ""item1-2"" and {dataQualityImplementation9} = ""item1-1""",0,0,Summarize the process or provide a link if publicly available.  ,Veuillez décrire brièvement le processus ou fournir un lien s'il est accessible au public.  ,,
213,1.0.0,dataQualityImplementation10,dataQualityImplementation,De-risking and Mitigation Measures,Élimination des risques et mesures d'atténuation,14,dataQualityImplementationPanel-MS,MS,mitigation,implementation,radiogroup,N,,2,2,Will the data used for this system be posted on the Open Government Portal?,Les données utilisées pour ce système seront-elles publiées sur le Portail du gouvernement ouvert?,,
214,1.0.0,fairnessDesign1,fairnessDesign,De-Risking and Mitigation Measures,Élimination des risques et mesures d'atténuation,15,fairnessDesignPanel-MS,MS,mitigation,design,radiogroup,N,,2,1,Will the audit trail provide information to trace the chain of legislative authority for the decision and key decision points?, La piste de vérification fournira-t-elle de l'information permettant de déterminer de quelle autorité législative relèvent les décisions et les principaux points de décision ou en fournira-t-elle?,,
215,1.0.0,fairnessDesign1A,fairnessDesign,De-Risking and Mitigation Measures,Élimination des risques et mesures d'atténuation,15,fairnessDesignPanel-MS,MS,mitigation,design,radiogroup,N,,2,1,"Will all key decision points in the automated system's logic be linked to the relevant legislation, policy or procedure?","Les principaux points de décision compris dans la logique du système automatisé sont-ils tous reliés aux lois, aux politiques ou aux procédures applicables, ou le seront-ils?",,
216,1.0.0,fairnessDesign2,fairnessDesign,De-Risking and Mitigation Measures,Élimination des risques et mesures d'atténuation,15,fairnessDesignPanel-MS,MS,mitigation,design,radiogroup,N,,2,2,Will the audit trail capture all the recommendations or decisions made by the system?,Les recommandations ou les décisions du système seront-elles toutes consignées dans la piste de vérification?,,
217,1.0.0,fairnessDesign3,fairnessDesign,De-Risking and Mitigation Measures,Élimination des risques et mesures d'atténuation,15,fairnessDesignPanel-MS,MS,mitigation,design,radiogroup,N,,2,2,Will all key decision points be identifiable in the audit trail?,Les principaux points de décision seront-ils tous clairement indiqués dans la piste de vérification?,,
218,1.0.0,fairnessDesign4,fairnessDesign,De-Risking and Mitigation Measures,Élimination des risques et mesures d'atténuation,15,fairnessDesignPanel-MS,MS,mitigation,design,radiogroup,N,,2,2,Will there be a process in place to log the instances when overrides were performed?,"Un processus permettant la consignation des cas de dérogation a-t-il établi, ou le sera-t-il? ",,
219,1.0.0,fairnessDesign5,fairnessDesign,De-Risking and Mitigation Measures,Élimination des risques et mesures d'atténuation,15,fairnessDesignPanel-MS,MS,mitigation,design,radiogroup,N,,2,2,Will there be an up-to-date log of the changes made to the model and the system?,"Un registre actualisé des modifications apportées au modèle et au système a-t-il été mis en place, ou le sera-t-il?",,
220,1.0.0,fairnessDesign7,fairnessDesign,De-Risking and Mitigation Measures,Élimination des risques et mesures d'atténuation,15,fairnessDesignPanel-MS,MS,mitigation,design,radiogroup,N,,2,1,Will the audit trail capture information that can be used to help generate an explanation of the decision where required?,"L'information permettant d'expliquer au besoin, une décision est-elle consignée dans la piste de vérification, ou le sera-t-elle? ",,
221,1.0.0,fairnessDesign10,fairnessDesign,De-Risking and Mitigation Measures,Élimination des risques et mesures d'atténuation,15,fairnessDesignPanel-MS,MS,mitigation,design,radiogroup,N,,2,2,Will the system be able to produce reasons for its decisions or recommendations when required?,"Le système permet-il d'obtenir, au besoin, des justifications concernant ses décisions ou ses recommandations ou permettra-t-il d'en obtenir? ",,
222,1.0.0,fairnessDesign8,fairnessDesign,De-Risking and Mitigation Measures,Élimination des risques et mesures d'atténuation,15,fairnessDesignPanel-MS,MS,mitigation,design,radiogroup,N,,2,2,Will the audit trail identify precisely which version of the system was used for each decision it supports?,"La piste de vérification permet-elle de déterminer précisément la version du système qui a été utilisée pour chaque décision, ou permettra-t-elle de le faire? ",,
223,1.0.0,fairnessDesign9,fairnessDesign,De-Risking and Mitigation Measures,Élimination des risques et mesures d'atténuation,15,fairnessDesignPanel-MS,MS,mitigation,design,radiogroup,N,,2,1,Will the audit trail show who the authorized decision-maker is?,"La personne autorisée à prendre des décisions est-elle indiquée dans la piste de vérification, ou le sera-t-elle?",,
224,1.0.0,fairnessDesign12,fairnessDesign,De-Risking and Mitigation Measures,Élimination des risques et mesures d'atténuation,15,fairnessDesignPanel-MS,MS,mitigation,design,radiogroup,N,,2,2,Will there be a mechanism to capture feedback by users of the system?,"Un mécanisme permettant de recueillir les commentaires des utilisateurs du système a-t-il été prévu, ou le sera-t-il?",,
225,1.0.0,fairnessDesign12A,fairnessDesign,De-Risking and Mitigation Measures,Élimination des risques et mesures d'atténuation,15,fairnessDesignPanel-MS,MS,mitigation,design,comment,N,"{fairnessDesign12} = ""item1-2""",0,0,Describe how user feedback informs updates to the system. ,"Si oui, veuillez décrire la façon dont la rétroaction sera prise en compte dans les mises à jour du système. ",,
226,1.0.0,fairnessDesign12B,fairnessDesign,De-Risking and Mitigation Measures,Élimination des risques et mesures d'atténuation,15,fairnessDesignPanel-MS,MS,mitigation,design,comment,N,"{fairnessDesign12} = ""item2-0""",0,0,Describe why user feedback is not captured. ,"Si non, veuillez expliquer pourquoi la rétroaction n'a pas été prise en compte. ",,
227,1.0.0,fairnessDesign13,fairnessDesign,De-Risking and Mitigation Measures,Élimination des risques et mesures d'atténuation,15,fairnessDesignPanel-MS,MS,mitigation,design,radiogroup,N,,2,2,Will there be a recourse process planned or established for clients to challenge the decision?,"Un processus de recours a-t-il été prévu ou mis en place pour les personnes qui souhaitent contester la décision, ou le sera-t-il?",,
228,1.0.0,fairnessDesign13A,fairnessDesign,De-Risking and Mitigation Measures,Élimination des risques et mesures d'atténuation,15,fairnessDesignPanel-MS,MS,mitigation,design,comment,N,"{fairnessDesign13} contains ""item1-2""",0,0,Provide information on the recourse process or link to a website where this is described.  ,Veuillez fournir des renseignements sur la procédure de recours ou un lien vers un site web où cette procédure est décrite. ,,
229,1.0.0,fairnessDesign16,fairnessDesign,De-Risking and Mitigation Measures,Élimination des risques et mesures d'atténuation,15,fairnessDesignPanel-MS,MS,mitigation,design,radiogroup,N,,2,2,Will the audit trail include change control processes to record modifications to the system's operation or performance?,"Des processus permettant le suivi des modifications apportées au fonctionnement ou au rendement du système ont-ils été intégrés à la piste de vérification, ou le seront-ils?",,
230,1.0.0,fairnessDesign17,fairnessDesign,De-Risking and Mitigation Measures,Élimination des risques et mesures d'atténuation,15,fairnessDesignPanel-MS,MS,mitigation,design,radiogroup,N,,3,2,Will the system base its decision or recommendation on all of the information provided by the client? ,Le système tient-il compte de toute l'information fournie par la clientèle lors de la prise de décision ou de la formulation d'une recommandation? ,,
231,1.0.0,fairnessDesign18,fairnessDesign,De-Risking and Mitigation Measures,Élimination des risques et mesures d'atténuation,15,fairnessDesignPanel-MS,MS,mitigation,design,radiogroup,N,,2,2,Will you undertake mitigations in algorithm development and model testing to address bias and discrimination? ,"Des mesures d'atténuation ont-elles été prises lors de l'élaboration des algorithmes et des essais de modèles pour éliminer tout biais et élément discriminatoire, ou le seront-elles? ",,
232,1.0.0,fairnessDesign18A,fairnessDesign,De-Risking and Mitigation Measures,Élimination des risques et mesures d'atténuation,15,fairnessDesignPanel-MS,MS,mitigation,design,comment,N,"{fairnessDesign18} = ""item1-2""",0,0,Describe the metrics used and any mitigations taken to address identified issues.,Veuillez décrire les paramètres et les mesures d'atténuation utilisés pour remédier aux problèmes constatés.,,
233,1.0.0,fairnessDesign19,fairnessDesign,De-Risking and Mitigation Measures,Élimination des risques et mesures d'atténuation,15,fairnessDesignPanel-MS,MS,mitigation,design,radiogroup,N,,2,2,Will the system only consider input data and information relevant to the decision? ,Le système ne s'appuie-t-il que sur les données d'entrée et l'information se rapportant à la décision?  ,,
234,1.0.0,fairnessDesign20,fairnessDesign,De-Risking and Mitigation Measures,Élimination des risques et mesures d'atténuation,15,fairnessDesignPanel-MS,MS,mitigation,design,radiogroup,N,,2,2,Are the system rules directly relevant to the administrative decision? ,Les règles du système sont-elles directement liées aux décisions administratives?,,
235,1.0.0,fairnessDesign21,fairnessDesign,De-Risking and Mitigation Measures,Élimination des risques et mesures d'atténuation,15,fairnessDesignPanel-MS,MS,mitigation,design,checkbox,N,,5,5,Indicate additional procedural fairness protections in place (check all that apply): ,Veuillez indiquer toute autre mesure prise pour garantir l'équité procédurale (cochez toutes les réponses qui s'appliquent) : ,,
236,1.0.0,fairnessDesign21A,fairnessDesign,De-Risking and Mitigation Measures,Élimination des risques et mesures d'atténuation,15,fairnessDesignPanel-MS,MS,mitigation,design,comment,N,"{fairnessDesign21} contains ""item5-1""",0,0,Describe,Précisez,,
237,1.0.0,fairnessDesign22,fairnessDesign,De-Risking and Mitigation Measures,Élimination des risques et mesures d'atténuation,15,fairnessDesignPanel-MS,MS,mitigation,design,radiogroup,N,,2,2,Are there processes in place to ensure impartiality and ethical conduct by the decision-maker in the use of the system and its outputs? ,Des processus visant à garantir l'impartialité et l'éthique de la personne responsable de prendre les décisions quant à l'utilisation du système et à ses résultats ont-ils été mis en place? ,,
238,1.0.0,fairnessDesign22A,fairnessDesign,De-Risking and Mitigation Measures,Élimination des risques et mesures d'atténuation,15,fairnessDesignPanel-MS,MS,mitigation,design,radiogroup,N,,2,2,Will you undertake training on appropriate use and awareness of risks associated with automation bias?,Avez-vous suivi une formation sur l'utilisation appropriée et la sensibilisation aux risques associés aux biais d'automatisation ou avez-vous l'intention de le faire? ,,
239,1.0.0,fairnessDesign23,fairnessDesign,De-Risking and Mitigation Measures,Élimination des risques et mesures d'atténuation,15,fairnessDesignPanel-MS,MS,mitigation,design,radiogroup,N,,2,2,Will your team be regularly retraining the model or reviewing the rules? ,Votre équipe procédera-t-elle régulièrement à la mise à jour du modèle ou à l'examen des règles? ,,
240,1.0.0,fairnessDesign24,fairnessDesign,De-Risking and Mitigation Measures,Élimination des risques et mesures d'atténuation,15,fairnessDesignPanel-MS,MS,mitigation,design,radiogroup,N,,2,2,Do you have monitoring processes in place to detect changes in system performance over time? ,Disposez-vous de processus de surveillance qui vous permettront de déceler les changements liés au rendement du système au fil du temps?,,
241,1.0.0,fairnessDesign24A,fairnessDesign,De-Risking and Mitigation Measures,Élimination des risques et mesures d'atténuation,15,fairnessDesignPanel-MS,MS,mitigation,design,radiogroup,N,"{fairnessDesign24} = ""item1-2""",2,1,Do you have a process in place to update the system based on the monitoring results? ,Disposez-vous d'un processus de mise à jour du système fondé sur les résultats du processus de surveillance?,,
242,1.0.0,fairnessDesign24AA,fairnessDesign,De-Risking and Mitigation Measures,Élimination des risques et mesures d'atténuation,15,fairnessDesignPanel-MS,MS,mitigation,design,comment,N,"{fairnessDesign24} = ""item1-2"" and {fairnessDesign24A} = ""item1-1"" ",0,0,Describe ,Veuillez expliquer votre réponse. ,,
243,1.0.0,fairnessDesign24B,fairnessDesign,De-Risking and Mitigation Measures,Élimination des risques et mesures d'atténuation,15,fairnessDesignPanel-MS,MS,mitigation,design,comment,N,"{fairnessDesign24} = ""item2-0""",0,0,Indicate why monitoring processes are not in place.,Indiquez pourquoi aucun processus de surveillance n'est en place.,,
244,1.0.0,fairnessImplementation1,fairnessImplementation,De-Risking and Mitigation Measures,Élimination des risques et mesures d'atténuation,16,fairnessImplementationPanel-MS,MS,mitigation,implementation,radiogroup,N,,2,1,Does the audit trail provide information to trace the chain of legislative authority for the decision and key decision points? , La piste de vérification fournit-elle de l'information permettant de déterminer de quelle autorité législative relèvent les décisions et les principaux points de décision? ,,
245,1.0.0,fairnessImplementation1A,fairnessImplementation,De-Risking and Mitigation Measures,Élimination des risques et mesures d'atténuation,16,fairnessImplementationPanel-MS,MS,mitigation,implementation,radiogroup,N,,2,1,"Are all key decision points in the automated system's logic linked to the relevant legislation, policy or procedures? ","Les principaux points de décision compris dans la logique du système automatisé sont-ils tous reliés aux lois, aux politiques ou aux procédures applicables, ou le seront-ils? ",,
246,1.0.0,fairnessImplementation2,fairnessImplementation,De-Risking and Mitigation Measures,Élimination des risques et mesures d'atténuation,16,fairnessImplementationPanel-MS,MS,mitigation,implementation,radiogroup,N,,2,2,Does the audit trail capture all the recommendations or decisions made by the system? ,Les recommandations ou les décisions du système sont-elles toutes consignées dans la piste de vérification? ,,
247,1.0.0,fairnessImplementation3,fairnessImplementation,De-Risking and Mitigation Measures,Élimination des risques et mesures d'atténuation,16,fairnessImplementationPanel-MS,MS,mitigation,implementation,radiogroup,N,,2,2,Are all key decision points identifiable in the audit trail? ,Les principaux points de décision sont-ils tous clairement indiqués dans la piste de vérification? ,,
248,1.0.0,fairnessImplementation4,fairnessImplementation,De-Risking and Mitigation Measures,Élimination des risques et mesures d'atténuation,16,fairnessImplementationPanel-MS,MS,mitigation,implementation,radiogroup,N,,2,2,Is there a process in place to log the instances when overrides were performed? ,"Un processus permettant la consignation des cas de dérogation a-t-il établi, ou le sera-t-il? ",,
249,1.0.0,fairnessImplementation5,fairnessImplementation,De-Risking and Mitigation Measures,Élimination des risques et mesures d'atténuation,16,fairnessImplementationPanel-MS,MS,mitigation,implementation,radiogroup,N,,2,2,Is there an up-to-date log of the changes made to the model and the system? , Un registre actualisé des modifications apportées au modèle et au système a-t-il été mis en place?   ,,
250,1.0.0,fairnessImplementation7,fairnessImplementation,De-Risking and Mitigation Measures,Élimination des risques et mesures d'atténuation,16,fairnessImplementationPanel-MS,MS,mitigation,implementation,radiogroup,N,,2,1,Does the audit trail capture information that can be used to help generate an explanation of the decision where required? ,"L'information permettant d'expliquer au besoin, une décision est-elle consignée dans la piste de vérification? ",,
251,1.0.0,fairnessImplementation10,fairnessImplementation,De-Risking and Mitigation Measures,Élimination des risques et mesures d'atténuation,16,fairnessImplementationPanel-MS,MS,mitigation,implementation,radiogroup,N,,2,2,Is the system able to produce reasons for its decisions or recommendations when required? ,"Le système permet-il d'obtenir, au besoin, des justifications concernant ses décisions ou ses recommandations?  ",,
252,1.0.0,fairnessImplementation8,fairnessImplementation,De-Risking and Mitigation Measures,Élimination des risques et mesures d'atténuation,16,fairnessImplementationPanel-MS,MS,mitigation,implementation,radiogroup,N,,2,2,Does the audit trail identify precisely which version of the system was used for each decision it supports? ,La piste de vérification permet-elle de déterminer précisément la version du système qui a été utilisée pour chaque décision? ,,
253,1.0.0,fairnessImplementation9,fairnessImplementation,De-Risking and Mitigation Measures,Élimination des risques et mesures d'atténuation,16,fairnessImplementationPanel-MS,MS,mitigation,implementation,radiogroup,N,,2,1,Does the audit trail show who the authorized decision-maker is? ,La personne autorisée à prendre des décisions est-elle indiquée dans la piste de vérification? ,,
254,1.0.0,fairnessImplementation12,fairnessImplementation,De-Risking and Mitigation Measures,Élimination des risques et mesures d'atténuation,16,fairnessImplementationPanel-MS,MS,mitigation,implementation,radiogroup,N,,2,2,Is there a mechanism to capture feedback by users of the system?,Un mécanisme permettant de recueillir les commentaires des utilisateurs du système a-t-il été prévu? ,,
255,1.0.0,fairnessImplementation12A,fairnessImplementation,De-Risking and Mitigation Measures,Élimination des risques et mesures d'atténuation,16,fairnessImplementationPanel-MS,MS,mitigation,implementation,comment,N,"{fairnessImplementation12} = ""item1-2""",0,0,Describe how user feedback informs updates to the system. ,"Si oui, veuillez décrire la façon dont la rétroaction sera prise en compte dans les mises à jour du système. ",,
256,1.0.0,fairnessImplementation12B,fairnessImplementation,De-Risking and Mitigation Measures,Élimination des risques et mesures d'atténuation,16,fairnessImplementationPanel-MS,MS,mitigation,implementation,comment,N,"{fairnessImplementation12} = ""item2-0""",0,0,Describe why user feedback is not captured. ,"Si non, veuillez expliquer pourquoi la rétroaction n'a pas été prise en compte. ",,
257,1.0.0,fairnessImplementation13,fairnessImplementation,De-Risking and Mitigation Measures,Élimination des risques et mesures d'atténuation,16,fairnessImplementationPanel-MS,MS,mitigation,implementation,radiogroup,N,,2,2,Is there a recourse process established for clients to challenge the decision?,Un processus de recours a-t-il été prévu ou mis en place pour les personnes qui souhaitent contester la décision? ,,
258,1.0.0,fairnessImplementation13A,fairnessImplementation,De-Risking and Mitigation Measures,Élimination des risques et mesures d'atténuation,16,fairnessImplementationPanel-MS,MS,mitigation,implementation,comment,N,"{fairnessImplementation13} contains ""item1-2""",0,0,Provide information on the recourse process or link to a website where this is described.  ,Veuillez fournir des renseignements sur la procédure de recours ou un lien vers un site web où cette procédure est décrite. ,,
259,1.0.0,fairnessImplementation16,fairnessImplementation,De-Risking and Mitigation Measures,Élimination des risques et mesures d'atténuation,16,fairnessImplementationPanel-MS,MS,mitigation,implementation,radiogroup,N,,2,2,Does the audit trail include change control processes to record modifications to the system's operation or performance? ,Des processus permettant le suivi des modifications apportées au fonctionnement ou au rendement du système ont-ils été intégrés à la piste de vérification? ,,
260,1.0.0,fairnessImplementation17,fairnessImplementation,De-Risking and Mitigation Measures,Élimination des risques et mesures d'atténuation,16,fairnessImplementationPanel-MS,MS,mitigation,implementation,radiogroup,N,,3,2,Does the system base its decision or recommendation on all of the information provided by the client? ,Le système tient-il compte de toute l'information fournie par la clientèle lors de la prise de décision ou de la formulation d'une recommandation? ,,
261,1.0.0,fairnessImplementation18,fairnessImplementation,De-Risking and Mitigation Measures,Élimination des risques et mesures d'atténuation,16,fairnessImplementationPanel-MS,MS,mitigation,implementation,radiogroup,N,,2,2,Have you undertaken mitigations in algorithm development and model testing to address bias and discrimination? ,Des mesures d'atténuation ont-elles été prises lors de l'élaboration des algorithmes et des essais de modèles pour éliminer tout biais et élément discriminatoire? ,,
262,1.0.0,fairnessImplementation18A,fairnessImplementation,De-Risking and Mitigation Measures,Élimination des risques et mesures d'atténuation,16,fairnessImplementationPanel-MS,MS,mitigation,implementation,comment,N,"{fairnessImplementation18} = ""item1-2""",0,0,Describe the metrics used and any mitigations taken to address identified issues.,Veuillez décrire les paramètres et les mesures d'atténuation utilisés pour remédier aux problèmes constatés.,,
263,1.0.0,fairnessImplementation19,fairnessImplementation,De-Risking and Mitigation Measures,Élimination des risques et mesures d'atténuation,16,fairnessImplementationPanel-MS,MS,mitigation,implementation,radiogroup,N,,2,2,Does the system only consider input data and information relevant to the decision?  ,Le système ne s'appuie-t-il que sur les données d'entrée et l'information se rapportant à la décision?  ,,
264,1.0.0,fairnessImplementation20,fairnessImplementation,De-Risking and Mitigation Measures,Élimination des risques et mesures d'atténuation,16,fairnessImplementationPanel-MS,MS,mitigation,implementation,radiogroup,N,,2,2,Are the system rules directly relevant to the administrative decision? ,Les règles du système sont-elles directement liées aux décisions administratives?,,
265,1.0.0,fairnessImplementation21,fairnessImplementation,De-Risking and Mitigation Measures,Élimination des risques et mesures d'atténuation,16,fairnessImplementationPanel-MS,MS,mitigation,implementation,checkbox,N,,5,5,Indicate additional procedural fairness protections in place (check all that apply): ,Veuillez indiquer toute autre mesure prise pour garantir l'équité procédurale (cochez toutes les réponses qui s'appliquent) : ,,
266,1.0.0,fairnessImplementation21A,fairnessImplementation,De-Risking and Mitigation Measures,Élimination des risques et mesures d'atténuation,16,fairnessImplementationPanel-MS,MS,mitigation,implementation,comment,N,"{fairnessImplementation21} contains ""item5-1""",0,0,Describe,Précisez,,
267,1.0.0,fairnessImplementation22,fairnessImplementation,De-Risking and Mitigation Measures,Élimination des risques et mesures d'atténuation,16,fairnessImplementationPanel-MS,MS,mitigation,implementation,radiogroup,N,,2,2,Are there processes in place to ensure impartiality and ethical conduct by the decision-maker in the use of the system and its outputs? ,Des processus visant à garantir l'impartialité et l'éthique de la personne responsable de prendre les décisions quant à l'utilisation du système et à ses résultats ont-ils été mis en place? ,,
268,1.0.0,fairnessImplementation22A,fairnessImplementation,De-Risking and Mitigation Measures,Élimination des risques et mesures d'atténuation,16,fairnessImplementationPanel-MS,MS,mitigation,implementation,radiogroup,N,,2,2,Have you undertaken training on appropriate use and awareness of risks associated with automation bias?,Avez-vous suivi une formation sur l'utilisation appropriée et la sensibilisation aux risques associés aux biais d'automatisation?  ,,
269,1.0.0,fairnessImplementation23,fairnessImplementation,De-Risking and Mitigation Measures,Élimination des risques et mesures d'atténuation,16,fairnessImplementationPanel-MS,MS,mitigation,implementation,radiogroup,N,,2,2,Will your team be regularly retraining the model or reviewing the rules? ,Votre équipe procédera-t-elle régulièrement à la mise à jour du modèle ou à l'examen des règles? ,,
270,1.0.0,fairnessImplementation24,fairnessImplementation,De-Risking and Mitigation Measures,Élimination des risques et mesures d'atténuation,16,fairnessImplementationPanel-MS,MS,mitigation,implementation,radiogroup,N,,2,2,Do you have monitoring processes in place to detect changes in system performance over time? ,Disposez-vous de processus de surveillance qui vous permettront de déceler les changements liés au rendement du système au fil du temps?,,
271,1.0.0,fairnessImplementation24A,fairnessImplementation,De-Risking and Mitigation Measures,Élimination des risques et mesures d'atténuation,16,fairnessImplementationPanel-MS,MS,mitigation,implementation,radiogroup,N,"{fairnessImplementation24} = ""item1-2""",2,1,Do you have a process in place to update the system based on the monitoring results? ,Disposez-vous d'un processus de mise à jour du système fondé sur les résultats du processus de surveillance?,,
272,1.0.0,fairnessImplementation24AA,fairnessImplementation,De-Risking and Mitigation Measures,Élimination des risques et mesures d'atténuation,16,fairnessImplementationPanel-MS,MS,mitigation,implementation,comment,N,"{fairnessImplementation24} = ""item1-2"" and {fairnessImplementation24A} = ""item1-1"" ",0,0,Describe ,Veuillez expliquer votre réponse. ,,
273,1.0.0,fairnessImplementation24B,fairnessImplementation,De-Risking and Mitigation Measures,Élimination des risques et mesures d'atténuation,16,fairnessImplementationPanel-MS,MS,mitigation,implementation,comment,N,"{fairnessImplementation24} = ""item2-0""",0,0,Indicate why monitoring processes are not in place.,Indiquez pourquoi aucun processus de surveillance n'est en place.,,
274,1.0.0,privacyDesign1,privacyDesign,De-Risking and Mitigation Measures,Élimination des risques et mesures d'atténuation,17,privacyDesignPanel-MS,MS,mitigation,design,radiogroup,N,,2,2,"If your system uses or creates personal information, will you undertake a privacy impact assessment (PIA), or update an existing one prior to system launch?","Si votre système traite ou génère des renseignements personnels, avez-vous réalisé une évaluation des facteurs relatifs à la vie privée (EFVP) ou mis à jour une évaluation existante avant le lancement du système, ou avez-vous l'intention de le faire? ",,
275,1.0.0,privacyDesign5,privacyDesign,De-Risking and Mitigation Measures,Élimination des risques et mesures d'atténuation,17,privacyDesignPanel-MS,MS,mitigation,design,comment,N,"{privacyDesign1} = ""item1-2""",0,0,Indicate the following in your answer: Title and scope of the PIA; How the automation project fits into the program; and Date of PIA completion or modification. ,"Si oui, veuillez indiquer les éléments suivants dans votre réponse : le titre et la portée de l'EFVP; la manière dont le projet d'automatisation s'intègre au programme; la date d'achèvement ou de modification de l'EFVP.",,
276,1.0.0,privacyDesign6,privacyDesign,De-Risking and Mitigation Measures,Élimination des risques et mesures d'atténuation,17,privacyDesignPanel-MS,MS,mitigation,design,comment,N,"{privacyDesign1} = ""item2-0""",0,0,Have you undertaken other types of privacy assessments for your automation project?  Describe any relevant efforts.,"Si non, avez-vous réalisé d'autres types d'EFVP pour votre projet d'automatisation? Veuillez décrire toute mesure pertinente.  ",,
277,1.0.0,privacyDesign2,privacyDesign,De-Risking and Mitigation Measures,Élimination des risques et mesures d'atténuation,17,privacyDesignPanel-MS,MS,mitigation,design,radiogroup,N,,2,2,Will you design and build security into your systems from the concept stage of the project?,"Avez-vous conçu des mesures de sécurité et les avez-vous intégrées dans vos systèmes dès l'étape de la conception du projet, ou avez-vous l'intention de le faire?",,
278,1.0.0,privacyDesign2A,privacyDesign,De-Risking and Mitigation Measures,Élimination des risques et mesures d'atténuation,17,privacyDesignPanel-MS,MS,mitigation,design,comment,N,"{privacyDesign2} = ""item1-2""",0,0,Describe,Veuillez préciser.,,
279,1.0.0,privacyDesign9,privacyDesign,De-Risking and Mitigation Measures,Élimination des risques et mesures d'atténuation,17,privacyDesignPanel-MS,MS,mitigation,design,radiogroup,N,,2,2,Will you design and build privacy into your systems from the concept stage of the project?,"Avez-vous conçu des mesures de la protection des renseignements personnels et les avez-vous intégrées dans vos systèmes dès l'étape de la conception du projet, ou avez-vous l'intention de le faire?",,
280,1.0.0,privacyDesign9A,privacyDesign,De-Risking and Mitigation Measures,Élimination des risques et mesures d'atténuation,17,privacyDesignPanel-MS,MS,mitigation,design,comment,N,"{privacyDesign9} = ""item1-2""",0,0,Describe,Veuillez préciser.,,
281,1.0.0,privacyDesign3,privacyDesign,De-Risking and Mitigation Measures,Élimination des risques et mesures d'atténuation,17,privacyDesignPanel-MS,MS,mitigation,design,radiogroup,N,,2,1,"Will information be used within a closed system (no connections to the Internet, Intranet or any other system)?","L'information est-elle utilisée dans un système fermé (c'est-à-dire sans connexion à Internet, à l'intranet ou à tout autre système), ou le sera-t-elle?",,
282,1.0.0,privacyDesign4,privacyDesign,De-Risking and Mitigation Measures,Élimination des risques et mesures d'atténuation,17,privacyDesignPanel-MS,MS,mitigation,design,radiogroup,N,,2,1,"If the disclosing of personal information is involved, has an agreement or arrangement with appropriate safeguards been established?","Si la transmission de renseignements personnels est prévue, un accord ou un arrangement prévoyant des mesures de sécurité appropriées a-t-il été conclu?",,
283,1.0.0,privacyDesign7,privacyDesign,De-Risking and Mitigation Measures,Élimination des risques et mesures d'atténuation,17,privacyDesignPanel-MS,MS,mitigation,design,radiogroup,N,,2,1,Will you de-identify any personal information used or created by the system at any point in the lifecycle? ,Les renseignements personnels traités ou créés par le système seront-ils dépersonnalisés à toutes les étapes du cycle de vie?,,
284,1.0.0,privacyDesign8,privacyDesign,De-Risking and Mitigation Measures,Élimination des risques et mesures d'atténuation,17,privacyDesignPanel-MS,MS,mitigation,design,comment,N,"{privacyDesign7} = ""item1-1""",0,0,Describe your de-identification method(s).,Veuillez décrire les méthodes de dépersonnalisation que vous utiliserez.  ,,
285,1.0.0,privacyImplementation1,privacyImplementation,De-Risking and Mitigation Measures,Élimination des risques et mesures d'atténuation,18,privacyImplementationPanel-MS,MS,mitigation,implementation,radiogroup,N,,2,2,"If your system uses or creates personal information, have you undertaken a PIA, or updated an existing one? ","Si votre système traite ou génère des renseignements personnels, avez-vous réalisé une évaluation des facteurs relatifs à la vie privée (EFVP) ou mis à jour une évaluation existante avant le lancement du système?",,
286,1.0.0,privacyImplementation5,privacyImplementation,De-Risking and Mitigation Measures,Élimination des risques et mesures d'atténuation,18,privacyImplementationPanel-MS,MS,mitigation,implementation,comment,N,"{privacyImplementation1} = ""item1-2""",0,0,Indicate the following in your answer: Title and scope of the PIA; How the automation project fits into the program; and Date of PIA completion or modification.,"Si oui, veuillez indiquer les éléments suivants dans votre réponse : le titre et la portée de l'EFVP; la manière dont le projet d'automatisation s'intègre au programme; la date d'achèvement ou de modification de l'EFVP.",,
287,1.0.0,privacyImplementation6,privacyImplementation,De-Risking and Mitigation Measures,Élimination des risques et mesures d'atténuation,18,privacyImplementationPanel-MS,MS,mitigation,implementation,comment,N,"{privacyImplementation1} = ""item2-0""",0,0,Have you undertaken other types of privacy assessments for your automation project? Describe any relevant efforts. ,"Si non, avez-vous réalisé d'autres types d'EFVP pour votre projet d'automatisation? Veuillez décrire toute mesure pertinente.",,
288,1.0.0,privacyImplementation2,privacyImplementation,De-Risking and Mitigation Measures,Élimination des risques et mesures d'atténuation,18,privacyImplementationPanel-MS,MS,mitigation,implementation,radiogroup,N,,2,2,Have you designed and built security into your systems from the concept stage of the project?,Avez-vous conçu des mesures de sécurité et les avez-vous intégrées dans vos systèmes dès l'étape de la conception du projet?,,
289,1.0.0,privacyImplementation2A,privacyImplementation,De-Risking and Mitigation Measures,Élimination des risques et mesures d'atténuation,18,privacyImplementationPanel-MS,MS,mitigation,implementation,comment,N,"{privacyImplementation2} = ""item1-2""",0,0,Describe,Veuillez préciser.,,
290,1.0.0,privacyImplementation9,privacyImplementation,De-Risking and Mitigation Measures,Élimination des risques et mesures d'atténuation,18,privacyImplementationPanel-MS,MS,mitigation,implementation,radiogroup,N,,2,2,Have you designed and built privacy into your systems from the concept stage of the project?,Avez-vous conçu des mesures de la protection des renseignements personnels et les avez-vous intégrées dans vos systèmes dès l'étape de la conception du projet? ,,
291,1.0.0,privacyImplementation9A,privacyImplementation,De-Risking and Mitigation Measures,Élimination des risques et mesures d'atténuation,18,privacyImplementationPanel-MS,MS,mitigation,implementation,comment,N,"{privacyImplementation9} = ""item1-2""",0,0,Describe,Veuillez préciser.,,
292,1.0.0,privacyImplementation3,privacyImplementation,De-Risking and Mitigation Measures,Élimination des risques et mesures d'atténuation,18,privacyImplementationPanel-MS,MS,mitigation,implementation,radiogroup,N,,2,1,"Is the information used within a closed system (no connections to the Internet, Intranet or any other system)?","L'information est-elle utilisée dans un système fermé (c'est-à-dire sans connexion à Internet, à l'intranet ou à tout autre système)?",,
293,1.0.0,privacyImplementation4,privacyImplementation,De-Risking and Mitigation Measures,Élimination des risques et mesures d'atténuation,18,privacyImplementationPanel-MS,MS,mitigation,implementation,radiogroup,N,,2,1,"If the disclosing of personal information is involved, has an agreement or arrangement with appropriate safeguards been established?","Si la transmission de renseignements personnels est prévue, un accord ou un arrangement prévoyant des mesures de sécurité appropriées a-t-il été conclu? ",,
294,1.0.0,privacyImplementation7,privacyImplementation,De-Risking and Mitigation Measures,Élimination des risques et mesures d'atténuation,18,privacyImplementationPanel-MS,MS,mitigation,implementation,radiogroup,N,,2,1,Will you de-identify any personal information used or created by the system at any point in the lifecycle? ,Les renseignements personnels traités ou créés par le système seront-ils dépersonnalisés à toutes les étapes du cycle de vie? ,,
295,1.0.0,privacyImplementation8,privacyImplementation,De-Risking and Mitigation Measures,Élimination des risques et mesures d'atténuation,18,privacyImplementationPanel-MS,MS,mitigation,implementation,comment,N,"{privacyImplementation7} = ""item1-1""",0,0,Describe your de-identification method(s).,Veuillez décrire les méthodes de dépersonnalisation que vous utiliserez.,,
1,0.10.0,projectDetailsRespondent,projectDetails,Project Details,Détails du projet,2,projectDetailsPanel-NS,NS,none,,text,N,,0,0,Name of Respondent,Nom de la personne sondée,The name of the respondent is the name of the person that answers the questions.,Le nom de la personne répondant aux questions.
2,0.10.0,projectDetailsJob,projectDetails,Project Details,Détails du projet,2,projectDetailsPanel-NS,NS,none,,text,N,,0,0,Job Title,Titre du poste,,
3,0.10.0,projectDetailsDepartment-NS,projectDetails,Project Details,Détails du projet,2,projectDetailsPanel-NS,NS,none,,dropdown,N,,101,0,Department,Ministère,,
4,0.10.0,projectDetailsBranch,projectDetails,Project Details,Détails du projet,2,projectDetailsPanel-NS,NS,none,,text,N,,0,0,Branch,Direction,,
5,0.10.0,projectDetailsTitle,projectDetails,Project Details,Détails du projet,2,projectDetailsPanel-NS,NS,none,,text,N,,0,0,Project Title,Titre du projet,,
6,0.10.0,projectDetailsID,projectDetails,Project Details,Détails du projet,2,projectDetailsPanel-NS,NS,none,,text,N,,0,0,Project ID from IT Plan,Identifiant du projet provenant du Plan TI,,
7,0.10.0,projectDetailsProgram,projectDetails,Project Details,Détails du projet,2,projectDetailsPanel-NS,NS,none,,text,N,,0,0,Departmental Program (from Department Results Framework),Programme ministériel (Cadre ministériel des résultats),,
8,0.10.0,projectDetailsPhase,projectDetails,Project Details,Détails du projet,2,projectDetailsPanel-NS,NS,none,,radiogroup,Y,,2,0,Project Phase,Phase du projet,,
9,0.10.0,projectDetailsDescription,projectDetails,Project Details,Détails du projet,2,projectDetailsPanel-NS,NS,none,,comment,N,,0,0,Please provide a project description:,Veuillez fournir une description du projet :,,
10,0.10.0,businessDrivers1,businessDrivers,Reasons for Automation,Raisons de l'automatisation,3,businessDriversPanel-RS,RS,raw,,checkbox,N,,6,0,What is motivating your team to introduce automation into this decision-making process? (Check all that apply),Qu'est-ce qui motive votre équipe à introduire l'automatisation dans ce processus décisionnel? (Cochez toutes les réponses qui s'appliquent.),,
11,0.10.0,motivation-other,businessDrivers,Reasons for Automation,Raisons de l'automatisation,3,businessDriversPanel-RS,RS,raw,,comment,N,"{businessDrivers1} contains ""item6""",0,0,Please describe,S'il vous plait décrire,,
12,0.10.0,businessDrivers3,businessDrivers,Reasons for Automation,Raisons de l'automatisation,3,businessDriversPanel-RS,RS,raw,,comment,N,,0,0,"What client needs will the system address and how will this system meet them? If possible, describe how client needs have been identified.","Quels sont les besoins des clients auxquels le système répondra et comment le système y répondra-t-il? Si possible, décrivez la façon dont les besoins des clients ont été déterminés.",,
13,0.10.0,businessDrivers4,businessDrivers,Reasons for Automation,Raisons de l'automatisation,3,businessDriversPanel-RS,RS,raw,,comment,N,,0,0,Please describe any public benefits the system is expected to have.,Veuillez décrire tous les bienfaits d’intérêt public que le système devrait avoir.,,
14,0.10.0,businessDrivers5,businessDrivers,Reasons for Automation,Raisons de l'automatisation,3,businessDriversPanel-RS,RS,raw,,dropdown,N,,3,2,How effective will the system likely be in meeting client needs?,Dans quelle mesure le système sera-t-il efficace pour répondre aux besoins des clients?,,
15,0.10.0,businessDrivers6,businessDrivers,Reasons for Automation,Raisons de l'automatisation,3,businessDriversPanel-RS,RS,raw,,comment,N,,0,0,"Please describe any improvements, benefits, or advantages you expect from using an automated system. This could include relevant program indicators and performance targets.","Veuillez décrire les améliorations, les bienfaits ou les avantages que vous attendez de l’utilisation d’un système automatisé. Cela pourrait inclure des indicateurs de programme et des objectifs de rendement pertinents.",,
16,0.10.0,businessDrivers7,businessDrivers,Reasons for Automation,Raisons de l'automatisation,3,businessDriversPanel-RS,RS,raw,,comment,N,,0,0,Please describe how you will ensure that the system is confined to addressing the client needs identified above.,Veuillez décrire la façon dont vous allez vous assurer que le système se limite à répondre aux besoins des clients mentionnés ci-dessus.,,
17,0.10.0,businessDrivers8,businessDrivers,Reasons for Automation,Raisons de l'automatisation,3,businessDriversPanel-RS,RS,raw,,comment,N,,0,0,Please describe any trade-offs between client interests and program objectives that you have considered during the design of the project.,Veuillez décrire toutes les concessions mutuelles entre les intérêts des clients et les objectifs du programme que vous avez pris en considération lors de l’élaboration du projet.,,
18,0.10.0,businessDrivers9,businessDrivers,Reasons for Automation,Raisons de l'automatisation,3,businessDriversPanel-RS,RS,raw,,radiogroup,N,,2,1,Have alternative non-automated processes been considered?,D’autres options de processus non automatisés ont-elles été envisagées?,,
19,0.10.0,businessDrivers10,businessDrivers,Reasons for Automation,Raisons de l'automatisation,3,businessDriversPanel-RS,RS,raw,,comment,N,"{businessDrivers9} contains ""item1-0""",0,0,"If non-automated processes were considered, why was automation identified as the preferred option?","Si des processus non automatisés ont été envisagés, pourquoi l’automatisation a-t-elle été l’option choisie?",,
20,0.10.0,businessDrivers11,businessDrivers,Reasons for Automation,Raisons de l'automatisation,3,businessDriversPanel-RS,RS,raw,,checkbox,N,,6,5,What would be the consequence of not deploying the system?,Quelle serait la conséquence du non-déploiement du système?,,
21,0.10.0,businessDrivers12,businessDrivers,Reasons for Automation,Raisons de l'automatisation,3,businessDriversPanel-RS,RS,raw,,comment,N,"{businessDrivers11} contains ""item6-0""",0,0,Please describe,S'il vous plait décrire,,
22,0.10.0,riskProfile1,riskProfile,Risk Profile,Profil de risque,4,riskProfilePanel-RS,RS,raw,,radiogroup,N,,2,3,Is the project within an area of intense public scrutiny (e.g. because of privacy concerns) and/or frequent litigation?,Le projet fait-il l'objet d'un examen public approfondi (e.g.: en raison de préoccupations liées à la protection de la vie privée) et/ou de litiges fréquents?,,
23,0.10.0,riskProfile2,riskProfile,Risk Profile,Profil de risque,4,riskProfilePanel-RS,RS,raw,,radiogroup,N,,2,3,Are clients in this line of business particularly vulnerable?,Les clients de ce secteur d'activité sont-ils particulièrement vulnérables?,,
24,0.10.0,riskProfile3,riskProfile,Risk Profile,Profil de risque,4,riskProfilePanel-RS,RS,raw,,radiogroup,N,,2,4,Are stakes of the decisions very high?,Les enjeux des décisions de ce programme sont-ils très élevés? ,,
25,0.10.0,riskProfile4,riskProfile,Risk Profile,Profil de risque,4,riskProfilePanel-RS,RS,raw,,radiogroup,N,,2,3,"Will this project have major impacts on staff, either in terms of their numbers or their roles?","Ce projet aura-t-il d'importantes répercussions sur le personnel, que ce soit en termes de nombre ou de rôle?",,
26,0.10.0,riskProfile5,riskProfile,Risk Profile,Profil de risque,4,riskProfilePanel-RS,RS,raw,,radiogroup,N,,2,4,Will the use of the system create or exacerbate barriers for persons with disabilities?,L’utilisation du système entraînera-t-elle des difficultés pour les personnes en situation de handicap ou les accentuera-t-elle?,,
27,0.10.0,riskProfile6,riskProfile,Risk Profile,Profil de risque,4,riskProfilePanel-RS,RS,raw,,comment,N,"{riskProfile5} = ""item1-4""",0,0,"If yes, please describe the barriers and any planned or existing measures to identify, remove, and/or prevent them.","Si oui, veuillez décrire les difficultés et toute mesure prévue ou existante pour les identifier, les éliminer ou les éviter.",,
28,0.10.0,projectAuthority1,projectAuthority,Project Authority,Autorité de projet,5,projectAuthorityPanel-RS,RS,raw,,radiogroup,N,,2,2,Will you require new policy authority for this project?,Aurez-vous besoin d'une nouvelle autorisation en termes de politiques pour ce projet ?,,
29,0.10.0,aboutSystem1,aboutSystem,About The System,À propos du système,6,aboutSystemPanel-NS,NS,none,,checkbox,N,,6,0,Please check which of the following capabilities apply to your system.,Veuillez indiquer laquelle des capacités suivantes s'applique à votre système.,,
30,0.10.0,aboutSystem2,aboutSystem,About The System,À propos du système,6,aboutSystemPanel-NS,NS,none,,comment,N,"{aboutSystem1} contains [""item6""]",0,0,Please describe,S'il vous plait décrire,,
31,0.10.0,aboutAlgorithm1,aboutAlgorithm,About the Algorithm,À propos de l'algorithme,7,aboutAlgorithmPanel-RS,RS,raw,,radiogroup,N,,2,3,The algorithm used will be a (trade) secret,L'algorithme utilisé sera un secret (commercial),,
32,0.10.0,aboutAlgorithm2,aboutAlgorithm,About the Algorithm,À propos de l'algorithme,7,aboutAlgorithmPanel-RS,RS,raw,,radiogroup,N,,2,3,The algorithmic process will be difficult to interpret or to explain,Le processus algorithmique sera difficile à interpréter ou à expliquer,,
33,0.10.0,decisionSector3,decisionSector,About the Decision,À propos de la décision,8,decisionSectorPanel-RS,RS,raw,,comment,N,,0,0,Please describe the decision(s) that will be automated.,Veuillez décrire la ou les décisions qui seront automatisées.,,
34,0.10.0,decisionSector1,decisionSector,About the Decision,À propos de la décision,8,decisionSectorPanel-RS,RS,raw,,checkbox,N,,7,7,Does the decision pertain to any of the categories below (check all that apply):,La décision s'applique-t-elle à l'une ou l'autre des catégories ci-dessous (*Cochez toutes les réponses qui s'appliquent) :,,
35,0.10.0,decisionSector2,decisionSector,About the Decision,À propos de la décision,8,decisionSectorPanel-RS,RS,raw,,comment,N,"{decisionSector1} contains [""item6-1""]",0,0,Please describe,S'il vous plait décrire,,
36,0.10.0,impact30,impact,Impact Assessment,Évaluation de l'incidence,9,impactPanel-RS,RS,raw,,radiogroup,N,,2,4,Which of the following best describes the type of automation you are planning? ,"Parmi les propositions suivantes, laquelle décrit le mieux le type d’automatisation que vous envisagez? ",,
37,0.10.0,impact31,impact,Impact Assessment,Évaluation de l'incidence,9,impactPanel-RS,RS,raw,,comment,N,,0,0,Please describe the role of the system in the decision-making process.,Veuillez décrire le rôle du système dans le processus de prise de décisions.,,
38,0.10.0,impact3,impact,Impact Assessment,Évaluation de l'incidence,9,impactPanel-RS,RS,raw,,radiogroup,N,,2,4,Will the system be making decisions or assessments that require judgement or discretion?,Le système prendra-t-il des décisions ou effectuera-t-il des évaluations qui exigent du jugement ou de la discrétion?,,
39,0.10.0,impact20,impact,Impact Assessment,Évaluation de l'incidence,9,impactPanel-RS,RS,raw,,comment,N,,0,0,Please describe the criteria used to evaluate client data and the operations applied to process it.,Veuillez décrire les critères utilisés pour évaluer les données des clients et les procédures appliquées pour les traiter.,,
40,0.10.0,impact21,impact,Impact Assessment,Évaluation de l'incidence,9,impactPanel-RS,RS,raw,,comment,N,,0,0,Please describe the output produced by the system and any relevant information needed to interpret it in the context of the administrative decision.,Veuillez décrire le résultat produit par le système et les renseignements pertinents nécessaires à l’interprétation dans le contexte de la décision administrative.,,
41,0.10.0,impact22,impact,Impact Assessment,Évaluation de l'incidence,9,impactPanel-RS,RS,raw,,radiogroup,N,,2,2,Will the system perform an assessment or other operation that would not otherwise be completed by a human?,Le système effectuera-t-il une évaluation ou une autre activité qui ne serait autrement pas réalisée par un humain?,,
42,0.10.0,impact23,impact,Impact Assessment,Évaluation de l'incidence,9,impactPanel-RS,RS,raw,,comment,N,"{impact22} contains [""item1-2""]",0,0,"If yes, please describe the relevant function(s) of the system.","Si oui, veuillez décrire la ou les fonctions pertinentes du système.",,
43,0.10.0,impact5,impact,Impact Assessment,Évaluation de l'incidence,9,impactPanel-RS,RS,raw,,radiogroup,N,,2,4,Is the system used by a different part of the organization than the ones who developed it?,Le système est-il utilisé par une partie de l’organisation différente de celle à laquelle appartiennent ceux qui l’ont développé?,,
44,0.10.0,impact6,impact,Impact Assessment,Évaluation de l'incidence,9,impactPanel-RS,RS,raw,,dropdown,N,,4,4,Are the impacts resulting from the decision reversible?,Les incidences découlant de la décision sont-elles réversibles?,,
45,0.10.0,impact7,impact,Impact Assessment,Évaluation de l'incidence,9,impactPanel-RS,RS,raw,,dropdown,N,,4,4,How long will impacts from the decision last?,Combien de temps les incidences de la décision dureront-elles?,,
46,0.10.0,impact8,impact,Impact Assessment,Évaluation de l'incidence,9,impactPanel-RS,RS,raw,,comment,N,,0,0,Please describe why the impacts resulting from the decision are as per selected option above.,Veuillez indiquer pour quelle raison les incidences découlant de la décision sont (selon l’option sélectionnée ci-dessus). ,,
47,0.10.0,impact9,impact,Impact Assessment,Évaluation de l'incidence,9,impactPanel-RS,RS,raw,,dropdown,N,,4,4,The impacts that the decision will have on the rights or freedoms of individuals will likely be:,Les incidences de la décision sur les droits ou libertés des personnes seront probablement les suivantes :,,
48,0.10.0,impact10,impact,Impact Assessment,Évaluation de l'incidence,9,impactPanel-RS,RS,raw,,comment,N,,0,0,Please describe why the impacts resulting from the decision are as per selected option above.,Veuillez indiquer pour quelle raison les incidences découlant de la décision sont (selon l’option sélectionnée ci-dessus).,,
49,0.10.0,impact24,impact,Impact Assessment,Évaluation de l'incidence,9,impactPanel-RS,RS,raw,,dropdown,N,,4,4,"The impacts that the decision will have on the equality, dignity, privacy, and autonomy of individuals will likely be:","Les incidences de la décision sur l’égalité, la dignité, la vie privée et l’autonomie des personnes seront probablement :",,
50,0.10.0,impact25,impact,Impact Assessment,Évaluation de l'incidence,9,impactPanel-RS,RS,raw,,comment,N,,0,0,Please describe why the impacts resulting from the decision are as per selected option above.,Veuillez indiquer pour quelle raison les incidences découlant de la décision sont (selon l’option sélectionnée ci-dessus).,,
51,0.10.0,impact11,impact,Impact Assessment,Évaluation de l'incidence,9,impactPanel-RS,RS,raw,,dropdown,N,,4,4,The impacts that the decision will have on the health and well-being of individuals will likely be:,Les incidences de la décision sur la santé et le bien-être des personnes seront probablement les suivantes :,,
52,0.10.0,impact12,impact,Impact Assessment,Évaluation de l'incidence,9,impactPanel-RS,RS,raw,,comment,N,,0,0,Please describe why the impacts resulting from the decision are as per selected option above.,Veuillez indiquer pour quelle raison les incidences découlant de la décision sont (selon l’option sélectionnée ci-dessus).,,
53,0.10.0,impact13,impact,Impact Assessment,Évaluation de l'incidence,9,impactPanel-RS,RS,raw,,dropdown,N,,4,4,The impacts that the decision will have on the economic interests of individuals will likely be:,Les incidences de la décision sur les intérêts économiques des personnes seront probablement les suivantes :,,
54,0.10.0,impact14,impact,Impact Assessment,Évaluation de l'incidence,9,impactPanel-RS,RS,raw,,comment,N,,0,0,Please describe why the impacts resulting from the decision are as per selected option above.,Veuillez indiquer pour quelle raison les incidences découlant de la décision sont (selon l’option sélectionnée ci-dessus).,,
55,0.10.0,impact15,impact,Impact Assessment,Évaluation de l'incidence,9,impactPanel-RS,RS,raw,,dropdown,N,,4,4,"The impacts that the decision will have on the ongoing sustainability of an environmental ecosystem, will likely be:",Les incidences de la décision sur la pérennité d’un écosystème environnemental seront probablement les suivantes :,,
56,0.10.0,impact16,impact,Impact Assessment,Évaluation de l'incidence,9,impactPanel-RS,RS,raw,,comment,N,,0,0,Please describe why the impacts resulting from the decision are as per selected option above.,Veuillez indiquer pour quelle raison les incidences découlant de la décision sont (selon l’option sélectionnée ci-dessus).,,
57,0.10.0,aboutDataSource1,aboutData,About the Data,À propos des données,10,aboutDataSourcePanel-RS,RS,raw,,radiogroup,N,,2,4,Will the Automated Decision System use personal information as input data?,Le système de décision automatisé utilisera-t-il des renseignements personnels comme données d’entrée?,,
58,0.10.0,aboutDataSource9,aboutData,About the Data,À propos des données,10,aboutDataSourcePanel-RS,RS,raw,,radiogroup,N,"{aboutDataSource1} = ""item1-4""",2,4,Have you verified that the use of personal information is limited to only what is directly related to delivering a program or service?,Avez-vous vérifié que l'utilisation des renseignements personnels est limitée à ce qui est directement lié à la prestation d'un programme ou d'un service?,,
59,0.10.0,aboutDataSource10,aboutData,About the Data,À propos des données,10,aboutDataSourcePanel-RS,RS,raw,,radiogroup,N,"{aboutDataSource1} = ""item1-4""",2,2,Is the personal information of individuals being used in a decision-making process that directly affects those individuals?,Les renseignements personnels des individus sont-ils utilisés dans un processus décisionnel qui affecte directement ces individus?,,
60,0.10.0,aboutDataSource11,aboutData,About the Data,À propos des données,10,aboutDataSourcePanel-RS,RS,raw,,radiogroup,N,"{aboutDataSource1} = ""item1-4""",2,1,Have you verified if the system is using personal information in a way that is consistent with: (a) the current Personal Information Banks (PIBs) and Privacy Impact Assessments (PIAs) of your programs or (b) planned or implemented modifications to the PIBs or PIAs that take new uses and processes into account?,Avez-vous vérifié si le système utilise les renseignements personnels d'une manière compatible avec: (a) les fichiers de renseignements personnels (FRP) et évaluations des facteurs relatifs à la vie privée (EFVP) de vos programmes ou (b) les modifications prévues ou mises en oeuvre des FRP ou des EFVP qui tiennent compte des nouveaux usages et processus?,,
61,0.10.0,aboutDataSource12,aboutData,About the Data,À propos des données,10,aboutDataSourcePanel-RS,RS,raw,,text,N,"{aboutDataSource11} = ""item1-0""",0,0,Please list relevant PIB Bank Numbers.,Veuillez énumérer les numéros de fichiers FRP pertinents.,,
62,0.10.0,aboutDataSource2,aboutData,About the Data,À propos des données,10,aboutDataSourcePanel-RS,RS,raw,,dropdown,N,,5,4,What is the highest security classification of the input data used by the system? (Select one),Quelle est la classification de sécurité la plus élevée des données d’entrée utilisées par le système? (N’en choisir qu’une seule),,
63,0.10.0,aboutDataSource3,aboutData,About the Data,À propos des données,10,aboutDataSourcePanel-RS,RS,raw,,dropdown,N,,4,3,Who controls the data?,Qui contrôle les données?,,
64,0.10.0,aboutDataSource4,aboutData,About the Data,À propos des données,10,aboutDataSourcePanel-RS,RS,raw,,radiogroup,N,,2,4,Will the system use data from multiple different sources?,Les données utilisées par le système proviendront-elles de plusieurs sources différentes?,,
65,0.10.0,aboutDataSource5,aboutData,About the Data,À propos des données,10,aboutDataSourcePanel-RS,RS,raw,,radiogroup,N,,2,4,"Will the system require input data from an Internet- or telephony-connected device? (e.g. Internet of Things, sensor)","Le système aura-t-il besoin de données d’entrée provenant d’un appareil connecté à Internet ou à la téléphonie? (P. ex., internet des objets, un Capteur)",,
66,0.10.0,aboutDataSource6,aboutData,About the Data,À propos des données,10,aboutDataSourcePanel-RS,RS,raw,,radiogroup,N,,2,4,Will the system interface with other IT systems?,Le système interagira-t-il avec d’autres systèmes des TI?,,
67,0.10.0,aboutDataSource7,aboutData,About the Data,À propos des données,10,aboutDataSourcePanel-RS,RS,raw,,dropdown,N,,4,4,Who collected the data used for training the system?,Qui a recueilli les données utilisées pour préparer le système? ,,
68,0.10.0,aboutDataSource8,aboutData,About the Data,À propos des données,10,aboutDataSourcePanel-RS,RS,raw,,dropdown,N,,4,4,Who collected the input data used by the system?,Qui a recueilli les données d’entrée utilisées par le système?,,
69,0.10.0,aboutDataSource13,aboutData,About the Data,À propos des données,10,aboutDataSourcePanel-RS,RS,raw,,comment,N,,0,0,"Please describe the input data collected and used by the system, its source, and method of collection.","Veuillez décrire les données d’entrée collectées et utilisées par le système, leur source et leur méthode de collecte.",,
70,0.10.0,aboutDataType1,aboutData,About the Data,À propos des données,10,aboutDataTypePanel-RS,RS,raw,,radiogroup,N,,2,0,Will the system require the analysis of unstructured data to render a recommendation or a decision?,Le système exigera-t-il l’analyse de données non structurées pour faire une recommandation ou prendre une décision?,,
71,0.10.0,aboutDataType2,aboutData,About the Data,À propos des données,10,aboutDataTypePanel-RS,RS,raw,,checkbox,N,"{aboutDataType1} = ""item1""",2,6,What types of unstructured data? (Check all that apply),De quel type de données non structurées s’agit-il (Cochez toutes les réponses qui s’appliquent)?,,
72,0.10.0,consultationDesign1,consultationDesign,Consultations,,11,consultationDesignPanel-MS,MS,mitigation,design,radiogroup,N,,2,1,"Internal Stakeholders (federal institutions, including the federal public service)","Intervenants internes (institutions fédérales, y compris la fonction publique fédérale)",,
73,0.10.0,consultationDesign2,consultationDesign,Consultations,,11,consultationDesignPanel-MS,MS,mitigation,design,checkbox,N,"{consultationDesign1} = ""item1-1""",16,0,Which Internal Stakeholders will you be engaging?,Quels intervenants internes allez-vous consulter?,,
74,0.10.0,consultationDesign2-other,consultationDesign,Consultations,,11,consultationDesignPanel-MS,MS,mitigation,design,comment,N,"{consultationDesign2} contains ""item9""",0,0,Please describe,S'il vous plait décrire,,
75,0.10.0,consultationDesign3,consultationDesign,Consultations,,11,consultationDesignPanel-MS,MS,mitigation,design,radiogroup,N,,2,1,External Stakeholders (groups in other sectors or jurisdictions),Intervenants externes (groupes d’autres secteurs ou administrations),,
76,0.10.0,consultationDesign4,consultationDesign,Consultations,,11,consultationDesignPanel-MS,MS,mitigation,design,checkbox,N,"{consultationDesign3} = ""item1-1""",9,0,Which External Stakeholders will you be engaging?,Quels intervenants externes allez-vous consulter?,,
77,0.10.0,consultationDesign4-other,consultationDesign,Consultations,,11,consultationDesignPanel-MS,MS,mitigation,design,comment,N,"{consultationDesign4} contains ""item9""",0,0,Please describe,S'il vous plait décrire,,
78,0.10.0,consultationImplementation1,consultationImplementation,Consultations,,12,consultationImplementationPanel-MS,MS,mitigation,implementation,radiogroup,N,,2,1,"Internal Stakeholders (federal institutions, including the federal public service)",Intervenants internes (institutions fédérales et fonction publique fédérale),,
79,0.10.0,consultationImplementation2,consultationImplementation,Consultations,,12,consultationImplementationPanel-MS,MS,mitigation,implementation,checkbox,N,"{consultationImplementation1} = ""item1-1""",16,0,Which Internal Stakeholders have you engaged?,Quels intervenants internes avez-vous consulté?,,
80,0.10.0,consultationImplementation2-other,consultationImplementation,Consultations,,12,consultationImplementationPanel-MS,MS,mitigation,implementation,comment,N,"{consultationImplementation2} contains ""item9""",0,0,Please describe,S'il vous plait décrire,,
81,0.10.0,consultationImplementation3,consultationImplementation,Consultations,,12,consultationImplementationPanel-MS,MS,mitigation,implementation,radiogroup,N,,2,1,External Stakeholders (groups in other sectors or jurisdictions),Intervenants externes (groupes d’autres secteurs ou administrations),,
82,0.10.0,consultationImplementation4,consultationImplementation,Consultations,,12,consultationImplementationPanel-MS,MS,mitigation,implementation,checkbox,N,"{consultationImplementation3} = ""item1-1""",9,0,Which External Stakeholders have you engaged?,Quels intervenants externes avez-vous consulté?,,
83,0.10.0,consultationImplementation4-other,consultationImplementation,Consultations,,12,consultationImplementationPanel-MS,MS,mitigation,implementation,comment,N,"{consultationImplementation4} contains ""item9""",0,0,Please describe,S'il vous plait décrire,,
84,0.10.0,dataQualityDesign1,dataQualityDesign,De-Risking and Mitigation Measures,Élimination des risques et mesures d'atténuation,13,dataQualityDesignPanel-MS,MS,mitigation,design,radiogroup,N,,2,2,"Will you have documented processes in place to test datasets against biases and other unexpected outcomes? This could include experience in applying frameworks, methods, guidelines or other assessment tools.","Disposerez-vous de processus documentés pour tester les jeux de données en fonction de biais et d’autres résultats inattendus? Par exemple, ceci pourrait inclure une expérience dans l’application de cadres, de méthodes, de lignes directrices ou d’outils d’évaluation.",,
85,0.10.0,dataQualityDesign2,dataQualityDesign,De-Risking and Mitigation Measures,Élimination des risques et mesures d'atténuation,13,dataQualityDesignPanel-MS,MS,mitigation,design,radiogroup,N,"{dataQualityDesign1} = ""item1-2""",2,1,Will you be making this information publicly available?,Allez-vous rendre cette information disponible publiquement?,,
86,0.10.0,dataQualityDesign3,dataQualityDesign,De-Risking and Mitigation Measures,Élimination des risques et mesures d'atténuation,13,dataQualityDesignPanel-MS,MS,mitigation,design,radiogroup,N,,2,1,Will you be developing a process to document how data quality issues were resolved during the design process?,Allez-vous élaborer un processus permettant de documenter la façon dont les problèmes de qualité des données qui seront résolus pendant le processus de conception?,,
87,0.10.0,dataQualityDesign4,dataQualityDesign,De-Risking and Mitigation Measures,Élimination des risques et mesures d'atténuation,13,dataQualityDesignPanel-MS,MS,mitigation,design,radiogroup,N,,2,1,Will you be making this information publicly available?,Allez-vous rendre cette information disponible publiquement?,,
88,0.10.0,dataQualityDesign5,dataQualityDesign,De-Risking and Mitigation Measures,Élimination des risques et mesures d'atténuation,13,dataQualityDesignPanel-MS,MS,mitigation,design,radiogroup,N,,2,1,Will you undertake a Gender Based Analysis Plus of the data?,Entreprendrez-vous une analyse comparative entre les sexes plus des données?,,
89,0.10.0,dataQualityDesign6,dataQualityDesign,De-Risking and Mitigation Measures,Élimination des risques et mesures d'atténuation,13,dataQualityDesignPanel-MS,MS,mitigation,design,radiogroup,N,,2,1,Will you be making this information publicly available?,Allez-vous rendre cette information disponible publiquement?,,
90,0.10.0,dataQualityDesign7,dataQualityDesign,De-Risking and Mitigation Measures,Élimination des risques et mesures d'atténuation,13,dataQualityDesignPanel-MS,MS,mitigation,design,radiogroup,N,,2,2,"Have you assigned accountability in your institution for the design, development, maintenance, and improvement of the system?","Dans votre établissement, existe-t-il des responsables de la conception, du développement, de la maintenance et de l’amélioration du système?",,
91,0.10.0,dataQualityDesign8,dataQualityDesign,De-Risking and Mitigation Measures,Élimination des risques et mesures d'atténuation,13,dataQualityDesignPanel-MS,MS,mitigation,design,radiogroup,N,,2,2,Will you have a documented process to manage the risk that outdated or unreliable data is used to make an automated decision?,Disposerez-vous d'un processus documenté pour gérer le risque que des données périmées ou non fiables soient utilisées pour prendre une décision automatisée?,,
92,0.10.0,dataQualityDesign9,dataQualityDesign,De-Risking and Mitigation Measures,Élimination des risques et mesures d'atténuation,13,dataQualityDesignPanel-MS,MS,mitigation,design,radiogroup,N,,2,1,Will you be making this information publicly available?,Allez-vous rendre cette information disponible publiquement?,,
93,0.10.0,dataQualityDesign10,dataQualityDesign,De-Risking and Mitigation Measures,Élimination des risques et mesures d'atténuation,13,dataQualityDesignPanel-MS,MS,mitigation,design,radiogroup,N,,2,2,Will the data used for this system be posted on the Open Government Portal?,Les données utilisées pour ce système seront-elles affichées sur la portail du gouvernement ouvert?,,
94,0.10.0,dataQualityImplementation1,dataQualityImplementation,De-Risking and Mitigation Measures,Élimination des risques et mesures d'atténuation,14,dataQualityImplementationPanel-MS,MS,mitigation,implementation,radiogroup,N,,2,2,"Do you have documented processes in place to test datasets against biases and other unexpected outcomes? This could include experience in applying frameworks, methods, guidelines or other assessment tools.","Disposez-vous de processus documentés pour tester les jeux de données en fonction de biais et d’autres résultats inattendus? Par exemple, ceci pourrait inclure une expérience dans l’application de cadres, de méthodes, de lignes directrices ou d’outils d’évaluation.",,
95,0.10.0,dataQualityImplementation2,dataQualityImplementation,De-Risking and Mitigation Measures,Élimination des risques et mesures d'atténuation,14,dataQualityImplementationPanel-MS,MS,mitigation,implementation,radiogroup,N,,2,1,Is this information publicly available?,Cette information est-elle publiquement disponible?,,
96,0.10.0,dataQualityImplementation3,dataQualityImplementation,De-Risking and Mitigation Measures,Élimination des risques et mesures d'atténuation,14,dataQualityImplementationPanel-MS,MS,mitigation,implementation,radiogroup,N,,2,1,Have you developed a process to document how data quality issues were resolved during the design process?,Avez-vous élaboré un processus permettant de documenter la façon dont les problèmes de qualité des données qui seront résolus pendant le processus de conception?,,
97,0.10.0,dataQualityImplementation4,dataQualityImplementation,De-Risking and Mitigation Measures,Élimination des risques et mesures d'atténuation,14,dataQualityImplementationPanel-MS,MS,mitigation,implementation,radiogroup,N,,2,1,Is this information publicly available?,Cette information est-elle publiquement disponible?,,
98,0.10.0,dataQualityImplementation5,dataQualityImplementation,De-Risking and Mitigation Measures,Élimination des risques et mesures d'atténuation,14,dataQualityImplementationPanel-MS,MS,mitigation,implementation,radiogroup,N,,2,1,Have you undertaken a Gender Based Analysis Plus of the data?,Avez-vous entrepris une analyse comparative entre les sexes plus des données?,,
99,0.10.0,dataQualityImplementation6,dataQualityImplementation,De-Risking and Mitigation Measures,Élimination des risques et mesures d'atténuation,14,dataQualityImplementationPanel-MS,MS,mitigation,implementation,radiogroup,N,,2,1,Is this information publicly available?,Cette information est-elle publiquement disponible?,,
100,0.10.0,dataQualityImplementation7,dataQualityImplementation,De-Risking and Mitigation Measures,Élimination des risques et mesures d'atténuation,14,dataQualityImplementationPanel-MS,MS,mitigation,implementation,radiogroup,N,,2,2,"Have you assigned accountability in your institution for the design, development, maintenance, and improvement of the system?","Dans votre établissement, existe-t-il des responsables de la conception, du développement, de la maintenance et de l’amélioration du système?",,
101,0.10.0,dataQualityImplementation8,dataQualityImplementation,De-Risking and Mitigation Measures,Élimination des risques et mesures d'atténuation,14,dataQualityImplementationPanel-MS,MS,mitigation,implementation,radiogroup,N,,2,2,Do you have a documented process to manage the risk that outdated or unreliable data is used to make an automated decision?,Disposez-vous d'un processus documenté pour gérer le risque que des données périmées ou non fiables soient utilisées pour prendre une décision automatisée?,,
102,0.10.0,dataQualityImplementation9,dataQualityImplementation,De-Risking and Mitigation Measures,Élimination des risques et mesures d'atténuation,14,dataQualityImplementationPanel-MS,MS,mitigation,implementation,radiogroup,N,,2,1,Is this information publicly available?,Cette information est-elle publiquement disponible?,,
103,0.10.0,dataQualityImplementation10,dataQualityImplementation,De-Risking and Mitigation Measures,Élimination des risques et mesures d'atténuation,14,dataQualityImplementationPanel-MS,MS,mitigation,implementation,radiogroup,N,,2,2,Is the data used for this system posted on the Open Government Portal?,Les données utilisées pour ce système seront-elles affichées sur la portail du gouvernement ouvert?,,
104,0.10.0,fairnessDesign1,fairnessDesign,De-Risking and Mitigation Measures,Élimination des risques et mesures d'atténuation,15,fairnessDesignPanel-MS,MS,mitigation,design,radiogroup,N,,2,1,Will the audit trail identify the authority or delegated authority identified in legislation?,La piste de vérification permettra-t-elle de déterminer les pouvoirs ou les pouvoirs délégués prévus par la lois?,,
105,0.10.0,fairnessDesign2,fairnessDesign,De-Risking and Mitigation Measures,Élimination des risques et mesures d'atténuation,15,fairnessDesignPanel-MS,MS,mitigation,design,radiogroup,N,,2,2,Will the system provide an audit trail that records all the recommendations or decisions made by the system?,Le système fournira-t-il une piste de vérification qui enregistre toutes les recommandations ou décisions prises par le système?,,
106,0.10.0,fairnessDesign3,fairnessDesign,De-Risking and Mitigation Measures,Élimination des risques et mesures d'atténuation,15,fairnessDesignPanel-MS,MS,mitigation,design,radiogroup,N,,2,2,Will all key decision points be identifiable in the audit trail?,Pourra-t-on identifier tous les points de décision clés dans la piste de vérification?,,
107,0.10.0,fairnessDesign4,fairnessDesign,De-Risking and Mitigation Measures,Élimination des risques et mesures d'atténuation,15,fairnessDesignPanel-MS,MS,mitigation,design,radiogroup,N,,2,1,"Will all key decision points within the automated system's logic be linked to the relevant legislation, policy or procedure?","Est-ce que toutes les décisions clés seront liées à une législation, politique ou à une procédure pertinente?",,
108,0.10.0,fairnessDesign5,fairnessDesign,De-Risking and Mitigation Measures,Élimination des risques et mesures d'atténuation,15,fairnessDesignPanel-MS,MS,mitigation,design,radiogroup,N,,2,2,Will you maintain a log detailing all of the changes made to the model and the system?,Tiendrez-vous un journal détaillant toutes les modifications apportées au modèle et au système?,,
109,0.10.0,fairnessDesign6,fairnessDesign,De-Risking and Mitigation Measures,Élimination des risques et mesures d'atténuation,15,fairnessDesignPanel-MS,MS,mitigation,design,radiogroup,N,,2,1,Will the audit trail clearly set out all decision points made by the system?,La piste de vérification indiquera-t-elle clairement tous les points de décision prise par le système?,,
110,0.10.0,fairnessDesign7,fairnessDesign,De-Risking and Mitigation Measures,Élimination des risques et mesures d'atténuation,15,fairnessDesignPanel-MS,MS,mitigation,design,radiogroup,N,,2,1,Could the audit trail generated by the system be used to help generate a notification of the decision (including a statement of reasons or other notification) where required?,La piste de vérification générée par le système pourrait-elle être utilisée pour aider à produire une notification de la décision (y compris un énoncé des motifs ou une autre notification) au besoin?,,
111,0.10.0,fairnessDesign8,fairnessDesign,De-Risking and Mitigation Measures,Élimination des risques et mesures d'atténuation,15,fairnessDesignPanel-MS,MS,mitigation,design,radiogroup,N,,2,2,Will the audit trail identify precisely which version of the system was used for each decision it supports?,La piste de vérification permettra-t-elle de déterminer précisément quelle version du système a été utilisée pour chaque décision qu'elle appuie?,,
112,0.10.0,fairnessDesign9,fairnessDesign,De-Risking and Mitigation Measures,Élimination des risques et mesures d'atténuation,15,fairnessDesignPanel-MS,MS,mitigation,design,radiogroup,N,,2,1,Will the audit trail show who the authorized decision-maker is?,La piste de vérification indiquera-t-elle qui est le décideur autorisé?,,
113,0.10.0,fairnessDesign10,fairnessDesign,De-Risking and Mitigation Measures,Élimination des risques et mesures d'atténuation,15,fairnessDesignPanel-MS,MS,mitigation,design,radiogroup,N,,2,2,Will the system be able to produce reasons for its decisions or recommendations when required?,Le système sera-t-il en mesure de justifier ses décisions ou ses recommandations au besoin?,,
114,0.10.0,fairnessDesign11,fairnessDesign,De-Risking and Mitigation Measures,Élimination des risques et mesures d'atténuation,15,fairnessDesignPanel-MS,MS,mitigation,design,radiogroup,N,,2,1,"Will there be a process in place to grant, monitor, and revoke access permission to the system?","Y aura-t-il un processus en place pour accorder, surveiller et révoquer l'autorisation d'accès au système?",,
115,0.10.0,fairnessDesign12,fairnessDesign,De-Risking and Mitigation Measures,Élimination des risques et mesures d'atténuation,15,fairnessDesignPanel-MS,MS,mitigation,design,radiogroup,N,,2,1,Will there be a mechanism to capture feedback by users of the system?,Y aura-t-il un mécanisme pour recueillir les commentaires des utilisateurs du système?,,
116,0.10.0,fairnessDesign13,fairnessDesign,De-Risking and Mitigation Measures,Élimination des risques et mesures d'atténuation,15,fairnessDesignPanel-MS,MS,mitigation,design,radiogroup,N,,2,2,Will there be a recourse process planned or established for clients that wish to challenge the decision?,Y aura-t-il un processus de recours prévu ou établi pour les clients qui souhaitent contester la décision?,,
117,0.10.0,fairnessDesign14,fairnessDesign,De-Risking and Mitigation Measures,Élimination des risques et mesures d'atténuation,15,fairnessDesignPanel-MS,MS,mitigation,design,radiogroup,N,,2,2,Will the system enable human override of system decisions?,Le système permettra-t-il à une personne de passer outre aux décisions du système?,,
118,0.10.0,fairnessDesign15,fairnessDesign,De-Risking and Mitigation Measures,Élimination des risques et mesures d'atténuation,15,fairnessDesignPanel-MS,MS,mitigation,design,radiogroup,N,,2,1,Will there be a process in place to log the instances when overrides were performed?,Y aura-t-il un processus en place pour consigner les cas où des dérogations ont été effectuées?,,
119,0.10.0,fairnessDesign16,fairnessDesign,De-Risking and Mitigation Measures,Élimination des risques et mesures d'atténuation,15,fairnessDesignPanel-MS,MS,mitigation,design,radiogroup,N,,2,2,Will the audit trail include change control processes to record modifications to the system's operation or performance?,La piste de vérification comprendra-t-elle des processus pour enregistrer les modifications apportées au fonctionnement ou au rendement du système?,,
120,0.10.0,fairnessDesign17,fairnessDesign,De-Risking and Mitigation Measures,Élimination des risques et mesures d'atténuation,15,fairnessDesignPanel-MS,MS,mitigation,design,radiogroup,N,,2,1,Will you be preparing a concept case to the Government of Canada Enterprise Architecture Review Board?,Allez-vous préparer un dossier conceptuel à l'intention du Comité d'examen de l'architecture d'entreprise du gouvernement du Canada?,,
121,0.10.0,fairnessImplementation1,fairnessImplementation,De-Risking and Mitigation Measures,Élimination des risques et mesures d'atténuation,16,fairnessImplementationPanel-MS,MS,mitigation,implementation,radiogroup,N,,2,1,Does the audit trail identify the authority or delegated authority identified in legislation?,La piste de vérification permet-elle de déterminer les pouvoirs ou les pouvoirs délégués prévus par la lois?,,
122,0.10.0,fairnessImplementation2,fairnessImplementation,De-Risking and Mitigation Measures,Élimination des risques et mesures d'atténuation,16,fairnessImplementationPanel-MS,MS,mitigation,implementation,radiogroup,N,,2,2,Does the system provide an audit trail that records all the recommendations or decisions made by the system?,Le système fournit-il une piste de vérification qui enregistre toutes les recommandations ou décisions prises par le système?,,
123,0.10.0,fairnessImplementation3,fairnessImplementation,De-Risking and Mitigation Measures,Élimination des risques et mesures d'atténuation,16,fairnessImplementationPanel-MS,MS,mitigation,implementation,radiogroup,N,,2,2,Are all key decision points identifiable in the audit trail?,Est-ce que tous les points de décision clés peuvent être identifiés dans la piste de vérification?,,
124,0.10.0,fairnessImplementation4,fairnessImplementation,De-Risking and Mitigation Measures,Élimination des risques et mesures d'atténuation,16,fairnessImplementationPanel-MS,MS,mitigation,implementation,radiogroup,N,,2,1,"Are all key decision points within the automated system's logic linked to the relevant legislation, policy or procedures?","Est-ce que toutes les décisions clés sont liées à une législation, politique ou à une procédure pertinente?",,
125,0.10.0,fairnessImplementation5,fairnessImplementation,De-Risking and Mitigation Measures,Élimination des risques et mesures d'atténuation,16,fairnessImplementationPanel-MS,MS,mitigation,implementation,radiogroup,N,,2,2,Do you maintain a current and up to date log detailing all of the changes made to the model and the system?,Avez-vous un journal détaillant toutes les modifications apportées au modèle et au système?,,
126,0.10.0,fairnessImplementation6,fairnessImplementation,De-Risking and Mitigation Measures,Élimination des risques et mesures d'atténuation,16,fairnessImplementationPanel-MS,MS,mitigation,implementation,radiogroup,N,,2,1,Does the system's audit trail indicate all of the decision points made by the system?,Est-ce que la piste de vérification indique tous les points de décision pris par le système?,,
127,0.10.0,fairnessImplementation7,fairnessImplementation,De-Risking and Mitigation Measures,Élimination des risques et mesures d'atténuation,16,fairnessImplementationPanel-MS,MS,mitigation,implementation,radiogroup,N,,2,1,Can the audit trail generated by the system be used to help generate a notification of the decision (including a statement of reasons or other notifications) where required?,La piste de vérification générée par le système peut-elle être utilisée pour aider à produire une notification de la décision (y compris un énoncé des motifs ou une autre notification) au besoin?,,
128,0.10.0,fairnessImplementation8,fairnessImplementation,De-Risking and Mitigation Measures,Élimination des risques et mesures d'atténuation,16,fairnessImplementationPanel-MS,MS,mitigation,implementation,radiogroup,N,,2,2,Does the audit trail identify precisely which version of the system was used for each decision it supports?,La piste de vérification permet-elle de déterminer précisément quelle version du système a été utilisée pour chaque décision qu'elle appuie?,,
129,0.10.0,fairnessImplementation9,fairnessImplementation,De-Risking and Mitigation Measures,Élimination des risques et mesures d'atténuation,16,fairnessImplementationPanel-MS,MS,mitigation,implementation,radiogroup,N,,2,1,Does the audit trail show who an authorized decision-maker is?,La piste de vérification indique-t-elle qui est le décideur autorisé?,,
130,0.10.0,fairnessImplementation10,fairnessImplementation,De-Risking and Mitigation Measures,Élimination des risques et mesures d'atténuation,16,fairnessImplementationPanel-MS,MS,mitigation,implementation,radiogroup,N,,2,2,Is the system able to produce reasons for its decisions or recommendations when required?,Le système est-il en mesure de justifier ses décisions ou ses recommandations au besoin?,,
131,0.10.0,fairnessImplementation11,fairnessImplementation,De-Risking and Mitigation Measures,Élimination des risques et mesures d'atténuation,16,fairnessImplementationPanel-MS,MS,mitigation,implementation,radiogroup,N,,2,1,"Is there a process in place to grant, monitor, and revoke access permission to the system?","Avez-vous un processus en place pour accorder, surveiller et révoquer l'autorisation d'accès au système?",,
132,0.10.0,fairnessImplementation12,fairnessImplementation,De-Risking and Mitigation Measures,Élimination des risques et mesures d'atténuation,16,fairnessImplementationPanel-MS,MS,mitigation,implementation,radiogroup,N,,2,1,Is there a mechanism to capture feedback by users of the system?,Avez-vous un mécanisme pour recueillir les commentaires des utilisateurs du système?,,
133,0.10.0,fairnessImplementation13,fairnessImplementation,De-Risking and Mitigation Measures,Élimination des risques et mesures d'atténuation,16,fairnessImplementationPanel-MS,MS,mitigation,implementation,radiogroup,N,,2,2,Is there a recourse process established for clients that wish to challenge the decision?,Avez-vous un processus de recours prévu ou établi pour les clients qui souhaitent contester la décision?,,
134,0.10.0,fairnessImplementation14,fairnessImplementation,De-Risking and Mitigation Measures,Élimination des risques et mesures d'atténuation,16,fairnessImplementationPanel-MS,MS,mitigation,implementation,radiogroup,N,,2,2,Does the system enable human override of system decisions?,Le système permet-il à une personne de passer outre aux décisions du système?,,
135,0.10.0,fairnessImplementation15,fairnessImplementation,De-Risking and Mitigation Measures,Élimination des risques et mesures d'atténuation,16,fairnessImplementationPanel-MS,MS,mitigation,implementation,radiogroup,N,,2,1,Is there a process in place to log the instances when overrides were performed?,Avez-vous un processus en place pour consigner les cas où des dérogations ont été effectuées?,,
136,0.10.0,fairnessImplementation16,fairnessImplementation,De-Risking and Mitigation Measures,Élimination des risques et mesures d'atténuation,16,fairnessImplementationPanel-MS,MS,mitigation,implementation,radiogroup,N,,2,2,Does the system's audit trail include change control processes to record modifications to the system's operation or performance?,Avez-vous des processus en place pour enregistrer les modifications apportées au fonctionnement ou au rendement du système?,,
137,0.10.0,fairnessImplementation17,fairnessImplementation,De-Risking and Mitigation Measures,Élimination des risques et mesures d'atténuation,16,fairnessImplementationPanel-MS,MS,mitigation,implementation,radiogroup,N,,2,1,Have you prepared a concept case to the Government of Canada Enterprise Architecture Review Board?,Avez-vous préparé un dossier conceptuel à l'intention du Comité d'examen de l'architecture d'entreprise du gouvernement du Canada?,,
138,0.10.0,privacyDesign1,privacyDesign,De-Risking and Mitigation Measures,Élimination des risques et mesures d'atténuation,17,privacyDesignPanel-MS,MS,mitigation,design,radiogroup,N,,2,1,"If your system uses or creates personal information, will you undertake or have you undertaken a Privacy Impact Assessment, or updated an existing one?","Si votre système utilise ou crée des renseignements personnels, avez-vous ou allez-vous entreprendre une évaluation des facteurs relatifs à la vie privée ou réviser une évaluation existante?",,
139,0.10.0,privacyDesign5,privacyDesign,De-Risking and Mitigation Measures,Élimination des risques et mesures d'atténuation,17,privacyDesignPanel-MS,MS,mitigation,design,comment,N,"{privacyDesign1} = ""item1-1""",0,0,Please indicate the following in your answer: Title and scope of the Privacy Impact Assessment; How the automation project fits into the program; and Date of Privacy Impact Assessment completion or modification.,Veuillez indiquer les éléments suivants dans votre réponse : titre et portée de l’évaluation des facteurs relatifs à la vie privée; la manière dont le projet d’automatisation s’intègre au programme; date d’achèvement ou de modification de l’évaluation des facteurs relatifs à la vie privée.,,
140,0.10.0,privacyDesign6,privacyDesign,De-Risking and Mitigation Measures,Élimination des risques et mesures d'atténuation,17,privacyDesignPanel-MS,MS,mitigation,design,comment,N,"{privacyDesign1} = ""item2-0""",0,0,Have you undertaken other types of privacy assessments for your automation project?  Please describe any relevant efforts.,Avez-vous entrepris d’autres types d’évaluations de la protection de la vie privée pour votre projet d’automatisation? Veuillez décrire toute mesure pertinente.,,
141,0.10.0,privacyDesign2,privacyDesign,De-Risking and Mitigation Measures,Élimination des risques et mesures d'atténuation,17,privacyDesignPanel-MS,MS,mitigation,design,radiogroup,N,,2,1,Will you design and build security and privacy into your systems from the concept stage of the project?,Concevrez-vous et intégrerez-vous la sécurité et la confidentialité dans vos systèmes dès la phase de conception du projet?,,
142,0.10.0,privacyDesign3,privacyDesign,De-Risking and Mitigation Measures,Élimination des risques et mesures d'atténuation,17,privacyDesignPanel-MS,MS,mitigation,design,radiogroup,N,,2,1,"Will information be used within a closed system (i.e. no connections to the Internet, Intranet or any other system)?","Les informations seront-elles utilisées dans un système fermé (c'est-à-dire sans connexion à Internet, Intranet ou tout autre système)?",,
143,0.10.0,privacyDesign4,privacyDesign,De-Risking and Mitigation Measures,Élimination des risques et mesures d'atténuation,17,privacyDesignPanel-MS,MS,mitigation,design,radiogroup,N,,2,1,"If the sharing of personal information is involved, has an agreement or arrangement with appropriate safeguards been established?","Si le partage de renseignements personnels est impliqué, un accord ou un arrangement avec des garanties appropriées a-t-il été établi?",,
144,0.10.0,privacyDesign7,privacyDesign,De-Risking and Mitigation Measures,Élimination des risques et mesures d'atténuation,17,privacyDesignPanel-MS,MS,mitigation,design,radiogroup,N,,2,1,Will you de-identify any personal information used or created by the system at any point in the lifecycle? ,Allez-vous dépersonnaliser les renseignements personnels utilisés ou établis par le système à tout moment du cycle de vie? ,,
145,0.10.0,privacyDesign8,privacyDesign,De-Risking and Mitigation Measures,Élimination des risques et mesures d'atténuation,17,privacyDesignPanel-MS,MS,mitigation,design,comment,N,"{privacyDesign7} = ""item1-1""",0,0,Please describe your de-identification method(s).,Veuillez décrire la méthode ou les méthodes de dépersonnalisation que vous allez utiliser. ,,
146,0.10.0,privacyImplementation1,privacyImplementation,De-Risking and Mitigation Measures,Élimination des risques et mesures d'atténuation,18,privacyImplementationPanel-MS,MS,mitigation,implementation,radiogroup,N,,2,1,"If your system uses or creates personal information, have you undertaken a Privacy Impact Assessment, or updated an existing one?","Si votre système utilise ou crée des renseignements personnels, avez-vous entrepris une évaluation des facteurs relatifs à la vie privée ou révisé une évaluation existante?",,
147,0.10.0,privacyImplementation5,privacyImplementation,De-Risking and Mitigation Measures,Élimination des risques et mesures d'atténuation,18,privacyImplementationPanel-MS,MS,mitigation,implementation,comment,N,"{privacyImplementation1} = ""item1-1""",0,0,Please indicate the following in your answer: Title and scope of the Privacy Impact Assessment; How the automation project fits into the program; and Date of Privacy Impact Assessment completion or modification.,Veuillez indiquer les éléments suivants dans votre réponse : titre et portée de l’évaluation des facteurs relatifs à la vie privée; la manière dont le projet d’automatisation s’intègre au programme; date d’achèvement ou de modification de l’évaluation des facteurs relatifs à la vie privée.,,
148,0.10.0,privacyImplementation6,privacyImplementation,De-Risking and Mitigation Measures,Élimination des risques et mesures d'atténuation,18,privacyImplementationPanel-MS,MS,mitigation,implementation,comment,N,"{privacyImplementation1} = ""item2-0""",0,0,Have you undertaken other types of privacy assessments for your automation project?  Please describe any relevant efforts.,Avez-vous entrepris d’autres types d’évaluations de la protection de la vie privée pour votre projet d’automatisation? Veuillez décrire toute mesure pertinente.,,
149,0.10.0,privacyImplementation2,privacyImplementation,De-Risking and Mitigation Measures,Élimination des risques et mesures d'atténuation,18,privacyImplementationPanel-MS,MS,mitigation,implementation,radiogroup,N,,2,1,Have you designed and built security and privacy into your systems from the concept stage of the project?,Avez-vous conçu et intégré la sécurité et la confidentialité dans vos systèmes dès la phase de conception du projet?,,
150,0.10.0,privacyImplementation3,privacyImplementation,De-Risking and Mitigation Measures,Élimination des risques et mesures d'atténuation,18,privacyImplementationPanel-MS,MS,mitigation,implementation,radiogroup,N,,2,1,"Is the information used within a closed system (i.e. no connections to the Internet, Intranet or any other system)?","Les informations sont-elles utilisées dans un système fermé (c'est-à-dire sans connexion à Internet, Intranet ou tout autre système)?",,
151,0.10.0,privacyImplementation4,privacyImplementation,De-Risking and Mitigation Measures,Élimination des risques et mesures d'atténuation,18,privacyImplementationPanel-MS,MS,mitigation,implementation,radiogroup,N,,2,1,"If the sharing of personal information is involved, has an agreement or arrangement with appropriate safeguards been established?","Si le partage de renseignements personnels est impliqué, un accord ou un arrangement avec des garanties appropriées a-t-il été établi?",,
152,0.10.0,privacyImplementation7,privacyImplementation,De-Risking and Mitigation Measures,Élimination des risques et mesures d'atténuation,18,privacyImplementationPanel-MS,MS,mitigation,implementation,radiogroup,N,,2,1,Will you de-identify any personal information used or created by the system at any point in the lifecycle? ,Allez-vous dépersonnaliser les renseignements personnels utilisés ou établis par le système à tout moment du cycle de vie? ,,
153,0.10.0,privacyImplementation8,privacyImplementation,De-Risking and Mitigation Measures,Élimination des risques et mesures d'atténuation,18,privacyImplementationPanel-MS,MS,mitigation,implementation,comment,N,"{privacyImplementation7} = ""item1-1""",0,0,Please describe your de-identification method(s).,Veuillez décrire la méthode ou les méthodes de dépersonnalisation que vous allez utiliser. ,,
1,0.9.1,projectDetailsRespondent,projectDetails,Project Details,Détails du projet,2,projectDetailsPanel-NS,NS,none,,text,N,,0,0,Name of Respondent,Nom de la personne sondée,The name of the respondent is the name of the person that answers the questions.,Le nom de la personne répondant aux questions.
2,0.9.1,projectDetailsJob,projectDetails,Project Details,Détails du projet,2,projectDetailsPanel-NS,NS,none,,text,N,,0,0,Job Title,Titre du poste,,
3,0.9.1,projectDetailsDepartment-NS,projectDetails,Project Details,Détails du projet,2,projectDetailsPanel-NS,NS,none,,dropdown,N,,101,0,Department,Ministère,,
4,0.9.1,projectDetailsBranch,projectDetails,Project Details,Détails du projet,2,projectDetailsPanel-NS,NS,none,,text,N,,0,0,Branch,Direction,,
5,0.9.1,projectDetailsTitle,projectDetails,Project Details,Détails du projet,2,projectDetailsPanel-NS,NS,none,,text,N,,0,0,Project Title,Titre du projet,,
6,0.9.1,projectDetailsID,projectDetails,Project Details,Détails du projet,2,projectDetailsPanel-NS,NS,none,,text,N,,0,0,Project ID from IT Plan,Identifiant du projet provenant du Plan TI,,
7,0.9.1,projectDetailsProgram,projectDetails,Project Details,Détails du projet,2,projectDetailsPanel-NS,NS,none,,text,N,,0,0,Departmental Program (from Department Results Framework),Programme ministériel (Cadre ministériel des résultats),,
8,0.9.1,projectDetailsPhase,projectDetails,Project Details,Détails du projet,2,projectDetailsPanel-NS,NS,none,,radiogroup,Y,,2,0,Project Phase,Phase du projet,,
9,0.9.1,projectDetailsDescription,projectDetails,Project Details,Détails du projet,2,projectDetailsPanel-NS,NS,none,,comment,N,,0,0,Please provide a project description:,Veuillez fournir une description du projet :,,
10,0.9.1,businessDrivers1,businessDrivers,Business Driver / Positive Impact,Facteur opérationnel / Incidence positive,3,businessDriversPanel-NS,NS,none,,checkbox,N,,6,0,What is motivating your team to introduce automation into this decision-making process? (Check all that apply),Qu'est-ce qui motive votre équipe à introduire l'automatisation dans ce processus décisionnel? (Cochez toutes les réponses qui s'appliquent.),,
11,0.9.1,motivation-other,businessDrivers,Business Driver / Positive Impact,Facteur opérationnel / Incidence positive,3,businessDriversPanel-NS,NS,none,,comment,N,"{businessDrivers1} contains ""item6""",0,0,Please describe,S'il vous plait décrire,,
12,0.9.1,riskProfile1,riskProfile,Risk Profile,Profil de risque,4,riskProfilePanel-RS,RS,raw,,radiogroup,N,,2,3,Is the project within an area of intense public scrutiny (e.g. because of privacy concerns) and/or frequent litigation?,Le projet fait-il l'objet d'un examen public approfondi (e.g.: en raison de préoccupations liées à la protection de la vie privée) et/ou de litiges fréquents?,,
13,0.9.1,riskProfile2,riskProfile,Risk Profile,Profil de risque,4,riskProfilePanel-RS,RS,raw,,radiogroup,N,,2,3,Are clients in this line of business particularly vulnerable?,Les clients de ce secteur d'activité sont-ils particulièrement vulnérables?,,
14,0.9.1,riskProfile3,riskProfile,Risk Profile,Profil de risque,4,riskProfilePanel-RS,RS,raw,,radiogroup,N,,2,4,Are stakes of the decisions very high?,Les enjeux des décisions de ce programme sont-ils très élevés? ,,
15,0.9.1,riskProfile4,riskProfile,Risk Profile,Profil de risque,4,riskProfilePanel-RS,RS,raw,,radiogroup,N,,2,3,"Will this project have major impacts on staff, either in terms of their numbers or their roles?","Ce projet aura-t-il d'importantes répercussions sur le personnel, que ce soit en termes de nombre ou de rôle?",,
16,0.9.1,projectAuthority1,projectAuthority,Project Authority,Autorité de projet,5,projectAuthorityPanel-RS,RS,raw,,radiogroup,N,,2,2,Will you require new policy authority for this project?,Aurez-vous besoin d'une nouvelle autorisation en termes de politiques pour ce projet ?,,
17,0.9.1,aboutSystem1,aboutSystem,About The System,À propos du système,6,aboutSystemPanel-NS,NS,none,,checkbox,N,,6,0,Please check which of the following capabilities apply to your system.,Veuillez indiquer laquelle des capacités suivantes s'applique à votre système.,,
18,0.9.1,aboutSystem2,aboutSystem,About The System,À propos du système,6,aboutSystemPanel-NS,NS,none,,comment,N,"{aboutSystem1} contains [""item6""]",0,0,Please describe,S'il vous plait décrire,,
19,0.9.1,aboutAlgorithm1,aboutAlgorithm,About the Algorithm,À propos de l'algorithme,7,aboutAlgorithmPanel-RS,RS,raw,,radiogroup,N,,2,3,The algorithm used will be a (trade) secret,L'algorithme utilisé sera un secret (commercial),,
20,0.9.1,aboutAlgorithm2,aboutAlgorithm,About the Algorithm,À propos de l'algorithme,7,aboutAlgorithmPanel-RS,RS,raw,,radiogroup,N,,2,3,The algorithmic process will be difficult to interpret or to explain,Le processus algorithmique sera difficile à interpréter ou à expliquer,,
21,0.9.1,decisionSector1,decisionSector,About the Decision,À propos de la décision,8,decisionSectorPanel-RS,RS,raw,,checkbox,N,,6,6,Does the decision pertain to any of the categories below (check all that apply):,La décision s'applique-t-elle à l'une ou l'autre des catégories ci-dessous (*Cochez toutes les réponses qui s'appliquent) :,,
22,0.9.1,decisionSector2,decisionSector,About the Decision,À propos de la décision,8,decisionSectorPanel-RS,RS,raw,,comment,N,"{decisionSector1} contains [""item6-1""]",0,0,Please describe,S'il vous plait décrire,,
23,0.9.1,impact1,impact,Impact Assessment,Évaluation de l'incidence,9,impactPanel-RS,RS,raw,,radiogroup,N,,2,1,Will the system only be used to assist a decision-maker?,Le système sera-t-il seulement utilisé pour aider un décideur?,,
24,0.9.1,impact2,impact,Impact Assessment,Évaluation de l'incidence,9,impactPanel-RS,RS,raw,,radiogroup,N,,2,3,Will the system be replacing a decision that would otherwise be made by a human?,Le système remplacera-t-il une décision qui serait autrement prise par un humain?,,
25,0.9.1,impact3,impact,Impact Assessment,Évaluation de l'incidence,9,impactPanel-RS,RS,raw,,radiogroup,N,,2,4,Will the system be replacing human decisions that require judgement or discretion?,Le système remplacera-t-il les décisions humaines qui exigent du jugement ou de la discrétion?,,
26,0.9.1,impact4,impact,Impact Assessment,Évaluation de l'incidence,9,impactPanel-RS,RS,raw,,comment,N,"{impact3} contains [""item1-4""]",0,0,Please describe the decision(s) that will be automated,Veuillez décrire la ou les décisions qui seront automatisées,,
27,0.9.1,impact5,impact,Impact Assessment,Évaluation de l'incidence,9,impactPanel-RS,RS,raw,,radiogroup,N,,2,4,Is the system used by a different part of the organization than the ones who developed it?,Le système est-il utilisé par une partie de l’organisation différente de celle à laquelle appartiennent ceux qui l’ont développé?,,
28,0.9.1,impact6,impact,Impact Assessment,Évaluation de l'incidence,9,impactPanel-RS,RS,raw,,dropdown,N,,4,4,Are the impacts resulting from the decision reversible?,Les incidences découlant de la décision sont-elles réversibles?,,
29,0.9.1,impact7,impact,Impact Assessment,Évaluation de l'incidence,9,impactPanel-RS,RS,raw,,dropdown,N,,4,4,How long will impacts from the decision last?,Combien de temps les incidences de la décision dureront-elles?,,
30,0.9.1,impact8,impact,Impact Assessment,Évaluation de l'incidence,9,impactPanel-RS,RS,raw,,comment,N,,0,0,Please describe why the impacts resulting from the decision are as per selected option above.,Veuillez indiquer pour quelle raison les incidences découlant de la décision sont (selon l’option sélectionnée ci-dessus). ,,
31,0.9.1,impact9,impact,Impact Assessment,Évaluation de l'incidence,9,impactPanel-RS,RS,raw,,dropdown,N,,4,4,The impacts that the decision will have on the rights or freedoms of individuals will likely be:,Les incidences de la décision sur les droits ou libertés des personnes seront probablement les suivantes :,,
32,0.9.1,impact10,impact,Impact Assessment,Évaluation de l'incidence,9,impactPanel-RS,RS,raw,,comment,N,,0,0,Please describe why the impacts resulting from the decision are (as per selected option above).,Veuillez indiquer pour quelle raison les incidences découlant de la décision sont (selon l’option sélectionnée ci-dessus).,,
33,0.9.1,impact11,impact,Impact Assessment,Évaluation de l'incidence,9,impactPanel-RS,RS,raw,,dropdown,N,,4,4,The impacts that the decision will have on the health and well-being of individuals will likely be:,Les incidences de la décision sur la santé et le bien-être des personnes seront probablement les suivantes :,,
34,0.9.1,impact12,impact,Impact Assessment,Évaluation de l'incidence,9,impactPanel-RS,RS,raw,,comment,N,,0,0,Please describe why the impacts resulting from the decision are (as per selected option above),Veuillez indiquer pour quelle raison les incidences découlant de la décision sont (selon l’option sélectionnée ci-dessus).,,
35,0.9.1,impact13,impact,Impact Assessment,Évaluation de l'incidence,9,impactPanel-RS,RS,raw,,dropdown,N,,4,4,The impacts that the decision will have on the economic interests of individuals will likely be:,Les incidences de la décision sur les intérêts économiques des personnes seront probablement les suivantes :,,
36,0.9.1,impact14,impact,Impact Assessment,Évaluation de l'incidence,9,impactPanel-RS,RS,raw,,comment,N,,0,0,Please describe why the impacts resulting from the decision are (as per selected option above),Veuillez indiquer pour quelle raison les incidences découlant de la décision sont (selon l’option sélectionnée ci-dessus).,,
37,0.9.1,impact15,impact,Impact Assessment,Évaluation de l'incidence,9,impactPanel-RS,RS,raw,,dropdown,N,,4,4,"The impacts that the decision will have on the ongoing sustainability of an environmental ecosystem, will likely be:",Les incidences de la décision sur la pérennité d’un écosystème environnemental seront probablement les suivantes :,,
38,0.9.1,impact16,impact,Impact Assessment,Évaluation de l'incidence,9,impactPanel-RS,RS,raw,,comment,N,,0,0,Please describe why the impacts resulting from the decision are (as per selected option above),Veuillez indiquer pour quelle raison les incidences découlant de la décision sont (selon l’option sélectionnée ci-dessus).,,
39,0.9.1,aboutDataSource1,aboutData,About the Data,À propos des données,10,aboutDataSourcePanel-RS,RS,raw,,radiogroup,N,,2,4,Will the Automated Decision System use personal information as input data?,Le système de décision automatisé utilisera-t-il des renseignements personnels comme données d’entrée?,,
40,0.9.1,aboutDataSource9,aboutData,About the Data,À propos des données,10,aboutDataSourcePanel-RS,RS,raw,,radiogroup,N,"{aboutDataSource1} = ""item1-4""",2,4,Have you verified that the use of personal information is limited to only what is directly related to delivering a program or service?,Avez-vous vérifié que l'utilisation des renseignements personnels est limitée à ce qui est directement lié à la prestation d'un programme ou d'un service?,,
41,0.9.1,aboutDataSource10,aboutData,About the Data,À propos des données,10,aboutDataSourcePanel-RS,RS,raw,,radiogroup,N,"{aboutDataSource1} = ""item1-4""",2,2,Is the personal information of individuals being used in a decision-making process that directly affects those individuals?,Les renseignements personnels des individus sont-ils utilisés dans un processus décisionnel qui affecte directement ces individus?,,
42,0.9.1,aboutDataSource11,aboutData,About the Data,À propos des données,10,aboutDataSourcePanel-RS,RS,raw,,radiogroup,N,"{aboutDataSource1} = ""item1-4""",2,1,Have you verified if the system is using personal information in a way that is consistent with: (a) the current Personal Information Banks (PIBs) and Privacy Impact Assessments (PIAs) of your programs or (b) planned or implemented modifications to the PIBs or PIAs that take new uses and processes into account?,Avez-vous vérifié si le système utilise les renseignements personnels d'une manière compatible avec: (a) les fichiers de renseignements personnels (FRP) et évaluations des facteurs relatifs à la vie privée (EFVP) de vos programmes ou (b) les modifications prévues ou mises en oeuvre des FRP ou des EFVP qui tiennent compte des nouveaux usages et processus?,,
43,0.9.1,aboutDataSource2,aboutData,About the Data,À propos des données,10,aboutDataSourcePanel-RS,RS,raw,,dropdown,N,,5,4,What is the highest security classification of the input data used by the system? (Select one),Quelle est la classification de sécurité la plus élevée des données d’entrée utilisées par le système? (N’en choisir qu’une seule),,
44,0.9.1,aboutDataSource3,aboutData,About the Data,À propos des données,10,aboutDataSourcePanel-RS,RS,raw,,dropdown,N,,4,3,Who controls the data?,Qui contrôle les données?,,
45,0.9.1,aboutDataSource4,aboutData,About the Data,À propos des données,10,aboutDataSourcePanel-RS,RS,raw,,radiogroup,N,,2,4,Will the system use data from multiple different sources?,Les données utilisées par le système proviendront-elles de plusieurs sources différentes?,,
46,0.9.1,aboutDataSource5,aboutData,About the Data,À propos des données,10,aboutDataSourcePanel-RS,RS,raw,,radiogroup,N,,2,4,"Will the system require input data from an Internet- or telephony-connected device? (e.g. Internet of Things, sensor)","Le système aura-t-il besoin de données d’entrée provenant d’un appareil connecté à Internet ou à la téléphonie? (P. ex., internet des objets, un Capteur)",,
47,0.9.1,aboutDataSource6,aboutData,About the Data,À propos des données,10,aboutDataSourcePanel-RS,RS,raw,,radiogroup,N,,2,4,Will the system interface with other IT systems?,Le système interagira-t-il avec d’autres systèmes des TI?,,
48,0.9.1,aboutDataSource7,aboutData,About the Data,À propos des données,10,aboutDataSourcePanel-RS,RS,raw,,dropdown,N,,4,4,Who collected the data used for training the system?,Qui a recueilli les données utilisées pour préparer le système? ,,
49,0.9.1,aboutDataSource8,aboutData,About the Data,À propos des données,10,aboutDataSourcePanel-RS,RS,raw,,dropdown,N,,4,4,Who collected the input data used by the system?,Qui a recueilli les données d’entrée utilisées par le système?,,
50,0.9.1,aboutDataType1,aboutData,About the Data,À propos des données,10,aboutDataTypePanel-RS,RS,raw,,radiogroup,N,,2,0,Will the system require the analysis of unstructured data to render a recommendation or a decision?,Le système exigera-t-il l’analyse de données non structurées pour faire une recommandation ou prendre une décision?,,
51,0.9.1,aboutDataType2,aboutData,About the Data,À propos des données,10,aboutDataTypePanel-RS,RS,raw,,checkbox,N,"{aboutDataType1} = ""item1""",2,6,What types of unstructured data? (Check all that apply),De quel type de données non structurées s’agit-il (Cochez toutes les réponses qui s’appliquent)?,,
52,0.9.1,consultationDesign1,consultationDesign,Consultations,,11,consultationDesignPanel-MS,MS,mitigation,design,radiogroup,N,,2,1,"Internal Stakeholders (Strategic Policy and Planning, Data Governance, Program Policy, etc.)","Intervenants internes (politique et planification stratégiques, gouvernance des données, politique du programme, etc.)",,
53,0.9.1,consultationDesign2,consultationDesign,Consultations,,11,consultationDesignPanel-MS,MS,mitigation,design,checkbox,N,"{consultationDesign1} = ""item1-1""",8,0,Which Internal Stakeholders will you be engaging?,Quels intervenants internes allez-vous consulter?,,
54,0.9.1,consultationDesign2-other,consultationDesign,Consultations,,11,consultationDesignPanel-MS,MS,mitigation,design,comment,N,"{consultationDesign2} contains ""item9""",0,0,Please describe,S'il vous plait décrire,,
55,0.9.1,consultationDesign3,consultationDesign,Consultations,,11,consultationDesignPanel-MS,MS,mitigation,design,radiogroup,N,,2,1,"External Stakeholders (Civil Society, Academia, Industry, etc.)","Intervenants externes (société civile, universités, industrie, etc.)",,
56,0.9.1,consultationDesign4,consultationDesign,Consultations,,11,consultationDesignPanel-MS,MS,mitigation,design,checkbox,N,"{consultationDesign3} = ""item1-1""",5,0,Which External Stakeholders will you be engaging?,Quels intervenants externes allez-vous consulter?,,
57,0.9.1,consultationDesign4-other,consultationDesign,Consultations,,11,consultationDesignPanel-MS,MS,mitigation,design,comment,N,"{consultationDesign4} contains ""item9""",0,0,Please describe,S'il vous plait décrire,,
58,0.9.1,consultationImplementation1,consultationImplementation,Consultations,,12,consultationImplementationPanel-MS,MS,mitigation,implementation,radiogroup,N,,2,1,"Internal Stakeholders (Strategic policy and planning, Data Governance, Program Policy, etc.)","Intervenants internes (politique et planification stratégiques, gouvernance des données, politique du programme, etc.)",,
59,0.9.1,consultationImplementation2,consultationImplementation,Consultations,,12,consultationImplementationPanel-MS,MS,mitigation,implementation,checkbox,N,"{consultationImplementation1} = ""item1-1""",8,0,Which Internal Stakeholders have you engaged?,Quels intervenants internes avez-vous consulté?,,
60,0.9.1,consultationImplementation2-other,consultationImplementation,Consultations,,12,consultationImplementationPanel-MS,MS,mitigation,implementation,comment,N,"{consultationImplementation2} contains ""item9""",0,0,Please describe,S'il vous plait décrire,,
61,0.9.1,consultationImplementation3,consultationImplementation,Consultations,,12,consultationImplementationPanel-MS,MS,mitigation,implementation,radiogroup,N,,2,1,"External Stakeholders (Civil Society, Academia, Industry, etc.)","Intervenants externes (société civile, universités, industrie, etc.)",,
62,0.9.1,consultationImplementation4,consultationImplementation,Consultations,,12,consultationImplementationPanel-MS,MS,mitigation,implementation,checkbox,N,"{consultationImplementation3} = ""item1-1""",5,0,Which External Stakeholders have you engaged?,Quels intervenants externes avez-vous consulté?,,
63,0.9.1,consultationImplementation4-other,consultationImplementation,Consultations,,12,consultationImplementationPanel-MS,MS,mitigation,implementation,comment,N,"{consultationImplementation4} contains ""item9""",0,0,Please describe,S'il vous plait décrire,,
64,0.9.1,dataQualityDesign1,dataQualityDesign,De-Risking and Mitigation Measures,Élimination des risques et mesures d'atténuation,13,dataQualityDesignPanel-MS,MS,mitigation,design,radiogroup,N,,2,2,"Will you have documented processes in place to test datasets against biases and other unexpected outcomes? This could include experience in applying frameworks, methods, guidelines or other assessment tools.","Disposerez-vous de processus documentés pour tester les jeux de données en fonction de biais et d’autres résultats inattendus? Par exemple, ceci pourrait inclure une expérience dans l’application de cadres, de méthodes, de lignes directrices ou d’outils d’évaluation.",,
65,0.9.1,dataQualityDesign2,dataQualityDesign,De-Risking and Mitigation Measures,Élimination des risques et mesures d'atténuation,13,dataQualityDesignPanel-MS,MS,mitigation,design,radiogroup,N,"{dataQualityDesign1} = ""item1-2""",2,1,Will you be making this information publicly available?,Allez-vous rendre cette information disponible publiquement?,,
66,0.9.1,dataQualityDesign3,dataQualityDesign,De-Risking and Mitigation Measures,Élimination des risques et mesures d'atténuation,13,dataQualityDesignPanel-MS,MS,mitigation,design,radiogroup,N,,2,1,Will you be developing a process to document how data quality issues were resolved during the design process?,Allez-vous élaborer un processus permettant de documenter la façon dont les problèmes de qualité des données qui seront résolus pendant le processus de conception?,,
67,0.9.1,dataQualityDesign4,dataQualityDesign,De-Risking and Mitigation Measures,Élimination des risques et mesures d'atténuation,13,dataQualityDesignPanel-MS,MS,mitigation,design,radiogroup,N,,2,1,Will you be making this information publicly available?,Allez-vous rendre cette information disponible publiquement?,,
68,0.9.1,dataQualityDesign5,dataQualityDesign,De-Risking and Mitigation Measures,Élimination des risques et mesures d'atténuation,13,dataQualityDesignPanel-MS,MS,mitigation,design,radiogroup,N,,2,1,Will you undertake a Gender Based Analysis Plus of the data?,Entreprendrez-vous une analyse comparative entre les sexes plus des données?,,
69,0.9.1,dataQualityDesign6,dataQualityDesign,De-Risking and Mitigation Measures,Élimination des risques et mesures d'atténuation,13,dataQualityDesignPanel-MS,MS,mitigation,design,radiogroup,N,,2,1,Will you be making this information publicly available?,Allez-vous rendre cette information disponible publiquement?,,
70,0.9.1,dataQualityDesign7,dataQualityDesign,De-Risking and Mitigation Measures,Élimination des risques et mesures d'atténuation,13,dataQualityDesignPanel-MS,MS,mitigation,design,radiogroup,N,,2,2,"Have you assigned accountability in your institution for the design, development, maintenance, and improvement of the system?","Dans votre établissement, existe-t-il des responsables de la conception, du développement, de la maintenance et de l’amélioration du système?",,
71,0.9.1,dataQualityDesign8,dataQualityDesign,De-Risking and Mitigation Measures,Élimination des risques et mesures d'atténuation,13,dataQualityDesignPanel-MS,MS,mitigation,design,radiogroup,N,,2,2,Will you have a documented process to manage the risk that outdated or unreliable data is used to make an automated decision?,Disposerez-vous d'un processus documenté pour gérer le risque que des données périmées ou non fiables soient utilisées pour prendre une décision automatisée?,,
72,0.9.1,dataQualityDesign9,dataQualityDesign,De-Risking and Mitigation Measures,Élimination des risques et mesures d'atténuation,13,dataQualityDesignPanel-MS,MS,mitigation,design,radiogroup,N,,2,1,Will you be making this information publicly available?,Allez-vous rendre cette information disponible publiquement?,,
73,0.9.1,dataQualityDesign10,dataQualityDesign,De-Risking and Mitigation Measures,Élimination des risques et mesures d'atténuation,13,dataQualityDesignPanel-MS,MS,mitigation,design,radiogroup,N,,2,2,Will the data used for this system be posted on the Open Government Portal?,Les données utilisées pour ce système seront-elles affichées sur la portail du gouvernement ouvert?,,
74,0.9.1,dataQualityImplementation1,dataQualityImplementation,De-Risking and Mitigation Measures,Élimination des risques et mesures d'atténuation,14,dataQualityImplementationPanel-MS,MS,mitigation,implementation,radiogroup,N,,2,2,"Do you have documented processes in place to test datasets against biases and other unexpected outcomes? This could include experience in applying frameworks, methods, guidelines or other assessment tools.","Disposez-vous de processus documentés pour tester les jeux de données en fonction de biais et d’autres résultats inattendus? Par exemple, ceci pourrait inclure une expérience dans l’application de cadres, de méthodes, de lignes directrices ou d’outils d’évaluation.",,
75,0.9.1,dataQualityImplementation2,dataQualityImplementation,De-Risking and Mitigation Measures,Élimination des risques et mesures d'atténuation,14,dataQualityImplementationPanel-MS,MS,mitigation,implementation,radiogroup,N,,2,1,Is this information publicly available?,Cette information est-elle publiquement disponible?,,
76,0.9.1,dataQualityImplementation3,dataQualityImplementation,De-Risking and Mitigation Measures,Élimination des risques et mesures d'atténuation,14,dataQualityImplementationPanel-MS,MS,mitigation,implementation,radiogroup,N,,2,1,Have you developed a process to document how data quality issues were resolved during the design process?,Avez-vous élaboré un processus permettant de documenter la façon dont les problèmes de qualité des données qui seront résolus pendant le processus de conception?,,
77,0.9.1,dataQualityImplementation4,dataQualityImplementation,De-Risking and Mitigation Measures,Élimination des risques et mesures d'atténuation,14,dataQualityImplementationPanel-MS,MS,mitigation,implementation,radiogroup,N,,2,1,Is this information publicly available?,Cette information est-elle publiquement disponible?,,
78,0.9.1,dataQualityImplementation5,dataQualityImplementation,De-Risking and Mitigation Measures,Élimination des risques et mesures d'atténuation,14,dataQualityImplementationPanel-MS,MS,mitigation,implementation,radiogroup,N,,2,1,Have you undertaken a Gender Based Analysis Plus of the data?,Avez-vous entrepris une analyse comparative entre les sexes plus des données?,,
79,0.9.1,dataQualityImplementation6,dataQualityImplementation,De-Risking and Mitigation Measures,Élimination des risques et mesures d'atténuation,14,dataQualityImplementationPanel-MS,MS,mitigation,implementation,radiogroup,N,,2,1,Is this information publicly available?,Cette information est-elle publiquement disponible?,,
80,0.9.1,dataQualityImplementation7,dataQualityImplementation,De-Risking and Mitigation Measures,Élimination des risques et mesures d'atténuation,14,dataQualityImplementationPanel-MS,MS,mitigation,implementation,radiogroup,N,,2,2,"Have you assigned accountability in your institution for the design, development, maintenance, and improvement of the system?","Dans votre établissement, existe-t-il des responsables de la conception, du développement, de la maintenance et de l’amélioration du système?",,
81,0.9.1,dataQualityImplementation8,dataQualityImplementation,De-Risking and Mitigation Measures,Élimination des risques et mesures d'atténuation,14,dataQualityImplementationPanel-MS,MS,mitigation,implementation,radiogroup,N,,2,2,Do you have a documented process to manage the risk that outdated or unreliable data is used to make an automated decision?,Disposez-vous d'un processus documenté pour gérer le risque que des données périmées ou non fiables soient utilisées pour prendre une décision automatisée?,,
82,0.9.1,dataQualityImplementation9,dataQualityImplementation,De-Risking and Mitigation Measures,Élimination des risques et mesures d'atténuation,14,dataQualityImplementationPanel-MS,MS,mitigation,implementation,radiogroup,N,,2,1,Is this information publicly available?,Cette information est-elle publiquement disponible?,,
83,0.9.1,dataQualityImplementation10,dataQualityImplementation,De-Risking and Mitigation Measures,Élimination des risques et mesures d'atténuation,14,dataQualityImplementationPanel-MS,MS,mitigation,implementation,radiogroup,N,,2,2,Is the data used for this system posted on the Open Government Portal?,Les données utilisées pour ce système seront-elles affichées sur la portail du gouvernement ouvert?,,
84,0.9.1,fairnessDesign1,fairnessDesign,De-Risking and Mitigation Measures,Élimination des risques et mesures d'atténuation,15,fairnessDesignPanel-MS,MS,mitigation,design,radiogroup,N,,2,1,Will the audit trail identify the authority or delegated authority identified in legislation?,La piste de vérification permettra-t-elle de déterminer les pouvoirs ou les pouvoirs délégués prévus par la lois?,,
85,0.9.1,fairnessDesign2,fairnessDesign,De-Risking and Mitigation Measures,Élimination des risques et mesures d'atténuation,15,fairnessDesignPanel-MS,MS,mitigation,design,radiogroup,N,,2,2,Will the system provide an audit trail that records all the recommendations or decisions made by the system?,Le système fournira-t-il une piste de vérification qui enregistre toutes les recommandations ou décisions prises par le système?,,
86,0.9.1,fairnessDesign3,fairnessDesign,De-Risking and Mitigation Measures,Élimination des risques et mesures d'atténuation,15,fairnessDesignPanel-MS,MS,mitigation,design,radiogroup,N,,2,2,Will all key decision points be identifiable in the audit trail?,Pourra-t-on identifier tous les points de décision clés dans la piste de vérification?,,
87,0.9.1,fairnessDesign4,fairnessDesign,De-Risking and Mitigation Measures,Élimination des risques et mesures d'atténuation,15,fairnessDesignPanel-MS,MS,mitigation,design,radiogroup,N,,2,1,"Will all key decision points within the automated system's logic be linked to the relevant legislation, policy or procedure?","Est-ce que toutes les décisions clés seront liées à une législation, politique ou à une procédure pertinente?",,
88,0.9.1,fairnessDesign5,fairnessDesign,De-Risking and Mitigation Measures,Élimination des risques et mesures d'atténuation,15,fairnessDesignPanel-MS,MS,mitigation,design,radiogroup,N,,2,2,Will you maintain a log detailing all of the changes made to the model and the system?,Tiendrez-vous un journal détaillant toutes les modifications apportées au modèle et au système?,,
89,0.9.1,fairnessDesign6,fairnessDesign,De-Risking and Mitigation Measures,Élimination des risques et mesures d'atténuation,15,fairnessDesignPanel-MS,MS,mitigation,design,radiogroup,N,,2,1,Will the audit trail clearly set out all decision points made by the system?,La piste de vérification indiquera-t-elle clairement tous les points de décision prise par le système?,,
90,0.9.1,fairnessDesign7,fairnessDesign,De-Risking and Mitigation Measures,Élimination des risques et mesures d'atténuation,15,fairnessDesignPanel-MS,MS,mitigation,design,radiogroup,N,,2,1,Could the audit trail generated by the system be used to help generate a notification of the decision (including a statement of reasons or other notification) where required?,La piste de vérification générée par le système pourrait-elle être utilisée pour aider à produire une notification de la décision (y compris un énoncé des motifs ou une autre notification) au besoin?,,
91,0.9.1,fairnessDesign8,fairnessDesign,De-Risking and Mitigation Measures,Élimination des risques et mesures d'atténuation,15,fairnessDesignPanel-MS,MS,mitigation,design,radiogroup,N,,2,2,Will the audit trail identify precisely which version of the system was used for each decision it supports?,La piste de vérification permettra-t-elle de déterminer précisément quelle version du système a été utilisée pour chaque décision qu'elle appuie?,,
92,0.9.1,fairnessDesign9,fairnessDesign,De-Risking and Mitigation Measures,Élimination des risques et mesures d'atténuation,15,fairnessDesignPanel-MS,MS,mitigation,design,radiogroup,N,,2,1,Will the audit trail show who the authorized decision-maker is?,La piste de vérification indiquera-t-elle qui est le décideur autorisé?,,
93,0.9.1,fairnessDesign10,fairnessDesign,De-Risking and Mitigation Measures,Élimination des risques et mesures d'atténuation,15,fairnessDesignPanel-MS,MS,mitigation,design,radiogroup,N,,2,2,Will the system be able to produce reasons for its decisions or recommendations when required?,Le système sera-t-il en mesure de justifier ses décisions ou ses recommandations au besoin?,,
94,0.9.1,fairnessDesign11,fairnessDesign,De-Risking and Mitigation Measures,Élimination des risques et mesures d'atténuation,15,fairnessDesignPanel-MS,MS,mitigation,design,radiogroup,N,,2,1,"Will there be a process in place to grant, monitor, and revoke access permission to the system?","Y aura-t-il un processus en place pour accorder, surveiller et révoquer l'autorisation d'accès au système?",,
95,0.9.1,fairnessDesign12,fairnessDesign,De-Risking and Mitigation Measures,Élimination des risques et mesures d'atténuation,15,fairnessDesignPanel-MS,MS,mitigation,design,radiogroup,N,,2,1,Will there be a mechanism to capture feedback by users of the system?,Y aura-t-il un mécanisme pour recueillir les commentaires des utilisateurs du système?,,
96,0.9.1,fairnessDesign13,fairnessDesign,De-Risking and Mitigation Measures,Élimination des risques et mesures d'atténuation,15,fairnessDesignPanel-MS,MS,mitigation,design,radiogroup,N,,2,2,Will there be a recourse process planned or established for clients that wish to challenge the decision?,Y aura-t-il un processus de recours prévu ou établi pour les clients qui souhaitent contester la décision?,,
97,0.9.1,fairnessDesign14,fairnessDesign,De-Risking and Mitigation Measures,Élimination des risques et mesures d'atténuation,15,fairnessDesignPanel-MS,MS,mitigation,design,radiogroup,N,,2,2,Will the system enable human override of system decisions?,Le système permettra-t-il à une personne de passer outre aux décisions du système?,,
98,0.9.1,fairnessDesign15,fairnessDesign,De-Risking and Mitigation Measures,Élimination des risques et mesures d'atténuation,15,fairnessDesignPanel-MS,MS,mitigation,design,radiogroup,N,,2,1,Will there be a process in place to log the instances when overrides were performed?,Y aura-t-il un processus en place pour consigner les cas où des dérogations ont été effectuées?,,
99,0.9.1,fairnessDesign16,fairnessDesign,De-Risking and Mitigation Measures,Élimination des risques et mesures d'atténuation,15,fairnessDesignPanel-MS,MS,mitigation,design,radiogroup,N,,2,2,Will the audit trail include change control processes to record modifications to the system's operation or performance?,La piste de vérification comprendra-t-elle des processus pour enregistrer les modifications apportées au fonctionnement ou au rendement du système?,,
100,0.9.1,fairnessDesign17,fairnessDesign,De-Risking and Mitigation Measures,Élimination des risques et mesures d'atténuation,15,fairnessDesignPanel-MS,MS,mitigation,design,radiogroup,N,,2,1,Will you be preparing a concept case to the Government of Canada Enterprise Architecture Review Board?,Allez-vous préparer un dossier conceptuel à l'intention du Comité d'examen de l'architecture d'entreprise du gouvernement du Canada?,,
101,0.9.1,fairnessImplementation1,fairnessImplementation,De-Risking and Mitigation Measures,Élimination des risques et mesures d'atténuation,16,fairnessImplementationPanel-MS,MS,mitigation,implementation,radiogroup,N,,2,1,Does the audit trail identify the authority or delegated authority identified in legislation?,La piste de vérification permet-elle de déterminer les pouvoirs ou les pouvoirs délégués prévus par la lois?,,
102,0.9.1,fairnessImplementation2,fairnessImplementation,De-Risking and Mitigation Measures,Élimination des risques et mesures d'atténuation,16,fairnessImplementationPanel-MS,MS,mitigation,implementation,radiogroup,N,,2,2,Does the system provide an audit trail that records all the recommendations or decisions made by the system?,Le système fournit-il une piste de vérification qui enregistre toutes les recommandations ou décisions prises par le système?,,
103,0.9.1,fairnessImplementation3,fairnessImplementation,De-Risking and Mitigation Measures,Élimination des risques et mesures d'atténuation,16,fairnessImplementationPanel-MS,MS,mitigation,implementation,radiogroup,N,,2,2,Are all key decision points identifiable in the audit trail?,Est-ce que tous les points de décision clés peuvent être identifiés dans la piste de vérification?,,
104,0.9.1,fairnessImplementation4,fairnessImplementation,De-Risking and Mitigation Measures,Élimination des risques et mesures d'atténuation,16,fairnessImplementationPanel-MS,MS,mitigation,implementation,radiogroup,N,,2,1,"Are all key decision points within the automated system's logic linked to the relevant legislation, policy or procedures?","Est-ce que toutes les décisions clés sont liées à une législation, politique ou à une procédure pertinente?",,
105,0.9.1,fairnessImplementation5,fairnessImplementation,De-Risking and Mitigation Measures,Élimination des risques et mesures d'atténuation,16,fairnessImplementationPanel-MS,MS,mitigation,implementation,radiogroup,N,,2,2,Do you maintain a current and up to date log detailing all of the changes made to the model and the system?,Avez-vous un journal détaillant toutes les modifications apportées au modèle et au système?,,
106,0.9.1,fairnessImplementation6,fairnessImplementation,De-Risking and Mitigation Measures,Élimination des risques et mesures d'atténuation,16,fairnessImplementationPanel-MS,MS,mitigation,implementation,radiogroup,N,,2,1,Does the system's audit trail indicate all of the decision points made by the system?,Est-ce que la piste de vérification indique tous les points de décision pris par le système?,,
107,0.9.1,fairnessImplementation7,fairnessImplementation,De-Risking and Mitigation Measures,Élimination des risques et mesures d'atténuation,16,fairnessImplementationPanel-MS,MS,mitigation,implementation,radiogroup,N,,2,1,Can the audit trail generated by the system be used to help generate a notification of the decision (including a statement of reasons or other notifications) where required?,La piste de vérification générée par le système peut-elle être utilisée pour aider à produire une notification de la décision (y compris un énoncé des motifs ou une autre notification) au besoin?,,
108,0.9.1,fairnessImplementation8,fairnessImplementation,De-Risking and Mitigation Measures,Élimination des risques et mesures d'atténuation,16,fairnessImplementationPanel-MS,MS,mitigation,implementation,radiogroup,N,,2,2,Does the audit trail identify precisely which version of the system was used for each decision it supports?,La piste de vérification permet-elle de déterminer précisément quelle version du système a été utilisée pour chaque décision qu'elle appuie?,,
109,0.9.1,fairnessImplementation9,fairnessImplementation,De-Risking and Mitigation Measures,Élimination des risques et mesures d'atténuation,16,fairnessImplementationPanel-MS,MS,mitigation,implementation,radiogroup,N,,2,1,Does the audit trail show who an authorized decision-maker is?,La piste de vérification indique-t-elle qui est le décideur autorisé?,,
110,0.9.1,fairnessImplementation10,fairnessImplementation,De-Risking and Mitigation Measures,Élimination des risques et mesures d'atténuation,16,fairnessImplementationPanel-MS,MS,mitigation,implementation,radiogroup,N,,2,2,Is the system able to produce reasons for its decisions or recommendations when required?,Le système est-il en mesure de justifier ses décisions ou ses recommandations au besoin?,,
111,0.9.1,fairnessImplementation11,fairnessImplementation,De-Risking and Mitigation Measures,Élimination des risques et mesures d'atténuation,16,fairnessImplementationPanel-MS,MS,mitigation,implementation,radiogroup,N,,2,1,"Is there a process in place to grant, monitor, and revoke access permission to the system?","Avez-vous un processus en place pour accorder, surveiller et révoquer l'autorisation d'accès au système?",,
112,0.9.1,fairnessImplementation12,fairnessImplementation,De-Risking and Mitigation Measures,Élimination des risques et mesures d'atténuation,16,fairnessImplementationPanel-MS,MS,mitigation,implementation,radiogroup,N,,2,1,Is there a mechanism to capture feedback by users of the system?,Avez-vous un mécanisme pour recueillir les commentaires des utilisateurs du système?,,
113,0.9.1,fairnessImplementation13,fairnessImplementation,De-Risking and Mitigation Measures,Élimination des risques et mesures d'atténuation,16,fairnessImplementationPanel-MS,MS,mitigation,implementation,radiogroup,N,,2,2,Is there a recourse process established for clients that wish to challenge the decision?,Avez-vous un processus de recours prévu ou établi pour les clients qui souhaitent contester la décision?,,
114,0.9.1,fairnessImplementation14,fairnessImplementation,De-Risking and Mitigation Measures,Élimination des risques et mesures d'atténuation,16,fairnessImplementationPanel-MS,MS,mitigation,implementation,radiogroup,N,,2,2,Does the system enable human override of system decisions?,Le système permet-il à une personne de passer outre aux décisions du système?,,
115,0.9.1,fairnessImplementation15,fairnessImplementation,De-Risking and Mitigation Measures,Élimination des risques et mesures d'atténuation,16,fairnessImplementationPanel-MS,MS,mitigation,implementation,radiogroup,N,,2,1,Is there a process in place to log the instances when overrides were performed?,Avez-vous un processus en place pour consigner les cas où des dérogations ont été effectuées?,,
116,0.9.1,fairnessImplementation16,fairnessImplementation,De-Risking and Mitigation Measures,Élimination des risques et mesures d'atténuation,16,fairnessImplementationPanel-MS,MS,mitigation,implementation,radiogroup,N,,2,2,Does the system's audit trail include change control processes to record modifications to the system's operation or performance?,Avez-vous des processus en place pour enregistrer les modifications apportées au fonctionnement ou au rendement du système?,,
117,0.9.1,fairnessImplementation17,fairnessImplementation,De-Risking and Mitigation Measures,Élimination des risques et mesures d'atténuation,16,fairnessImplementationPanel-MS,MS,mitigation,implementation,radiogroup,N,,2,1,Have you prepared a concept case to the Government of Canada Enterprise Architecture Review Board?,Avez-vous préparé un dossier conceptuel à l'intention du Comité d'examen de l'architecture d'entreprise du gouvernement du Canada?,,
118,0.9.1,privacyDesign1,privacyDesign,De-Risking and Mitigation Measures,Élimination des risques et mesures d'atténuation,17,privacyDesignPanel-MS,MS,mitigation,design,radiogroup,N,,2,1,"If your system involves the use of personal information, will you undertake or have you undertaken a Privacy Impact Assessment, or updated an existing one?","Si votre système implique l’utilisation de renseignements personnels, avez-vous ou allez-vous entreprendre une évaluation des facteurs relatifs à la vie privée ou réviser une évaluation existante?",,
119,0.9.1,privacyDesign2,privacyDesign,De-Risking and Mitigation Measures,Élimination des risques et mesures d'atténuation,17,privacyDesignPanel-MS,MS,mitigation,design,radiogroup,N,,2,1,Will you design and build security and privacy into your systems from the concept stage of the project?,Concevrez-vous et intégrerez-vous la sécurité et la confidentialité dans vos systèmes dès la phase de conception du projet?,,
120,0.9.1,privacyDesign3,privacyDesign,De-Risking and Mitigation Measures,Élimination des risques et mesures d'atténuation,17,privacyDesignPanel-MS,MS,mitigation,design,radiogroup,N,,2,1,"Will information be used within a closed system (i.e. no connections to the Internet, Intranet or any other system)?","Les informations seront-elles utilisées dans un système fermé (c'est-à-dire sans connexion à Internet, Intranet ou tout autre système)?",,
121,0.9.1,privacyDesign4,privacyDesign,De-Risking and Mitigation Measures,Élimination des risques et mesures d'atténuation,17,privacyDesignPanel-MS,MS,mitigation,design,radiogroup,N,,2,1,"If the sharing of personal information is involved, has an agreement or arrangement with appropriate safeguards been established?","Si le partage de renseignements personnels est impliqué, un accord ou un arrangement avec des garanties appropriées a-t-il été établi?",,
122,0.9.1,privacyImplementation1,privacyImplementation,De-Risking and Mitigation Measures,Élimination des risques et mesures d'atténuation,18,privacyImplementationPanel-MS,MS,mitigation,implementation,radiogroup,N,,2,1,"If your system involves the use of personal information, have you undertaken a Privacy Impact Assessment, or updated an existing one?","Si votre système implique l’utilisation de renseignements personnels, avez-vous entrepris une évaluation des facteurs relatifs à la vie privée ou révisé une évaluation existante?",,
123,0.9.1,privacyImplementation2,privacyImplementation,De-Risking and Mitigation Measures,Élimination des risques et mesures d'atténuation,18,privacyImplementationPanel-MS,MS,mitigation,implementation,radiogroup,N,,2,1,Have you designed and built security and privacy into your systems from the concept stage of the project?,Avez-vous conçu et intégré la sécurité et la confidentialité dans vos systèmes dès la phase de conception du projet?,,
124,0.9.1,privacyImplementation3,privacyImplementation,De-Risking and Mitigation Measures,Élimination des risques et mesures d'atténuation,18,privacyImplementationPanel-MS,MS,mitigation,implementation,radiogroup,N,,2,1,"Is the information used within a closed system (i.e. no connections to the Internet, Intranet or any other system)?","Les informations sont-elles utilisées dans un système fermé (c'est-à-dire sans connexion à Internet, Intranet ou tout autre système)?",,
125,0.9.1,privacyImplementation4,privacyImplementation,De-Risking and Mitigation Measures,Élimination des risques et mesures d'atténuation,18,privacyImplementationPanel-MS,MS,mitigation,implementation,radiogroup,N,,2,1,"If the sharing of personal information is involved, has an agreement or arrangement with appropriate safeguards been established?","Si le partage de renseignements personnels est impliqué, un accord ou un arrangement avec des garanties appropriées a-t-il été établi?",,
1,0.9,projectDetailsRespondent,projectDetails,Project Details,Détails du projet,2,projectDetailsPanel-NS,NS,none,,text,N,,0,0,Name of Respondent,Nom de la personne sondée,The name of the respondent is the name of the person that answers the questions.,Le nom de la personne répondant aux questions.
2,0.9,projectDetailsJob,projectDetails,Project Details,Détails du projet,2,projectDetailsPanel-NS,NS,none,,text,N,,0,0,Job Title,Titre du poste,,
3,0.9,projectDetailsDepartment-NS,projectDetails,Project Details,Détails du projet,2,projectDetailsPanel-NS,NS,none,,dropdown,N,,101,0,Department,Ministère,,
4,0.9,projectDetailsBranch,projectDetails,Project Details,Détails du projet,2,projectDetailsPanel-NS,NS,none,,text,N,,0,0,Branch,Direction,,
5,0.9,projectDetailsTitle,projectDetails,Project Details,Détails du projet,2,projectDetailsPanel-NS,NS,none,,text,N,,0,0,Project Title,Titre du projet,,
6,0.9,projectDetailsID,projectDetails,Project Details,Détails du projet,2,projectDetailsPanel-NS,NS,none,,text,N,,0,0,Project ID from IT Plan,Identifiant du projet provenant du Plan TI,,
7,0.9,projectDetailsProgram,projectDetails,Project Details,Détails du projet,2,projectDetailsPanel-NS,NS,none,,text,N,,0,0,Departmental Program (from Department Results Framework),Programme ministériel (Cadre ministériel des résultats),,
8,0.9,projectDetailsPhase,projectDetails,Project Details,Détails du projet,2,projectDetailsPanel-NS,NS,none,,radiogroup,Y,,2,0,Project Phase,Phase du projet,,
9,0.9,projectDetailsDescription,projectDetails,Project Details,Détails du projet,2,projectDetailsPanel-NS,NS,none,,comment,N,,0,0,Please provide a project description:,Veuillez fournir une description du projet :,,
10,0.9,businessDrivers1,businessDrivers,Business Driver / Positive Impact,Facteur opérationnel / Incidence positive,3,businessDriversPanel-NS,NS,none,,checkbox,N,,6,0,What is motivating your team to introduce automation into this decision-making process? (Check all that apply),Qu'est-ce qui motive votre équipe à introduire l'automatisation dans ce processus décisionnel? (Cochez toutes les réponses qui s'appliquent.),,
11,0.9,motivation-other,businessDrivers,Business Driver / Positive Impact,Facteur opérationnel / Incidence positive,3,businessDriversPanel-NS,NS,none,,comment,N,"{businessDrivers1} contains ""item6""",0,0,Please describe,S'il vous plait décrire,,
12,0.9,riskProfile1,riskProfile,Risk Profile,Profil de risque,4,riskProfilePanel-RS,RS,raw,,radiogroup,N,,2,3,Is the project within an area of intense public scrutiny (e.g. because of privacy concerns) and/or frequent litigation?,Le projet fait-il l'objet d'un examen public approfondi (e.g.: en raison de préoccupations liées à la protection de la vie privée) et/ou de litiges fréquents?,,
13,0.9,riskProfile2,riskProfile,Risk Profile,Profil de risque,4,riskProfilePanel-RS,RS,raw,,radiogroup,N,,2,3,Are clients in this line of business particularly vulnerable?,Les clients de ce secteur d'activité sont-ils particulièrement vulnérables?,,
14,0.9,riskProfile3,riskProfile,Risk Profile,Profil de risque,4,riskProfilePanel-RS,RS,raw,,radiogroup,N,,2,4,Are stakes of the decisions very high?,Les enjeux des décisions de ce programme sont-ils très élevés? ,,
15,0.9,riskProfile4,riskProfile,Risk Profile,Profil de risque,4,riskProfilePanel-RS,RS,raw,,radiogroup,N,,2,3,"Will this project have major impacts on staff, either in terms of their numbers or their roles?","Ce projet aura-t-il d'importantes répercussions sur le personnel, que ce soit en termes de nombre ou de rôle?",,
16,0.9,projectAuthority1,projectAuthority,Project Authority,Autorité de projet,5,projectAuthorityPanel-RS,RS,raw,,radiogroup,N,,2,2,Will you require new policy authority for this project?,Aurez-vous besoin d'une nouvelle autorisation en termes de politiques pour ce projet ?,,
17,0.9,aboutSystem1,aboutSystem,About The System,À propos du système,6,aboutSystemPanel-NS,NS,none,,checkbox,N,,6,1,Please check which of the following capabilities apply to your system.,Veuillez indiquer laquelle des capacités suivantes s'applique à votre système.,,
18,0.9,aboutSystem2,aboutSystem,About The System,À propos du système,6,aboutSystemPanel-NS,NS,none,,comment,N,"{aboutSystem1} contains [""item6-1""]",0,0,Please describe,S'il vous plait décrire,,
19,0.9,aboutAlgorithm1,aboutAlgorithm,About the Algorithm,À propos de l'algorithme,7,aboutAlgorithmPanel-RS,RS,raw,,radiogroup,N,,2,3,The algorithm used will be a (trade) secret,L'algorithme utilisé sera un secret (commercial),,
20,0.9,aboutAlgorithm2,aboutAlgorithm,About the Algorithm,À propos de l'algorithme,7,aboutAlgorithmPanel-RS,RS,raw,,radiogroup,N,,2,3,The algorithmic process will be difficult to interpret or to explain,Le processus algorithmique sera difficile à interpréter ou à expliquer,,
21,0.9,decisionSector1,decisionSector,About The Decision,À propos de la décision,8,decisionSectorPanel-RS,RS,raw,,checkbox,N,,6,6,Does the decision pertain to any of the categories below (check all that apply):,La décision s'applique-t-elle à l'une ou l'autre des catégories ci-dessous (*Cochez toutes les réponses qui s'appliquent) :,,
22,0.9,decisionSector2,decisionSector,About The Decision,À propos de la décision,8,decisionSectorPanel-RS,RS,raw,,comment,N,"{decisionSector1} contains [""item6-1""]",0,0,Please describe,S'il vous plait décrire,,
23,0.9,impact1,impact,Impact Assessment,Évaluation de l'incidence,9,impactPanel-RS,RS,raw,,radiogroup,N,,2,1,Will the system only be used to assist a decision-maker?,Le système sera-t-il seulement utilisé pour aider un décideur?,,
24,0.9,impact2,impact,Impact Assessment,Évaluation de l'incidence,9,impactPanel-RS,RS,raw,,radiogroup,N,,2,3,Will the system be replacing a decision that would otherwise be made by a human?,Le système remplacera-t-il une décision qui serait autrement prise par un humain?,,
25,0.9,impact3,impact,Impact Assessment,Évaluation de l'incidence,9,impactPanel-RS,RS,raw,,radiogroup,N,,2,4,Will the system be replacing human decisions that require judgement or discretion?,Le système remplacera-t-il les décisions humaines qui exigent du jugement ou de la discrétion?,,
26,0.9,impact4,impact,Impact Assessment,Évaluation de l'incidence,9,impactPanel-RS,RS,raw,,comment,N,"{impact3} contains [""item1-4""]",0,0,Please describe the decision(s) that will be automated,Veuillez décrire la ou les décisions qui seront automatisées,,
27,0.9,impact5,impact,Impact Assessment,Évaluation de l'incidence,9,impactPanel-RS,RS,raw,,radiogroup,N,,2,4,Is the system used by a different part of the organization than the ones who developed it?,Le système est-il utilisé par une partie de l’organisation différente de celle à laquelle appartiennent ceux qui l’ont développé?,,
28,0.9,impact6,impact,Impact Assessment,Évaluation de l'incidence,9,impactPanel-RS,RS,raw,,dropdown,N,,4,4,Are the impacts resulting from the decision reversible?,Les incidences découlant de la décision sont-elles réversibles?,,
29,0.9,impact7,impact,Impact Assessment,Évaluation de l'incidence,9,impactPanel-RS,RS,raw,,dropdown,N,,4,4,How long will impacts from the decision last?,Combien de temps les incidences de la décision dureront-elles?,,
30,0.9,impact8,impact,Impact Assessment,Évaluation de l'incidence,9,impactPanel-RS,RS,raw,,comment,N,,0,0,Please describe why the impacts resulting from the decision are as per selected option above.,Veuillez indiquer pour quelle raison les incidences découlant de la décision sont (selon l’option sélectionnée ci-dessus). ,,
31,0.9,impact9,impact,Impact Assessment,Évaluation de l'incidence,9,impactPanel-RS,RS,raw,,dropdown,N,,4,4,The impacts that the decision will have on the rights or freedoms of individuals will likely be:,Les incidences de la décision sur les droits ou libertés des personnes seront probablement les suivantes :,,
32,0.9,impact10,impact,Impact Assessment,Évaluation de l'incidence,9,impactPanel-RS,RS,raw,,comment,N,,0,0,Please describe why the impacts resulting from the decision are (as per selected option above).,Veuillez indiquer pour quelle raison les incidences découlant de la décision sont (selon l’option sélectionnée ci-dessus).,,
33,0.9,impact11,impact,Impact Assessment,Évaluation de l'incidence,9,impactPanel-RS,RS,raw,,dropdown,N,,4,4,The impacts that the decision will have on the health and well-being of individuals will likely be:,Les incidences de la décision sur la santé et le bien-être des personnes seront probablement les suivantes :,,
34,0.9,impact12,impact,Impact Assessment,Évaluation de l'incidence,9,impactPanel-RS,RS,raw,,comment,N,,0,0,Please describe why the impacts resulting from the decision are (as per selected option above),Veuillez indiquer pour quelle raison les incidences découlant de la décision sont (selon l’option sélectionnée ci-dessus).,,
35,0.9,impact13,impact,Impact Assessment,Évaluation de l'incidence,9,impactPanel-RS,RS,raw,,dropdown,N,,4,4,The impacts that the decision will have on the economic interests of individuals will likely be:,Les incidences de la décision sur les intérêts économiques des personnes seront probablement les suivantes :,,
36,0.9,impact14,impact,Impact Assessment,Évaluation de l'incidence,9,impactPanel-RS,RS,raw,,comment,N,,0,0,Please describe why the impacts resulting from the decision are (as per selected option above),Veuillez indiquer pour quelle raison les incidences découlant de la décision sont (selon l’option sélectionnée ci-dessus).,,
37,0.9,impact15,impact,Impact Assessment,Évaluation de l'incidence,9,impactPanel-RS,RS,raw,,dropdown,N,,4,4,"The impacts that the decision will have on the ongoing sustainability of an environmental ecosystem, will likely be:",Les incidences de la décision sur la pérennité d’un écosystème environnemental seront probablement les suivantes :,,
38,0.9,impact16,impact,Impact Assessment,Évaluation de l'incidence,9,impactPanel-RS,RS,raw,,comment,N,,0,0,Please describe why the impacts resulting from the decision are (as per selected option above),Veuillez indiquer pour quelle raison les incidences découlant de la décision sont (selon l’option sélectionnée ci-dessus).,,
39,0.9,aboutDataSource1,aboutData,About The Data,À propos des données,10,aboutDataSourcePanel-RS,RS,raw,,radiogroup,N,,2,4,Will the Automated Decision System use personal information as input data?,Le système de décision automatisé utilisera-t-il des renseignements personnels comme données d’entrée?,,
40,0.9,aboutDataSource9,aboutData,About The Data,À propos des données,10,aboutDataSourcePanel-RS,RS,raw,,radiogroup,N,"{aboutDataSource1} = ""item1-4""",2,4,Have you verified that the use of personal information is limited to only what is directly related to delivering a program or service?,Avez-vous vérifié que l'utilisation des renseignements personnels est limitée à ce qui est directement lié à la prestation d'un programme ou d'un service?,,
41,0.9,aboutDataSource10,aboutData,About The Data,À propos des données,10,aboutDataSourcePanel-RS,RS,raw,,radiogroup,N,"{aboutDataSource1} = ""item1-4""",2,2,Is the personal information of individuals being used in a decision-making process that directly affects those individuals?,Les renseignements personnels des individus sont-ils utilisés dans un processus décisionnel qui affecte directement ces individus?,,
42,0.9,aboutDataSource11,aboutData,About The Data,À propos des données,10,aboutDataSourcePanel-RS,RS,raw,,radiogroup,N,"{aboutDataSource1} = ""item1-4""",2,1,Have you verified if the system is using personal information in a way that is consistent with: (a) the current Personal Information Banks (PIBs) and Privacy Impact Assessments (PIAs) of your programs or (b) planned or implemented modifications to the PIBs or PIAs that take new uses and processes into account?,Avez-vous vérifié si le système utilise les renseignements personnels d'une manière compatible avec: (a) les fichiers de renseignements personnels (FRP) et évaluations des facteurs relatifs à la vie privée (EFVP) de vos programmes ou (b) les modifications prévues ou mises en oeuvre des FRP ou des EFVP qui tiennent compte des nouveaux usages et processus?,,
43,0.9,aboutDataSource2,aboutData,About The Data,À propos des données,10,aboutDataSourcePanel-RS,RS,raw,,dropdown,N,,5,4,What is the highest security classification of the input data used by the system? (Select one),Quelle est la classification de sécurité la plus élevée des données d’entrée utilisées par le système? (N’en choisir qu’une seule),,
44,0.9,aboutDataSource3,aboutData,About The Data,À propos des données,10,aboutDataSourcePanel-RS,RS,raw,,dropdown,N,,4,3,Who controls the data?,Qui contrôle les données?,,
45,0.9,aboutDataSource4,aboutData,About The Data,À propos des données,10,aboutDataSourcePanel-RS,RS,raw,,radiogroup,N,,2,4,Will the system use data from multiple different sources?,Les données utilisées par le système proviendront-elles de plusieurs sources différentes?,,
46,0.9,aboutDataSource5,aboutData,About The Data,À propos des données,10,aboutDataSourcePanel-RS,RS,raw,,radiogroup,N,,2,4,"Will the system require input data from an Internet- or telephony-connected device? (e.g. Internet of Things, sensor)","Le système aura-t-il besoin de données d’entrée provenant d’un appareil connecté à Internet ou à la téléphonie? (P. ex., internet des objets, un Capteur)",,
47,0.9,aboutDataSource6,aboutData,About The Data,À propos des données,10,aboutDataSourcePanel-RS,RS,raw,,radiogroup,N,,2,4,Will the system interface with other IT systems?,Le système interagira-t-il avec d’autres systèmes des TI?,,
48,0.9,aboutDataSource7,aboutData,About The Data,À propos des données,10,aboutDataSourcePanel-RS,RS,raw,,dropdown,N,,4,4,Who collected the data used for training the system?,Qui a recueilli les données utilisées pour préparer le système? ,,
49,0.9,aboutDataSource8,aboutData,About The Data,À propos des données,10,aboutDataSourcePanel-RS,RS,raw,,dropdown,N,,4,4,Who collected the input data used by the system?,Qui a recueilli les données d’entrée utilisées par le système?,,
50,0.9,aboutDataType1,aboutData,About The Data,À propos des données,10,aboutDataTypePanel-RS,RS,raw,,radiogroup,N,,2,0,Will the system require the analysis of unstructured data to render a recommendation or a decision?,Le système exigera-t-il l’analyse de données non structurées pour faire une recommandation ou prendre une décision?,,
51,0.9,aboutDataType2,aboutData,About The Data,À propos des données,10,aboutDataTypePanel-RS,RS,raw,,checkbox,N,"{aboutDataType1} = ""item1""",2,6,What types of unstructured data? (Check all that apply),De quel type de données non structurées s’agit-il (Cochez toutes les réponses qui s’appliquent)?,,
52,0.9,consultationDesign1,consultationDesign,Consultations,,11,consultationDesignPanel-MS,MS,mitigation,design,radiogroup,N,,2,1,"Internal Stakeholders (Strategic Policy and Planning, Data Governance, Program Policy, etc.)","Intervenants internes (politique et planification stratégiques, gouvernance des données, politique du programme, etc.)",,
53,0.9,consultationDesign2,consultationDesign,Consultations,,11,consultationDesignPanel-MS,MS,mitigation,design,checkbox,N,"{consultationDesign1} = ""item1-1""",8,0,Which Internal Stakeholders will you be engaging?,Quels intervenants internes allez-vous consulter?,,
54,0.9,consultationDesign2-other,consultationDesign,Consultations,,11,consultationDesignPanel-MS,MS,mitigation,design,comment,N,"{consultationDesign2} contains ""item9""",0,0,Please describe,S'il vous plait décrire,,
55,0.9,consultationDesign3,consultationDesign,Consultations,,11,consultationDesignPanel-MS,MS,mitigation,design,radiogroup,N,,2,1,"External Stakeholders (Civil Society, Academia, Industry, etc.)","Intervenants externes (société civile, universités, industrie, etc.)",,
56,0.9,consultationDesign4,consultationDesign,Consultations,,11,consultationDesignPanel-MS,MS,mitigation,design,checkbox,N,"{consultationDesign3} = ""item1-1""",5,0,Which External Stakeholders will you be engaging?,Quels intervenants externes allez-vous consulter?,,
57,0.9,consultationDesign4-other,consultationDesign,Consultations,,11,consultationDesignPanel-MS,MS,mitigation,design,comment,N,"{consultationDesign4} contains ""item9""",0,0,Please describe,S'il vous plait décrire,,
58,0.9,consultationImplementation1,consultationImplementation,Consultations,,12,consultationImplementationPanel-MS,MS,mitigation,implementation,radiogroup,N,,2,1,"Internal Stakeholders (Strategic policy and planning, Data Governance, Program Policy, etc.)","Intervenants internes (politique et planification stratégiques, gouvernance des données, politique du programme, etc.)",,
59,0.9,consultationImplementation2,consultationImplementation,Consultations,,12,consultationImplementationPanel-MS,MS,mitigation,implementation,checkbox,N,"{consultationImplementation1} = ""item1-1""",8,0,Which Internal Stakeholders have you engaged?,Quels intervenants internes avez-vous consulté?,,
60,0.9,consultationImplementation2-other,consultationImplementation,Consultations,,12,consultationImplementationPanel-MS,MS,mitigation,implementation,comment,N,"{consultationImplementation2} contains ""item9""",0,0,Please describe,S'il vous plait décrire,,
61,0.9,consultationImplementation3,consultationImplementation,Consultations,,12,consultationImplementationPanel-MS,MS,mitigation,implementation,radiogroup,N,,2,1,"External Stakeholders (Civil Society, Academia, Industry, etc.)","Intervenants externes (société civile, universités, industrie, etc.)",,
62,0.9,consultationImplementation4,consultationImplementation,Consultations,,12,consultationImplementationPanel-MS,MS,mitigation,implementation,checkbox,N,"{consultationImplementation3} = ""item1-1""",5,0,Which External Stakeholders have you engaged?,Quels intervenants externes avez-vous consulté?,,
63,0.9,consultationImplementation4-other,consultationImplementation,Consultations,,12,consultationImplementationPanel-MS,MS,mitigation,implementation,comment,N,"{consultationImplementation4} contains ""item9""",0,0,Please describe,S'il vous plait décrire,,
64,0.9,dataQualityDesign1,dataQualityDesign,De-Risking And Mitigation Measures,Élimination des risques et mesures d'atténuation,13,dataQualityDesignPanel-MS,MS,mitigation,design,radiogroup,N,,2,2,"Will you have documented processes in place to test datasets against biases and other unexpected outcomes? This could include experience in applying frameworks, methods, guidelines or other assessment tools.","Disposerez-vous de processus documentés pour tester les jeux de données en fonction de biais et d’autres résultats inattendus? Par exemple, ceci pourrait inclure une expérience dans l’application de cadres, de méthodes, de lignes directrices ou d’outils d’évaluation.",,
65,0.9,dataQualityDesign2,dataQualityDesign,De-Risking And Mitigation Measures,Élimination des risques et mesures d'atténuation,13,dataQualityDesignPanel-MS,MS,mitigation,design,radiogroup,N,"{dataQualityDesign1} = ""item1-2""",2,1,Will you be making this information publicly available?,Allez-vous rendre cette information disponible publiquement?,,
66,0.9,dataQualityDesign3,dataQualityDesign,De-Risking And Mitigation Measures,Élimination des risques et mesures d'atténuation,13,dataQualityDesignPanel-MS,MS,mitigation,design,radiogroup,N,,2,1,Will you be developing a process to document how data quality issues were resolved during the design process?,Allez-vous élaborer un processus permettant de documenter la façon dont les problèmes de qualité des données qui seront résolus pendant le processus de conception?,,
67,0.9,dataQualityDesign4,dataQualityDesign,De-Risking And Mitigation Measures,Élimination des risques et mesures d'atténuation,13,dataQualityDesignPanel-MS,MS,mitigation,design,radiogroup,N,,2,1,Will you be making this information publicly available?,Allez-vous rendre cette information disponible publiquement?,,
68,0.9,dataQualityDesign5,dataQualityDesign,De-Risking And Mitigation Measures,Élimination des risques et mesures d'atténuation,13,dataQualityDesignPanel-MS,MS,mitigation,design,radiogroup,N,,2,1,Will you undertake a Gender Based Analysis Plus of the data?,Entreprendrez-vous une analyse comparative entre les sexes plus des données?,,
69,0.9,dataQualityDesign6,dataQualityDesign,De-Risking And Mitigation Measures,Élimination des risques et mesures d'atténuation,13,dataQualityDesignPanel-MS,MS,mitigation,design,radiogroup,N,,2,1,Will you be making this information publicly available?,Allez-vous rendre cette information disponible publiquement?,,
70,0.9,dataQualityDesign7,dataQualityDesign,De-Risking And Mitigation Measures,Élimination des risques et mesures d'atténuation,13,dataQualityDesignPanel-MS,MS,mitigation,design,radiogroup,N,,2,2,"Have you assigned accountability in your institution for the design, development, maintenance, and improvement of the system?","Dans votre établissement, existe-t-il des responsables de la conception, du développement, de la maintenance et de l’amélioration du système?",,
71,0.9,dataQualityDesign8,dataQualityDesign,De-Risking And Mitigation Measures,Élimination des risques et mesures d'atténuation,13,dataQualityDesignPanel-MS,MS,mitigation,design,radiogroup,N,,2,2,Will you have a documented process to manage the risk that outdated or unreliable data is used to make an automated decision?,Disposerez-vous d'un processus documenté pour gérer le risque que des données périmées ou non fiables soient utilisées pour prendre une décision automatisée?,,
72,0.9,dataQualityDesign9,dataQualityDesign,De-Risking And Mitigation Measures,Élimination des risques et mesures d'atténuation,13,dataQualityDesignPanel-MS,MS,mitigation,design,radiogroup,N,,2,1,Will you be making this information publicly available?,Allez-vous rendre cette information disponible publiquement?,,
73,0.9,dataQualityDesign10,dataQualityDesign,De-Risking And Mitigation Measures,Élimination des risques et mesures d'atténuation,13,dataQualityDesignPanel-MS,MS,mitigation,design,radiogroup,N,,2,2,Will the data used for this system be posted on the Open Government Portal?,Les données utilisées pour ce système seront-elles affichées sur la portail du gouvernement ouvert?,,
74,0.9,dataQualityImplementation1,dataQualityImplementation,De-Risking And Mitigation Measures,Élimination des risques et mesures d'atténuation,14,dataQualityImplementationPanel-MS,MS,mitigation,implementation,radiogroup,N,,2,2,"Do you have documented processes in place to test datasets against biases and other unexpected outcomes? This could include experience in applying frameworks, methods, guidelines or other assessment tools.","Disposez-vous de processus documentés pour tester les jeux de données en fonction de biais et d’autres résultats inattendus? Par exemple, ceci pourrait inclure une expérience dans l’application de cadres, de méthodes, de lignes directrices ou d’outils d’évaluation.",,
75,0.9,dataQualityImplementation2,dataQualityImplementation,De-Risking And Mitigation Measures,Élimination des risques et mesures d'atténuation,14,dataQualityImplementationPanel-MS,MS,mitigation,implementation,radiogroup,N,,2,1,Is this information publicly available?,Cette information est-elle publiquement disponible?,,
76,0.9,dataQualityImplementation3,dataQualityImplementation,De-Risking And Mitigation Measures,Élimination des risques et mesures d'atténuation,14,dataQualityImplementationPanel-MS,MS,mitigation,implementation,radiogroup,N,,2,1,Have you developed a process to document how data quality issues were resolved during the design process?,Avez-vous élaboré un processus permettant de documenter la façon dont les problèmes de qualité des données qui seront résolus pendant le processus de conception?,,
77,0.9,dataQualityImplementation4,dataQualityImplementation,De-Risking And Mitigation Measures,Élimination des risques et mesures d'atténuation,14,dataQualityImplementationPanel-MS,MS,mitigation,implementation,radiogroup,N,,2,1,Is this information publicly available?,Cette information est-elle publiquement disponible?,,
78,0.9,dataQualityImplementation5,dataQualityImplementation,De-Risking And Mitigation Measures,Élimination des risques et mesures d'atténuation,14,dataQualityImplementationPanel-MS,MS,mitigation,implementation,radiogroup,N,,2,1,Have you undertaken a Gender Based Analysis Plus of the data?,Avez-vous entrepris une analyse comparative entre les sexes plus des données?,,
79,0.9,dataQualityImplementation6,dataQualityImplementation,De-Risking And Mitigation Measures,Élimination des risques et mesures d'atténuation,14,dataQualityImplementationPanel-MS,MS,mitigation,implementation,radiogroup,N,,2,1,Is this information publicly available?,Cette information est-elle publiquement disponible?,,
80,0.9,dataQualityImplementation7,dataQualityImplementation,De-Risking And Mitigation Measures,Élimination des risques et mesures d'atténuation,14,dataQualityImplementationPanel-MS,MS,mitigation,implementation,radiogroup,N,,2,2,"Have you assigned accountability in your institution for the design, development, maintenance, and improvement of the system?","Dans votre établissement, existe-t-il des responsables de la conception, du développement, de la maintenance et de l’amélioration du système?",,
81,0.9,dataQualityImplementation8,dataQualityImplementation,De-Risking And Mitigation Measures,Élimination des risques et mesures d'atténuation,14,dataQualityImplementationPanel-MS,MS,mitigation,implementation,radiogroup,N,,2,2,Do you have a documented process to manage the risk that outdated or unreliable data is used to make an automated decision?,Disposez-vous d'un processus documenté pour gérer le risque que des données périmées ou non fiables soient utilisées pour prendre une décision automatisée?,,
82,0.9,dataQualityImplementation9,dataQualityImplementation,De-Risking And Mitigation Measures,Élimination des risques et mesures d'atténuation,14,dataQualityImplementationPanel-MS,MS,mitigation,implementation,radiogroup,N,,2,1,Is this information publicly available?,Cette information est-elle publiquement disponible?,,
83,0.9,dataQualityImplementation10,dataQualityImplementation,De-Risking And Mitigation Measures,Élimination des risques et mesures d'atténuation,14,dataQualityImplementationPanel-MS,MS,mitigation,implementation,radiogroup,N,,2,2,Is the data used for this system posted on the Open Government Portal?,Les données utilisées pour ce système seront-elles affichées sur la portail du gouvernement ouvert?,,
84,0.9,fairnessDesign1,fairnessDesign,De-Risking And Mitigation Measures,Élimination des risques et mesures d'atténuation,15,fairnessDesignPanel-MS,MS,mitigation,design,radiogroup,N,,2,1,Will the audit trail identify the authority or delegated authority identified in legislation?,La piste de vérification permettra-t-elle de déterminer les pouvoirs ou les pouvoirs délégués prévus par la lois?,,
85,0.9,fairnessDesign2,fairnessDesign,De-Risking And Mitigation Measures,Élimination des risques et mesures d'atténuation,15,fairnessDesignPanel-MS,MS,mitigation,design,radiogroup,N,,2,2,Will the system provide an audit trail that records all the recommendations or decisions made by the system?,Le système fournira-t-il une piste de vérification qui enregistre toutes les recommandations ou décisions prises par le système?,,
86,0.9,fairnessDesign3,fairnessDesign,De-Risking And Mitigation Measures,Élimination des risques et mesures d'atténuation,15,fairnessDesignPanel-MS,MS,mitigation,design,radiogroup,N,,2,2,Will all key decision points be identifiable in the audit trail?,Pourra-t-on identifier tous les points de décision clés dans la piste de vérification?,,
87,0.9,fairnessDesign4,fairnessDesign,De-Risking And Mitigation Measures,Élimination des risques et mesures d'atténuation,15,fairnessDesignPanel-MS,MS,mitigation,design,radiogroup,N,,2,1,"Will all key decision points within the automated system's logic be linked to the relevant legislation, policy or procedure?","Est-ce que toutes les décisions clés seront liées à une législation, politique ou à une procédure pertinente?",,
88,0.9,fairnessDesign5,fairnessDesign,De-Risking And Mitigation Measures,Élimination des risques et mesures d'atténuation,15,fairnessDesignPanel-MS,MS,mitigation,design,radiogroup,N,,2,2,Will you maintain a log detailing all of the changes made to the model and the system?,Tiendrez-vous un journal détaillant toutes les modifications apportées au modèle et au système?,,
89,0.9,fairnessDesign6,fairnessDesign,De-Risking And Mitigation Measures,Élimination des risques et mesures d'atténuation,15,fairnessDesignPanel-MS,MS,mitigation,design,radiogroup,N,,2,1,Will the audit trail clearly set out all decision points made by the system?,La piste de vérification indiquera-t-elle clairement tous les points de décision prise par le système?,,
90,0.9,fairnessDesign7,fairnessDesign,De-Risking And Mitigation Measures,Élimination des risques et mesures d'atténuation,15,fairnessDesignPanel-MS,MS,mitigation,design,radiogroup,N,,2,1,Could the audit trail generated by the system be used to help generate a notification of the decision (including a statement of reasons or other notification) where required?,La piste de vérification générée par le système pourrait-elle être utilisée pour aider à produire une notification de la décision (y compris un énoncé des motifs ou une autre notification) au besoin?,,
91,0.9,fairnessDesign8,fairnessDesign,De-Risking And Mitigation Measures,Élimination des risques et mesures d'atténuation,15,fairnessDesignPanel-MS,MS,mitigation,design,radiogroup,N,,2,2,Will the audit trail identify precisely which version of the system was used for each decision it supports?,La piste de vérification permettra-t-elle de déterminer précisément quelle version du système a été utilisée pour chaque décision qu'elle appuie?,,
92,0.9,fairnessDesign9,fairnessDesign,De-Risking And Mitigation Measures,Élimination des risques et mesures d'atténuation,15,fairnessDesignPanel-MS,MS,mitigation,design,radiogroup,N,,2,1,Will the audit trail show who the authorized decision-maker is?,La piste de vérification indiquera-t-elle qui est le décideur autorisé?,,
93,0.9,fairnessDesign10,fairnessDesign,De-Risking And Mitigation Measures,Élimination des risques et mesures d'atténuation,15,fairnessDesignPanel-MS,MS,mitigation,design,radiogroup,N,,2,2,Will the system be able to produce reasons for its decisions or recommendations when required?,Le système sera-t-il en mesure de justifier ses décisions ou ses recommandations au besoin?,,
94,0.9,fairnessDesign11,fairnessDesign,De-Risking And Mitigation Measures,Élimination des risques et mesures d'atténuation,15,fairnessDesignPanel-MS,MS,mitigation,design,radiogroup,N,,2,1,"Will there be a process in place to grant, monitor, and revoke access permission to the system?","Y aura-t-il un processus en place pour accorder, surveiller et révoquer l'autorisation d'accès au système?",,
95,0.9,fairnessDesign12,fairnessDesign,De-Risking And Mitigation Measures,Élimination des risques et mesures d'atténuation,15,fairnessDesignPanel-MS,MS,mitigation,design,radiogroup,N,,2,1,Will there be a mechanism to capture feedback by users of the system?,Y aura-t-il un mécanisme pour recueillir les commentaires des utilisateurs du système?,,
96,0.9,fairnessDesign13,fairnessDesign,De-Risking And Mitigation Measures,Élimination des risques et mesures d'atténuation,15,fairnessDesignPanel-MS,MS,mitigation,design,radiogroup,N,,2,2,Will there be a recourse process planned or established for clients that wish to challenge the decision?,Y aura-t-il un processus de recours prévu ou établi pour les clients qui souhaitent contester la décision?,,
97,0.9,fairnessDesign14,fairnessDesign,De-Risking And Mitigation Measures,Élimination des risques et mesures d'atténuation,15,fairnessDesignPanel-MS,MS,mitigation,design,radiogroup,N,,2,2,Will the system enable human override of system decisions?,Le système permettra-t-il à une personne de passer outre aux décisions du système?,,
98,0.9,fairnessDesign15,fairnessDesign,De-Risking And Mitigation Measures,Élimination des risques et mesures d'atténuation,15,fairnessDesignPanel-MS,MS,mitigation,design,radiogroup,N,,2,1,Will there be a process in place to log the instances when overrides were performed?,Y aura-t-il un processus en place pour consigner les cas où des dérogations ont été effectuées?,,
99,0.9,fairnessDesign16,fairnessDesign,De-Risking And Mitigation Measures,Élimination des risques et mesures d'atténuation,15,fairnessDesignPanel-MS,MS,mitigation,design,radiogroup,N,,2,2,Will the audit trail include change control processes to record modifications to the system's operation or performance?,La piste de vérification comprendra-t-elle des processus pour enregistrer les modifications apportées au fonctionnement ou au rendement du système?,,
100,0.9,fairnessDesign17,fairnessDesign,De-Risking And Mitigation Measures,Élimination des risques et mesures d'atténuation,15,fairnessDesignPanel-MS,MS,mitigation,design,radiogroup,N,,2,1,Will you be preparing a concept case to the Government of Canada Enterprise Architecture Review Board?,Allez-vous préparer un dossier conceptuel à l'intention du Comité d'examen de l'architecture d'entreprise du gouvernement du Canada?,,
101,0.9,fairnessImplementation1,fairnessImplementation,De-Risking And Mitigation Measures,Élimination des risques et mesures d'atténuation,16,fairnessImplementationPanel-MS,MS,mitigation,implementation,radiogroup,N,,2,1,Does the audit trail identify the authority or delegated authority identified in legislation?,La piste de vérification permet-elle de déterminer les pouvoirs ou les pouvoirs délégués prévus par la lois?,,
102,0.9,fairnessImplementation2,fairnessImplementation,De-Risking And Mitigation Measures,Élimination des risques et mesures d'atténuation,16,fairnessImplementationPanel-MS,MS,mitigation,implementation,radiogroup,N,,2,2,Does the system provide an audit trail that records all the recommendations or decisions made by the system?,Le système fournit-il une piste de vérification qui enregistre toutes les recommandations ou décisions prises par le système?,,
103,0.9,fairnessImplementation3,fairnessImplementation,De-Risking And Mitigation Measures,Élimination des risques et mesures d'atténuation,16,fairnessImplementationPanel-MS,MS,mitigation,implementation,radiogroup,N,,2,2,Are all key decision points identifiable in the audit trail?,Est-ce que tous les points de décision clés peuvent être identifiés dans la piste de vérification?,,
104,0.9,fairnessImplementation4,fairnessImplementation,De-Risking And Mitigation Measures,Élimination des risques et mesures d'atténuation,16,fairnessImplementationPanel-MS,MS,mitigation,implementation,radiogroup,N,,2,1,"Are all key decision points within the automated system's logic linked to the relevant legislation, policy or procedures?","Est-ce que toutes les décisions clés sont liées à une législation, politique ou à une procédure pertinente?",,
105,0.9,fairnessImplementation5,fairnessImplementation,De-Risking And Mitigation Measures,Élimination des risques et mesures d'atténuation,16,fairnessImplementationPanel-MS,MS,mitigation,implementation,radiogroup,N,,2,2,Do you maintain a current and up to date log detailing all of the changes made to the model and the system?,Avez-vous un journal détaillant toutes les modifications apportées au modèle et au système?,,
106,0.9,fairnessImplementation6,fairnessImplementation,De-Risking And Mitigation Measures,Élimination des risques et mesures d'atténuation,16,fairnessImplementationPanel-MS,MS,mitigation,implementation,radiogroup,N,,2,1,Does the system's audit trail indicate all of the decision points made by the system?,Est-ce que la piste de vérification indique tous les points de décision pris par le système?,,
107,0.9,fairnessImplementation7,fairnessImplementation,De-Risking And Mitigation Measures,Élimination des risques et mesures d'atténuation,16,fairnessImplementationPanel-MS,MS,mitigation,implementation,radiogroup,N,,2,1,Can the audit trail generated by the system be used to help generate a notification of the decision (including a statement of reasons or other notifications) where required?,La piste de vérification générée par le système peut-elle être utilisée pour aider à produire une notification de la décision (y compris un énoncé des motifs ou une autre notification) au besoin?,,
108,0.9,fairnessImplementation8,fairnessImplementation,De-Risking And Mitigation Measures,Élimination des risques et mesures d'atténuation,16,fairnessImplementationPanel-MS,MS,mitigation,implementation,radiogroup,N,,2,2,Does the audit trail identify precisely which version of the system was used for each decision it supports?,La piste de vérification permet-elle de déterminer précisément quelle version du système a été utilisée pour chaque décision qu'elle appuie?,,
109,0.9,fairnessImplementation9,fairnessImplementation,De-Risking And Mitigation Measures,Élimination des risques et mesures d'atténuation,16,fairnessImplementationPanel-MS,MS,mitigation,implementation,radiogroup,N,,2,1,Does the audit trail show who an authorized decision-maker is?,La piste de vérification indique-t-elle qui est le décideur autorisé?,,
110,0.9,fairnessImplementation10,fairnessImplementation,De-Risking And Mitigation Measures,Élimination des risques et mesures d'atténuation,16,fairnessImplementationPanel-MS,MS,mitigation,implementation,radiogroup,N,,2,2,Is the system able to produce reasons for its decisions or recommendations when required?,Le système est-il en mesure de justifier ses décisions ou ses recommandations au besoin?,,
111,0.9,fairnessImplementation11,fairnessImplementation,De-Risking And Mitigation Measures,Élimination des risques et mesures d'atténuation,16,fairnessImplementationPanel-MS,MS,mitigation,implementation,radiogroup,N,,2,1,"Is there a process in place to grant, monitor, and revoke access permission to the system?","Avez-vous un processus en place pour accorder, surveiller et révoquer l'autorisation d'accès au système?",,
112,0.9,fairnessImplementation12,fairnessImplementation,De-Risking And Mitigation Measures,Élimination des risques et mesures d'atténuation,16,fairnessImplementationPanel-MS,MS,mitigation,implementation,radiogroup,N,,2,1,Is there a mechanism to capture feedback by users of the system?,Avez-vous un mécanisme pour recueillir les commentaires des utilisateurs du système?,,
113,0.9,fairnessImplementation13,fairnessImplementation,De-Risking And Mitigation Measures,Élimination des risques et mesures d'atténuation,16,fairnessImplementationPanel-MS,MS,mitigation,implementation,radiogroup,N,,2,2,Is there a recourse process established for clients that wish to challenge the decision?,Avez-vous un processus de recours prévu ou établi pour les clients qui souhaitent contester la décision?,,
114,0.9,fairnessImplementation14,fairnessImplementation,De-Risking And Mitigation Measures,Élimination des risques et mesures d'atténuation,16,fairnessImplementationPanel-MS,MS,mitigation,implementation,radiogroup,N,,2,2,Does the system enable human override of system decisions?,Le système permet-il à une personne de passer outre aux décisions du système?,,
115,0.9,fairnessImplementation15,fairnessImplementation,De-Risking And Mitigation Measures,Élimination des risques et mesures d'atténuation,16,fairnessImplementationPanel-MS,MS,mitigation,implementation,radiogroup,N,,2,1,Is there a process in place to log the instances when overrides were performed?,Avez-vous un processus en place pour consigner les cas où des dérogations ont été effectuées?,,
116,0.9,fairnessImplementation16,fairnessImplementation,De-Risking And Mitigation Measures,Élimination des risques et mesures d'atténuation,16,fairnessImplementationPanel-MS,MS,mitigation,implementation,radiogroup,N,,2,2,Does the system's audit trail include change control processes to record modifications to the system's operation or performance?,Avez-vous des processus en place pour enregistrer les modifications apportées au fonctionnement ou au rendement du système?,,
117,0.9,fairnessImplementation17,fairnessImplementation,De-Risking And Mitigation Measures,Élimination des risques et mesures d'atténuation,16,fairnessImplementationPanel-MS,MS,mitigation,implementation,radiogroup,N,,2,1,Have you prepared a concept case to the Government of Canada Enterprise Architecture Review Board?,Avez-vous préparé un dossier conceptuel à l'intention du Comité d'examen de l'architecture d'entreprise du gouvernement du Canada?,,
118,0.9,privacyDesign1,privacyDesign,De-Risking And Mitigation Measures,Élimination des risques et mesures d'atténuation,17,privacyDesignPanel-MS,MS,mitigation,design,radiogroup,N,,2,1,"If your system involves the use of personal information, will you undertake or have you undertaken a Privacy Impact Assessment, or updated an existing one?","Si votre système implique l’utilisation de renseignements personnels, avez-vous ou allez-vous entreprendre une évaluation des facteurs relatifs à la vie privée ou réviser une évaluation existante?",,
119,0.9,privacyDesign2,privacyDesign,De-Risking And Mitigation Measures,Élimination des risques et mesures d'atténuation,17,privacyDesignPanel-MS,MS,mitigation,design,radiogroup,N,,2,1,Will you design and build security and privacy into your systems from the concept stage of the project?,Concevrez-vous et intégrerez-vous la sécurité et la confidentialité dans vos systèmes dès la phase de conception du projet?,,
120,0.9,privacyDesign3,privacyDesign,De-Risking And Mitigation Measures,Élimination des risques et mesures d'atténuation,17,privacyDesignPanel-MS,MS,mitigation,design,radiogroup,N,,2,1,"Will information be used within a closed system (i.e. no connections to the Internet, Intranet or any other system)?","Les informations seront-elles utilisées dans un système fermé (c'est-à-dire sans connexion à Internet, Intranet ou tout autre système)?",,
121,0.9,privacyDesign4,privacyDesign,De-Risking And Mitigation Measures,Élimination des risques et mesures d'atténuation,17,privacyDesignPanel-MS,MS,mitigation,design,radiogroup,N,,2,1,"If the sharing of personal information is involved, has an agreement or arrangement with appropriate safeguards been established?","Si le partage de renseignements personnels est impliqué, un accord ou un arrangement avec des garanties appropriées a-t-il été établi?",,
122,0.9,privacyImplementation1,privacyImplementation,De-Risking And Mitigation Measures,Élimination des risques et mesures d'atténuation,18,privacyImplementationPanel-MS,MS,mitigation,implementation,radiogroup,N,,2,1,"If your system involves the use of personal information, have you undertaken a Privacy Impact Assessment, or updated an existing one?","Si votre système implique l’utilisation de renseignements personnels, avez-vous entrepris une évaluation des facteurs relatifs à la vie privée ou révisé une évaluation existante?",,
123,0.9,privacyImplementation2,privacyImplementation,De-Risking And Mitigation Measures,Élimination des risques et mesures d'atténuation,18,privacyImplementationPanel-MS,MS,mitigation,implementation,radiogroup,N,,2,1,Have you designed and built security and privacy into your systems from the concept stage of the project?,Avez-vous conçu et intégré la sécurité et la confidentialité dans vos systèmes dès la phase de conception du projet?,,
124,0.9,privacyImplementation3,privacyImplementation,De-Risking And Mitigation Measures,Élimination des risques et mesures d'atténuation,18,privacyImplementationPanel-MS,MS,mitigation,implementation,radiogroup,N,,2,1,"Is the information used within a closed system (i.e. no connections to the Internet, Intranet or any other system)?","Les informations sont-elles utilisées dans un système fermé (c'est-à-dire sans connexion à Internet, Intranet ou tout autre système)?",,
125,0.9,privacyImplementation4,privacyImplementation,De-Risking And Mitigation Measures,Élimination des risques et mesures d'atténuation,18,privacyImplementationPanel-MS,MS,mitigation,implementation,radiogroup,N,,2,1,"If the sharing of personal information is involved, has an agreement or arrangement with appropriate safeguards been established?","Si le partage de renseignements personnels est impliqué, un accord ou un arrangement avec des garanties appropriées a-t-il été établi?",,
1,0.8a1,projectDetailsRespondent,projectDetails,Project Details,Détails du projet,2,projectDetailsPanel-NS,NS,none,,text,N,,0,0,Name of Respondent,Nom de la personne sondée,The name of the respondent is the name of the person that answers the questions.,Le nom de la personne répondant aux questions.
2,0.8a1,projectDetailsJob,projectDetails,Project Details,Détails du projet,2,projectDetailsPanel-NS,NS,none,,text,N,,0,0,Job Title,Titre du poste,,
3,0.8a1,projectDetailsDepartment-NS,projectDetails,Project Details,Détails du projet,2,projectDetailsPanel-NS,NS,none,,dropdown,N,,101,0,Department,Ministère,,
4,0.8a1,projectDetailsBranch,projectDetails,Project Details,Détails du projet,2,projectDetailsPanel-NS,NS,none,,text,N,,0,0,Branch,Direction,,
5,0.8a1,projectDetailsTitle,projectDetails,Project Details,Détails du projet,2,projectDetailsPanel-NS,NS,none,,text,N,,0,0,Project Title,Titre du projet,,
6,0.8a1,projectDetailsID,projectDetails,Project Details,Détails du projet,2,projectDetailsPanel-NS,NS,none,,text,N,,0,0,Project ID from IT Plan,Identifiant du projet provenant du Plan TI,,
7,0.8a1,projectDetailsProgram,projectDetails,Project Details,Détails du projet,2,projectDetailsPanel-NS,NS,none,,text,N,,0,0,Departmental Program (from Department Results Framework),Programme ministériel (Cadre ministériel des résultats,,
8,0.8a1,projectDetailsPhase,projectDetails,Project Details,Détails du projet,2,projectDetailsPanel-NS,NS,none,,radiogroup,Y,,2,0,Project Phase,Phase du projet,,
9,0.8a1,projectDetailsDescription,projectDetails,Project Details,Détails du projet,2,projectDetailsPanel-NS,NS,none,,comment,N,,0,0,Please provide a project description:,Veuillez fournir une description du projet :,,
10,0.8a1,businessDrivers1,businessDrivers,Business Driver / Positive Impact,Facteur opérationnel / Incidence positive,3,businessDriversPanel-NS,NS,none,,checkbox,N,,6,0,What is motivating your team to introduce automation into this decision-making process? (Check all that apply),Qu'est-ce qui motive votre équipe à introduire l'automatisation dans ce processus décisionnel? (Cochez toutes les réponses qui s'appliquent.),,
11,0.8a1,motivation-other,businessDrivers,Business Driver / Positive Impact,Facteur opérationnel / Incidence positive,3,businessDriversPanel-NS,NS,none,,comment,N,"{businessDrivers1} contains ""item6""",0,0,Please describe,S'il vous plait décrire,,
12,0.8a1,riskProfile1,riskProfile,Risk Profile,Profil de risque,4,riskProfilePanel-RS,RS,raw,,radiogroup,N,,2,3,Is the project within an area of intense public scrutiny (e.g. because of privacy concerns) and/or frequent litigation?,Le projet fait-il l'objet d'un examen public approfondi (e.g.: en raison de préoccupations liées à la protection de la vie privée) et/ou de litiges fréquents?,,
13,0.8a1,riskProfile2,riskProfile,Risk Profile,Profil de risque,4,riskProfilePanel-RS,RS,raw,,radiogroup,N,,2,3,Are clients in this line of business particularly vulnerable?,Les clients de ce secteur d'activité sont-ils particulièrement vulnérables?,,
14,0.8a1,riskProfile3,riskProfile,Risk Profile,Profil de risque,4,riskProfilePanel-RS,RS,raw,,radiogroup,N,,2,4,Are stakes of the decisions very high?,Les enjeux des décisions de ce programme sont-ils très élevés? ,,
15,0.8a1,riskProfile4,riskProfile,Risk Profile,Profil de risque,4,riskProfilePanel-RS,RS,raw,,radiogroup,N,,2,3,"Will this project have major impacts on staff, either in terms of their numbers or their roles?","Ce projet aura-t-il d'importantes répercussions sur le personnel, que ce soit en termes de nombre ou de rôle?",,
16,0.8a1,projectAuthority1,projectAuthority,Project Authority,Autorité de projet,5,projectAuthorityPanel-RS,RS,raw,,radiogroup,N,,2,2,Will you require new policy authority for this project?,Aurez-vous besoin d'une nouvelle autorisation en termes de politiques pour ce projet ?,,
17,0.8a1,aboutSystem1,aboutSystem,About The System,À propos du système,6,aboutSystemPanel-NS,NS,none,,checkbox,N,,6,1,Please check which of the following capabilities apply to your system.,Veuillez indiquer laquelle des capacités suivantes s'applique à votre système.,,
18,0.8a1,aboutSystem2,aboutSystem,About The System,À propos du système,6,aboutSystemPanel-NS,NS,none,,comment,N,"{aboutSystem1} contains [""item6-1""]",0,0,Please describe,S'il vous plait décrire,,
19,0.8a1,aboutAlgorithm1,aboutAlgorithm,About the Algorithm,À propos de l'algorithme,7,aboutAlgorithmPanel-RS,RS,raw,,radiogroup,N,,2,3,The algorithm used will be a (trade) secret,L'algorithme utilisé sera un secret (commercial),,
20,0.8a1,aboutAlgorithm2,aboutAlgorithm,About the Algorithm,À propos de l'algorithme,7,aboutAlgorithmPanel-RS,RS,raw,,radiogroup,N,,2,3,The algorithmic process will be difficult to interpret or to explain,Le processus algorithmique sera difficile à interpréter ou à expliquer,,
21,0.8a1,decisionSector1,decisionSector,About The Decision,À propos de la décision,8,decisionSectorPanel-RS,RS,raw,,checkbox,N,,6,6,Does the decision pertain to any of the categories below (check all that apply):,La décision s'applique-t-elle à l'une ou l'autre des catégories ci-dessous (*Cochez toutes les réponses qui s'appliquent) :,,
22,0.8a1,decisionSector2,decisionSector,About The Decision,À propos de la décision,8,decisionSectorPanel-RS,RS,raw,,comment,N,"{decisionSector1} contains [""item6-1""]",0,0,Please describe,S'il vous plait décrire,,
23,0.8a1,impact1,impact,Impact Assessment,Évaluation de l'incidence,9,impactPanel-RS,RS,raw,,radiogroup,N,,2,1,Will the system only be used to assist a decision-maker?,Le système automatisera-t-il ou remplacera-t-il les décisions humaines qui exigent du jugement ou de la discrétion?,,
24,0.8a1,impact2,impact,Impact Assessment,Évaluation de l'incidence,9,impactPanel-RS,RS,raw,,radiogroup,N,,2,3,Will the system be replacing a decision that would otherwise be made by a human?,Le système automatisera-t-il ou remplacera-t-il les décisions humaines qui exigent du jugement ou de la discrétion?,,
25,0.8a1,impact3,impact,Impact Assessment,Évaluation de l'incidence,9,impactPanel-RS,RS,raw,,radiogroup,N,,2,4,Will the system be replacing human decisions that require judgement or discretion?,Le système automatisera-t-il ou remplacera-t-il les décisions humaines qui exigent du jugement ou de la discrétion?,,
26,0.8a1,impact4,impact,Impact Assessment,Évaluation de l'incidence,9,impactPanel-RS,RS,raw,,comment,N,"{impact3} contains [""item1-4""]",0,0,Please describe the decision(s) that will be automated,Veuillez décrire la ou les décisions qui seront automatisées,,
27,0.8a1,impact5,impact,Impact Assessment,Évaluation de l'incidence,9,impactPanel-RS,RS,raw,,radiogroup,N,,2,4,Is the system used by a different part of the organization than the ones who developed it?,Le système est-il utilisé par une partie de l’organisation différente de celle à laquelle appartiennent ceux qui l’ont développé?,,
28,0.8a1,impact6,impact,Impact Assessment,Évaluation de l'incidence,9,impactPanel-RS,RS,raw,,dropdown,N,,4,4,Are the impacts resulting from the decision reversible?,Les incidences découlant de la décision sont-elles réversibles?,,
29,0.8a1,impact7,impact,Impact Assessment,Évaluation de l'incidence,9,impactPanel-RS,RS,raw,,dropdown,N,,4,4,How long will impacts from the decision last?,Combien de temps les incidences de la décision dureront-elles?,,
30,0.8a1,impact8,impact,Impact Assessment,Évaluation de l'incidence,9,impactPanel-RS,RS,raw,,comment,N,,0,0,Please describe why the impacts resulting from the decision are as per selected option above.,Veuillez indiquer pour quelle raison les incidences découlant de la décision sont (selon l’option sélectionnée ci-dessus). ,,
31,0.8a1,impact9,impact,Impact Assessment,Évaluation de l'incidence,9,impactPanel-RS,RS,raw,,dropdown,N,,4,2,The impacts that the decision will have on the rights or freedoms of individuals will likely be:,Les incidences de la décision sur les droits ou libertés des personnes seront probablement les suivantes :,,
32,0.8a1,impact10,impact,Impact Assessment,Évaluation de l'incidence,9,impactPanel-RS,RS,raw,,comment,N,,0,0,Please describe why the impacts resulting from the decision are (as per selected option above).,Veuillez indiquer pour quelle raison les incidences découlant de la décision sont (selon l’option sélectionnée ci-dessus).,,
33,0.8a1,impact11,impact,Impact Assessment,Évaluation de l'incidence,9,impactPanel-RS,RS,raw,,dropdown,N,,4,4,The impacts that the decision will have on the health and well-being of individuals will likely be:,Les incidences de la décision sur la santé et le bien-être des personnes seront probablement les suivantes :,,
34,0.8a1,impact12,impact,Impact Assessment,Évaluation de l'incidence,9,impactPanel-RS,RS,raw,,comment,N,,0,0,Please describe why the impacts resulting from the decision are (as per selected option above),Veuillez indiquer pour quelle raison les incidences découlant de la décision sont (selon l’option sélectionnée ci-dessus).,,
35,0.8a1,impact13,impact,Impact Assessment,Évaluation de l'incidence,9,impactPanel-RS,RS,raw,,dropdown,N,,4,4,The impacts that the decision will have on the economic interests of individuals will likely be:,Les incidences de la décision sur les intérêts économiques des personnes seront probablement les suivantes :,,
36,0.8a1,impact14,impact,Impact Assessment,Évaluation de l'incidence,9,impactPanel-RS,RS,raw,,comment,N,,0,0,Please describe why the impacts resulting from the decision are (as per selected option above),Veuillez indiquer pour quelle raison les incidences découlant de la décision sont (selon l’option sélectionnée ci-dessus).,,
37,0.8a1,impact15,impact,Impact Assessment,Évaluation de l'incidence,9,impactPanel-RS,RS,raw,,dropdown,N,,4,4,"The impacts that the decision will have on the ongoing sustainability of an environmental ecosystem, will likely be:",Les incidences de la décision sur la pérennité d’un écosystème environnemental seront probablement les suivantes :,,
38,0.8a1,impact16,impact,Impact Assessment,Évaluation de l'incidence,9,impactPanel-RS,RS,raw,,comment,N,,0,0,Please describe why the impacts resulting from the decision are (as per selected option above),Veuillez indiquer pour quelle raison les incidences découlant de la décision sont (selon l’option sélectionnée ci-dessus).,,
39,0.8a1,aboutDataSource1,aboutData,About The Data,À propos des données,10,aboutDataSourcePanel-RS,RS,raw,,radiogroup,N,,2,4,Will the Automated Decision System use personal information as input data?,Le système de décision automatisé utilisera-t-il des renseignements personnels comme données d’entrée?,,
40,0.8a1,aboutDataSource2,aboutData,About The Data,À propos des données,10,aboutDataSourcePanel-RS,RS,raw,,dropdown,N,,5,4,What is the highest security classification of the input data used by the system? (Select one),Quelle est la classification de sécurité la plus élevée des données d’entrée utilisées par le système? (N’en choisir qu’une seule),,
41,0.8a1,aboutDataSource3,aboutData,About The Data,À propos des données,10,aboutDataSourcePanel-RS,RS,raw,,dropdown,N,,4,3,Who controls the data?,Qui contrôle les données?,,
42,0.8a1,aboutDataSource4,aboutData,About The Data,À propos des données,10,aboutDataSourcePanel-RS,RS,raw,,radiogroup,N,,2,4,Will the system use data from multiple different sources?,Les données utilisées par le système proviendront-elles de plusieurs sources différentes?,,
43,0.8a1,aboutDataSource5,aboutData,About The Data,À propos des données,10,aboutDataSourcePanel-RS,RS,raw,,radiogroup,N,,2,4,"Will the system require input data from an Internet- or telephony-connected device? (e.g. Internet of Things, sensor)","Le système aura-t-il besoin de données d’entrée provenant d’un appareil connecté à Internet ou à la téléphonie? (P. ex., internet des objets, un Capteur)",,
44,0.8a1,aboutDataSource6,aboutData,About The Data,À propos des données,10,aboutDataSourcePanel-RS,RS,raw,,radiogroup,N,,2,4,Will the system interface with other IT systems?,Le système interagira-t-il avec d’autres systèmes des TI?,,
45,0.8a1,aboutDataSource7,aboutData,About The Data,À propos des données,10,aboutDataSourcePanel-RS,RS,raw,,dropdown,N,,4,4,Who collected the data used for training the system?,Qui a recueilli les données utilisées pour préparer le système? ,,
46,0.8a1,aboutDataSource8,aboutData,About The Data,À propos des données,10,aboutDataSourcePanel-RS,RS,raw,,dropdown,N,,4,4,Who collected the input data used by the system?,Qui a recueilli les données d’entrée utilisées par le système?,,
47,0.8a1,aboutDataType1,aboutData,About The Data,À propos des données,10,aboutDataTypePanel-RS,RS,raw,,radiogroup,N,,2,0,Will the system require the analysis of unstructured data to render a recommendation or a decision?,Le système exigera-t-il l’analyse de données non structurées pour faire une recommandation ou prendre une décision?,,
48,0.8a1,aboutDataType2,aboutData,About The Data,À propos des données,10,aboutDataTypePanel-RS,RS,raw,,checkbox,N,"{aboutDataType1} = ""item1""",2,6,What types of unstructured data? (Check all that apply),De quel type de données non structurées s’agit-il (Cochez toutes les réponses qui s’appliquent)?,,
49,0.8a1,consultationDesign1,consultationDesign,Consultations,,11,consultationDesignPanel-MS,MS,mitigation,design,radiogroup,N,,2,1,"Internal Stakeholders (Strategic policy and planning, Data Governance, Program Policy, etc.)","Intervenants internes (politique et planification stratégiques, gouvernance des données, politique du programme, etc.)",,
50,0.8a1,consultationDesign2-NS,consultationDesign,Consultations,,11,consultationDesignPanel-MS,MS,mitigation,design,checkbox,N,"{consultationDesign1} = ""item1-1""",7,0,Which Internal Stakeholders will you be engaging?,Quels intervenants internes allez-vous consulter?,,
51,0.8a1,consultationDesign3,consultationDesign,Consultations,,11,consultationDesignPanel-MS,MS,mitigation,design,radiogroup,N,,2,1,"External Stakeholders (Civil Society, Academia, Industry, etc.)","Intervenants externes (société civile, universités, industrie, etc.)",,
52,0.8a1,consultationDesign4-NS,consultationDesign,Consultations,,11,consultationDesignPanel-MS,MS,mitigation,design,checkbox,N,"{consultationDesign3} = ""item1-1""",3,0,Which External Stakeholders will you be engaging?,Quels intervenants externes allez-vous consulter?,,
53,0.8a1,consultationImplementation1,consultationImplementation,Consultations,,12,consultationImplementationPanel-MS,MS,mitigation,implementation,radiogroup,N,,2,1,"Internal Stakeholders (Strategic policy and planning, Data Governance, Program Policy, etc.)","Intervenants internes (politique et planification stratégiques, gouvernance des données, politique du programme, etc.)",,
54,0.8a1,consultationImplementation2-NS,consultationImplementation,Consultations,,12,consultationImplementationPanel-MS,MS,mitigation,implementation,checkbox,N,"{consultationImplementation1} = ""item1-1""",7,0,Which Internal Stakeholders have you engaged?,Quels intervenants internes avez-vous consulté?,,
55,0.8a1,consultationImplementation3,consultationImplementation,Consultations,,12,consultationImplementationPanel-MS,MS,mitigation,implementation,radiogroup,N,,2,1,"External Stakeholders (Civil Society, Academia, Industry, etc.)","Intervenants externes (société civile, universités, industrie, etc.)",,
56,0.8a1,consultationImplementation4-NS,consultationImplementation,Consultations,,12,consultationImplementationPanel-MS,MS,mitigation,implementation,checkbox,N,"{consultationImplementation3} = ""item1-1""",3,0,Which External Stakeholders have you engaged?,Quels intervenants externes avez-vous consulté?,,
57,0.8a1,dataQualityDesign1,dataQualityDesign,De-Risking And Mitigation Measures,Élimination des risques et mesure d'atténuation,13,dataQualityDesignPanel-MS,MS,mitigation,design,radiogroup,N,,2,2,"Will you have documented processes in place to test datasets against biases and other unexpected outcomes? This could include experience in applying frameworks, methods, guidelines or other assessment tools.","Disposerez-vous de processus documentés pour tester les jeux de données en fonction de biais et d’autres résultats inattendus? Par exemple, ceci pourrait inclure une expérience dans l’application de cadres, de méthodes, de lignes directrices ou d’outils d’évaluation.",,
58,0.8a1,dataQualityDesign2,dataQualityDesign,De-Risking And Mitigation Measures,Élimination des risques et mesure d'atténuation,13,dataQualityDesignPanel-MS,MS,mitigation,design,radiogroup,N,"{dataQualityDesign1} = ""item1-2""",2,1,Will you be making this information publicly available?,Allez-vous rendre cette information disponible publiquement?,,
59,0.8a1,dataQualityDesign3,dataQualityDesign,De-Risking And Mitigation Measures,Élimination des risques et mesure d'atténuation,13,dataQualityDesignPanel-MS,MS,mitigation,design,radiogroup,N,,2,1,Will you be developing a process to document how data quality issues were resolved during the design process?,Allez-vous élaborer un processus permettant de documenter la façon dont les problèmes de qualité des données qui seront résolus pendant le processus de conception?,,
60,0.8a1,dataQualityDesign4,dataQualityDesign,De-Risking And Mitigation Measures,Élimination des risques et mesure d'atténuation,13,dataQualityDesignPanel-MS,MS,mitigation,design,radiogroup,N,,2,1,Will you be making this information publicly available?,Allez-vous rendre cette information disponible publiquement?,,
61,0.8a1,dataQualityDesign5,dataQualityDesign,De-Risking And Mitigation Measures,Élimination des risques et mesure d'atténuation,13,dataQualityDesignPanel-MS,MS,mitigation,design,radiogroup,N,,2,1,Will you undertake a Gender Based Analysis Plus of the data?,Entreprendrez-vous une analyse comparative entre les sexes plus des données?,,
62,0.8a1,dataQualityDesign6,dataQualityDesign,De-Risking And Mitigation Measures,Élimination des risques et mesure d'atténuation,13,dataQualityDesignPanel-MS,MS,mitigation,design,radiogroup,N,,2,1,Will you be making this information publicly available?,Allez-vous rendre cette information disponible publiquement?,,
63,0.8a1,dataQualityDesign7,dataQualityDesign,De-Risking And Mitigation Measures,Élimination des risques et mesure d'atténuation,13,dataQualityDesignPanel-MS,MS,mitigation,design,radiogroup,N,,2,2,"Have you assigned accountability in your institution for the design, development, maintenance, and improvement of the system?","Dans votre établissement, existe-t-il des responsables de la conception, du développement, de la maintenance et de l’amélioration du système?",,
64,0.8a1,dataQualityDesign8,dataQualityDesign,De-Risking And Mitigation Measures,Élimination des risques et mesure d'atténuation,13,dataQualityDesignPanel-MS,MS,mitigation,design,radiogroup,N,,2,2,Will you have a documented process to manage the risk that outdated or unreliable data is used to make an automated decision?,Disposerez-vous d'un processus documenté pour gérer le risque que des données périmées ou non fiables soient utilisées pour prendre une décision automatisée?,,
65,0.8a1,dataQualityDesign9,dataQualityDesign,De-Risking And Mitigation Measures,Élimination des risques et mesure d'atténuation,13,dataQualityDesignPanel-MS,MS,mitigation,design,radiogroup,N,,2,1,Will you be making this information publicly available?,Allez-vous rendre cette information disponible publiquement?,,
66,0.8a1,dataQualityDesign10,dataQualityDesign,De-Risking And Mitigation Measures,Élimination des risques et mesure d'atténuation,13,dataQualityDesignPanel-MS,MS,mitigation,design,radiogroup,N,,2,2,Will the data used for this system be posted on the Open Government Portal?,Les données utilisées pour ce système seront-elles affichées sur la portail du gouvernement ouvert?,,
67,0.8a1,dataQualityImplementation1,dataQualityImplementation,De-Risking And Mitigation Measures,Élimination des risques et mesure d'atténuation,14,dataQualityImplementationPanel-MS,MS,mitigation,implementation,radiogroup,N,,2,2,"Do you have documented processes in place to test datasets against biases and other unexpected outcomes? This could include experience in applying frameworks, methods, guidelines or other assessment tools.","Disposez-vous de processus documentés pour tester les jeux de données en fonction de biais et d’autres résultats inattendus? Par exemple, ceci pourrait inclure une expérience dans l’application de cadres, de méthodes, de lignes directrices ou d’outils d’évaluation.",,
68,0.8a1,dataQualityImplementation2,dataQualityImplementation,De-Risking And Mitigation Measures,Élimination des risques et mesure d'atténuation,14,dataQualityImplementationPanel-MS,MS,mitigation,implementation,radiogroup,N,,2,1,Is this information publicly available?,Cette information est-elle publiquement disponible?,,
69,0.8a1,dataQualityImplementation3,dataQualityImplementation,De-Risking And Mitigation Measures,Élimination des risques et mesure d'atténuation,14,dataQualityImplementationPanel-MS,MS,mitigation,implementation,radiogroup,N,,2,1,Have you developed a process to document how data quality issues were resolved during the design process?,Avez-vous élaboré un processus permettant de documenter la façon dont les problèmes de qualité des données qui seront résolus pendant le processus de conception?,,
70,0.8a1,dataQualityImplementation4,dataQualityImplementation,De-Risking And Mitigation Measures,Élimination des risques et mesure d'atténuation,14,dataQualityImplementationPanel-MS,MS,mitigation,implementation,radiogroup,N,,2,1,Is this information publicly available?,Cette information est-elle publiquement disponible?,,
71,0.8a1,dataQualityImplementation5,dataQualityImplementation,De-Risking And Mitigation Measures,Élimination des risques et mesure d'atténuation,14,dataQualityImplementationPanel-MS,MS,mitigation,implementation,radiogroup,N,,2,1,Have you undertaken a Gender Based Analysis Plus of the data?,Avez-vous entrepris une analyse comparative entre les sexes plus des données?,,
72,0.8a1,dataQualityImplementation6,dataQualityImplementation,De-Risking And Mitigation Measures,Élimination des risques et mesure d'atténuation,14,dataQualityImplementationPanel-MS,MS,mitigation,implementation,radiogroup,N,,2,1,Is this information publicly available?,Cette information est-elle publiquement disponible?,,
73,0.8a1,dataQualityImplementation7,dataQualityImplementation,De-Risking And Mitigation Measures,Élimination des risques et mesure d'atténuation,14,dataQualityImplementationPanel-MS,MS,mitigation,implementation,radiogroup,N,,2,2,"Have you assigned accountability in your institution for the design, development, maintenance, and improvement of the system?","Dans votre établissement, existe-t-il des responsables de la conception, du développement, de la maintenance et de l’amélioration du système?",,
74,0.8a1,dataQualityImplementation8,dataQualityImplementation,De-Risking And Mitigation Measures,Élimination des risques et mesure d'atténuation,14,dataQualityImplementationPanel-MS,MS,mitigation,implementation,radiogroup,N,,2,2,Do you have a documented process to manage the risk that outdated or unreliable data is used to make an automated decision?,Disposez-vous d'un processus documenté pour gérer le risque que des données périmées ou non fiables soient utilisées pour prendre une décision automatisée?,,
75,0.8a1,dataQualityImplementation9,dataQualityImplementation,De-Risking And Mitigation Measures,Élimination des risques et mesure d'atténuation,14,dataQualityImplementationPanel-MS,MS,mitigation,implementation,radiogroup,N,,2,1,Is this information publicly available?,Cette information est-elle publiquement disponible?,,
76,0.8a1,dataQualityImplementation10,dataQualityImplementation,De-Risking And Mitigation Measures,Élimination des risques et mesure d'atténuation,14,dataQualityImplementationPanel-MS,MS,mitigation,implementation,radiogroup,N,,2,2,Is the data used for this system posted on the Open Government Portal?,Les données utilisées pour ce système seront-elles affichées sur la portail du gouvernement ouvert?,,
77,0.8a1,fairnessDesign1,fairnessDesign,De-Risking And Mitigation Measures,Élimination des risques et mesure d'atténuation,15,fairnessDesignPanel-MS,MS,mitigation,design,radiogroup,N,,2,1,Will the audit trail identify the authority or delegated authority identified in legislation?,La piste de vérification permettra-t-elle de déterminer les pouvoirs ou les pouvoirs délégués prévus par la lois?,,
78,0.8a1,fairnessDesign2,fairnessDesign,De-Risking And Mitigation Measures,Élimination des risques et mesure d'atténuation,15,fairnessDesignPanel-MS,MS,mitigation,design,radiogroup,N,,2,2,Will the system provide an audit trail that records all the recommendations or decisions made by the system?,Le système fournira-t-il une piste de vérification qui enregistre toutes les recommandations ou décisions prises par le système?,,
79,0.8a1,fairnessDesign3,fairnessDesign,De-Risking And Mitigation Measures,Élimination des risques et mesure d'atténuation,15,fairnessDesignPanel-MS,MS,mitigation,design,radiogroup,N,,2,2,Will all the key decision points identifiable in audit trail?,Pourra-t-on identifier tous les points de décision clés dans la piste de vérification?,,
80,0.8a1,fairnessDesign4,fairnessDesign,De-Risking And Mitigation Measures,Élimination des risques et mesure d'atténuation,15,fairnessDesignPanel-MS,MS,mitigation,design,radiogroup,N,,2,1,"Will all key decision points within the automated system's logic be linked to the relevant legislation, policy or procedure?","Est-ce que toutes les décisions clés seront liées à une législation, politique ou à une procédure pertinente?",,
81,0.8a1,fairnessDesign5,fairnessDesign,De-Risking And Mitigation Measures,Élimination des risques et mesure d'atténuation,15,fairnessDesignPanel-MS,MS,mitigation,design,radiogroup,N,,2,2,Will you maintain a log detailing all of the changes made to the model and the system?,Tiendrez-vous un journal détaillant toutes les modifications apportées au modèle et au système?,,
82,0.8a1,fairnessDesign6,fairnessDesign,De-Risking And Mitigation Measures,Élimination des risques et mesure d'atténuation,15,fairnessDesignPanel-MS,MS,mitigation,design,radiogroup,N,,2,1,Will the audit trail clearly set out all decision points made by the system?,La piste de vérification indiquera-t-elle clairement tous les points de décision prise par le système?,,
83,0.8a1,fairnessDesign7,fairnessDesign,De-Risking And Mitigation Measures,Élimination des risques et mesure d'atténuation,15,fairnessDesignPanel-MS,MS,mitigation,design,radiogroup,N,,2,1,Could the audit trail generated by the system be used to help generate a notification of the decision (including a statement of reasons or other notification) where required?,La piste de vérification générée par le système pourrait-elle être utilisée pour aider à produire une notification de la décision (y compris un énoncé des motifs ou une autre notification) au besoin?,,
84,0.8a1,fairnessDesign8,fairnessDesign,De-Risking And Mitigation Measures,Élimination des risques et mesure d'atténuation,15,fairnessDesignPanel-MS,MS,mitigation,design,radiogroup,N,,2,2,Will the audit trail identify precisely which version of the system was used for each decision it supports?,La piste de vérification permettra-t-elle de déterminer précisément quelle version du système a été utilisée pour chaque décision qu'elle appuie?,,
85,0.8a1,fairnessDesign9,fairnessDesign,De-Risking And Mitigation Measures,Élimination des risques et mesure d'atténuation,15,fairnessDesignPanel-MS,MS,mitigation,design,radiogroup,N,,2,1,Will the audit trail show who the authorized decision-maker is?,La piste de vérification indiquera-t-elle qui est le décideur autorisé?,,
86,0.8a1,fairnessDesign10,fairnessDesign,De-Risking And Mitigation Measures,Élimination des risques et mesure d'atténuation,15,fairnessDesignPanel-MS,MS,mitigation,design,radiogroup,N,,2,2,Will the system be able to produce reasons for its decisions or recommendations when required?,Le système sera-t-il en mesure de justifier ses décisions ou ses recommandations au besoin?,,
87,0.8a1,fairnessDesign11,fairnessDesign,De-Risking And Mitigation Measures,Élimination des risques et mesure d'atténuation,15,fairnessDesignPanel-MS,MS,mitigation,design,radiogroup,N,,2,1,"Will there be a process in place to grant, monitor, and revoke access permission to the system?","Y aura-t-il un processus en place pour accorder, surveiller et révoquer l'autorisation d'accès au système?",,
88,0.8a1,fairnessDesign12,fairnessDesign,De-Risking And Mitigation Measures,Élimination des risques et mesure d'atténuation,15,fairnessDesignPanel-MS,MS,mitigation,design,radiogroup,N,,2,1,Will there be a mechanism to capture feedback by users of the system?,Y aura-t-il un mécanisme pour recueillir les commentaires des utilisateurs du système?,,
89,0.8a1,fairnessDesign13,fairnessDesign,De-Risking And Mitigation Measures,Élimination des risques et mesure d'atténuation,15,fairnessDesignPanel-MS,MS,mitigation,design,radiogroup,N,,2,2,Will there be a recourse process planned or established for clients that wish to challenge the decision?,Y aura-t-il un processus de recours prévu ou établi pour les clients qui souhaitent contester la décision?,,
90,0.8a1,fairnessDesign14,fairnessDesign,De-Risking And Mitigation Measures,Élimination des risques et mesure d'atténuation,15,fairnessDesignPanel-MS,MS,mitigation,design,radiogroup,N,,2,2,Will the system enable human override of system decisions?,Le système permettra-t-il à une personne de passer outre aux décisions du système?,,
91,0.8a1,fairnessDesign15,fairnessDesign,De-Risking And Mitigation Measures,Élimination des risques et mesure d'atténuation,15,fairnessDesignPanel-MS,MS,mitigation,design,radiogroup,N,,2,1,Will there be a process in place to log the instances when overrides were performed?,Y aura-t-il un processus en place pour consigner les cas où des dérogations ont été effectuées?,,
92,0.8a1,fairnessDesign16,fairnessDesign,De-Risking And Mitigation Measures,Élimination des risques et mesure d'atténuation,15,fairnessDesignPanel-MS,MS,mitigation,design,radiogroup,N,,2,2,Will the audit trail include change control processes to record modifications to the system's operation or performance?,La piste de vérification comprendra-t-elle des processus pour enregistrer les modifications apportées au fonctionnement ou au rendement du système?,,
93,0.8a1,fairnessDesign17,fairnessDesign,De-Risking And Mitigation Measures,Élimination des risques et mesure d'atténuation,15,fairnessDesignPanel-MS,MS,mitigation,design,radiogroup,N,,2,1,Will you prepared a concept case to the Government of Canada Enterprise Architecture Review Board?,Avez-vous préparé un dossier conceptuel à l'intention du Comité d'examen de l'architecture d'entreprise du gouvernement du Canada?,,
94,0.8a1,fairnessImplementation1,fairnessImplementation,De-Risking And Mitigation Measures,Élimination des risques et mesure d'atténuation,16,fairnessImplementationPanel-MS,MS,mitigation,implementation,radiogroup,N,,2,1,Does the audit trail identify the authority or delegated authority identified in legislation?,La piste de vérification permet-elle de déterminer les pouvoirs ou les pouvoirs délégués prévus par la lois?,,
95,0.8a1,fairnessImplementation2,fairnessImplementation,De-Risking And Mitigation Measures,Élimination des risques et mesure d'atténuation,16,fairnessImplementationPanel-MS,MS,mitigation,implementation,radiogroup,N,,2,2,Does the system provide an audit trail that records all the recommendations or decisions made by the system?,Le système fournit-il une piste de vérification qui enregistre toutes les recommandations ou décisions prises par le système?,,
96,0.8a1,fairnessImplementation3,fairnessImplementation,De-Risking And Mitigation Measures,Élimination des risques et mesure d'atténuation,16,fairnessImplementationPanel-MS,MS,mitigation,implementation,radiogroup,N,,2,2,Are all key decision points identifiable in audit trail?,Est-ce que tous les points de décision clés peuvent être identifiés dans la piste de vérification?,,
97,0.8a1,fairnessImplementation4,fairnessImplementation,De-Risking And Mitigation Measures,Élimination des risques et mesure d'atténuation,16,fairnessImplementationPanel-MS,MS,mitigation,implementation,radiogroup,N,,2,1,"Are all key decision points within the automated system's logic linked to the relevant legislation, policy or procedures?","Est-ce que toutes les décisions clés sont liées à une législation, politique ou à une procédure pertinente?",,
98,0.8a1,fairnessImplementation5,fairnessImplementation,De-Risking And Mitigation Measures,Élimination des risques et mesure d'atténuation,16,fairnessImplementationPanel-MS,MS,mitigation,implementation,radiogroup,N,,2,2,Do you maintain a current and up to date log detailing all of the changes made to the model and the system?,Avez-vous un journal détaillant toutes les modifications apportées au modèle et au système?,,
99,0.8a1,fairnessImplementation6,fairnessImplementation,De-Risking And Mitigation Measures,Élimination des risques et mesure d'atténuation,16,fairnessImplementationPanel-MS,MS,mitigation,implementation,radiogroup,N,,2,1,Does the system's audit trail indicate all of decision points made by the system?,,,
100,0.8a1,fairnessImplementation7,fairnessImplementation,De-Risking And Mitigation Measures,Élimination des risques et mesure d'atténuation,16,fairnessImplementationPanel-MS,MS,mitigation,implementation,radiogroup,N,,2,1,Can the audit trail generated by the system be used to help generate a notification of the decision (including a statement of reasons or other notifications) where required?,La piste de vérification générée par le système peut-elle être utilisée pour aider à produire une notification de la décision (y compris un énoncé des motifs ou une autre notification) au besoin?,,
101,0.8a1,fairnessImplementation8,fairnessImplementation,De-Risking And Mitigation Measures,Élimination des risques et mesure d'atténuation,16,fairnessImplementationPanel-MS,MS,mitigation,implementation,radiogroup,N,,2,2,Does the audit trail identify precisely which version of the system was used for each decision it supports?,La piste de vérification permet-elle de déterminer précisément quelle version du système a été utilisée pour chaque décision qu'elle appuie?,,
102,0.8a1,fairnessImplementation9,fairnessImplementation,De-Risking And Mitigation Measures,Élimination des risques et mesure d'atténuation,16,fairnessImplementationPanel-MS,MS,mitigation,implementation,radiogroup,N,,2,1,Does the audit trail show who an authorized decision-maker is?,La piste de vérification indique-t-elle qui est le décideur autorisé?,,
103,0.8a1,fairnessImplementation10,fairnessImplementation,De-Risking And Mitigation Measures,Élimination des risques et mesure d'atténuation,16,fairnessImplementationPanel-MS,MS,mitigation,implementation,radiogroup,N,,2,2,Is the system able to produce reasons for its decisions or recommendations when required?,Le système est-il en mesure de justifier ses décisions ou ses recommandations au besoin?,,
104,0.8a1,fairnessImplementation11,fairnessImplementation,De-Risking And Mitigation Measures,Élimination des risques et mesure d'atténuation,16,fairnessImplementationPanel-MS,MS,mitigation,implementation,radiogroup,N,,2,1,"Is there a process in place to grant, monitor, and revoke access permission to the system?","Avez-vous un processus en place pour accorder, surveiller et révoquer l'autorisation d'accès au système?",,
105,0.8a1,fairnessImplementation12,fairnessImplementation,De-Risking And Mitigation Measures,Élimination des risques et mesure d'atténuation,16,fairnessImplementationPanel-MS,MS,mitigation,implementation,radiogroup,N,,2,1,Is there a mechanism to capture feedback by users of the system?,Avez-vous un mécanisme pour recueillir les commentaires des utilisateurs du système?,,
106,0.8a1,fairnessImplementation13,fairnessImplementation,De-Risking And Mitigation Measures,Élimination des risques et mesure d'atténuation,16,fairnessImplementationPanel-MS,MS,mitigation,implementation,radiogroup,N,,2,2,Is there a recourse process established for clients that wish to challenge the decision?,Avez-vous un processus de recours prévu ou établi pour les clients qui souhaitent contester la décision?,,
107,0.8a1,fairnessImplementation14,fairnessImplementation,De-Risking And Mitigation Measures,Élimination des risques et mesure d'atténuation,16,fairnessImplementationPanel-MS,MS,mitigation,implementation,radiogroup,N,,2,2,Does the system enable human override of system decisions?,Le système permet-il à une personne de passer outre aux décisions du système?,,
108,0.8a1,fairnessImplementation15,fairnessImplementation,De-Risking And Mitigation Measures,Élimination des risques et mesure d'atténuation,16,fairnessImplementationPanel-MS,MS,mitigation,implementation,radiogroup,N,,2,1,Is there a process in place to log the instances when overrides were performed?,Avez-vous un processus en place pour consigner les cas où des dérogations ont été effectuées?,,
109,0.8a1,fairnessImplementation16,fairnessImplementation,De-Risking And Mitigation Measures,Élimination des risques et mesure d'atténuation,16,fairnessImplementationPanel-MS,MS,mitigation,implementation,radiogroup,N,,2,2,Does the system's audit trail include change control processes to record modifications to the system's operation or performance?,Avez-vous des processus en place pour enregistrer les modifications apportées au fonctionnement ou au rendement du système?,,
110,0.8a1,fairnessImplementation17,fairnessImplementation,De-Risking And Mitigation Measures,Élimination des risques et mesure d'atténuation,16,fairnessImplementationPanel-MS,MS,mitigation,implementation,radiogroup,N,,2,1,Have you prepared a concept case to the Government of Canada Enterprise Architecture Review Board?,Avez-vous préparé un dossier conceptuel à l'intention du Comité d'examen de l'architecture d'entreprise du gouvernement du Canada?,,
111,0.8a1,privacyDesign1,privacyDesign,De-Risking And Mitigation Measures,Élimination des risques et mesure d'atténuation,17,privacyDesignPanel-MS,MS,mitigation,design,radiogroup,N,,2,1,"Will you need to undertake a Privacy Impact Assessment, or revise an existing one?",Devrez-vous entreprendre une évaluation des facteurs relatifs à la vie privée ou réviser une évaluation existante??,,
112,0.8a1,privacyDesign2,privacyDesign,De-Risking And Mitigation Measures,Élimination des risques et mesure d'atténuation,17,privacyDesignPanel-MS,MS,mitigation,design,radiogroup,N,,2,1,Will your system reflect Privacy by Design principles?,Votre système tiendra-t-il compte des principes de la 'Protection de la vie privée dès la conception'?,,
113,0.8a1,privacyImplementation1,privacyImplementation,De-Risking And Mitigation Measures,Élimination des risques et mesure d'atténuation,18,privacyImplementationPanel-MS,MS,mitigation,implementation,radiogroup,N,,2,1,Have you completed a Privacy Impact Assessment or revised an existing one?,Avez-vous entrepris une évaluation des facteurs relatifs à la vie privée ou révisé une évaluation existante?,,
114,0.8a1,privacyImplementation2,privacyImplementation,De-Risking And Mitigation Measures,Élimination des risques et mesure d'atténuation,18,privacyImplementationPanel-MS,MS,mitigation,implementation,radiogroup,N,,2,1,Does your system reflect Privacy by Design principles?,Votre système reflète-t-il les principes de la 'Protection de la vie privée dès la conception'?,,
1,0.6,projectDetailsRespondent,projectDetails,Project Details,Détails du projet,2,projectDetailsPanel-NS,NS,none,,text,N,,0,0,Name of Respondent,Nom de la personne sondée,The name of the respondant is the name of the person that answers the questions.,Le nom de la personne répondant aux questions.
2,0.6,projectDetailsJob,projectDetails,Project Details,Détails du projet,2,projectDetailsPanel-NS,NS,none,,text,N,,0,0,Job Title,Titre du poste,,
3,0.6,projectDetailsDepartment-NS,projectDetails,Project Details,Détails du projet,2,projectDetailsPanel-NS,NS,none,,dropdown,N,,101,0,Department,Ministère,,
4,0.6,projectDetailsBranch,projectDetails,Project Details,Détails du projet,2,projectDetailsPanel-NS,NS,none,,text,N,,0,0,Branch,Direction,,
5,0.6,projectDetailsTitle,projectDetails,Project Details,Détails du projet,2,projectDetailsPanel-NS,NS,none,,text,N,,0,0,Project Title,Titre du projet,,
6,0.6,projectDetailsID,projectDetails,Project Details,Détails du projet,2,projectDetailsPanel-NS,NS,none,,text,N,,0,0,Project ID from IT Plan,Identifiant du projet provenant du Plan TI,,
7,0.6,projectDetailsProgram,projectDetails,Project Details,Détails du projet,2,projectDetailsPanel-NS,NS,none,,text,N,,0,0,Departmental Program (from Department Results Framework),Programme ministériel (Cadre ministériel des résultats,,
8,0.6,projectDetailsPhase,projectDetails,Project Details,Détails du projet,2,projectDetailsPanel-NS,NS,none,,radiogroup,Y,,2,0,Project Phase,Phase du projet,,
9,0.6,projectDetailsDescription,projectDetails,Project Details,Détails du projet,2,projectDetailsPanel-NS,NS,none,,comment,N,,0,0,Please provide a project description:,Veuillez fournir une description du projet :,,
10,0.6,businessDrivers1,businessDrivers,Business Driver / Positive Impact,Facteur opérationnel / Incidence positive,3,businessDriversPanel-NS,NS,none,,checkbox,N,,6,0,What is motivating your team to introduce automation into this decision-making process? (Check all that apply),Qu'est-ce qui motive votre équipe à introduire l'automatisation dans ce processus décisionnel? (Cochez toutes les réponses qui s'appliquent.),,
11,0.6,motivation-other,businessDrivers,Business Driver / Positive Impact,Facteur opérationnel / Incidence positive,3,businessDriversPanel-NS,NS,none,,comment,N,"{businessDrivers1} contains [""item6-1""]",0,0,Please describe,S'il vous plait décrire,,
12,0.6,riskProfile1,riskProfile,Risk Profile,Profil de risque,4,riskProfilePanel-RS,RS,raw,,radiogroup,N,,2,3,Is the project within an area of intense public scrutiny (e.g. because of privacy concerns) and/or frequent litigation?,Le projet fait-il l'objet d'un examen public approfondi (e.g.: en raison de préoccupations liées à la protection de la vie privée) et/ou de litiges fréquents?,,
13,0.6,riskProfile2,riskProfile,Risk Profile,Profil de risque,4,riskProfilePanel-RS,RS,raw,,radiogroup,N,,2,3,Are clients in this line of business particularly vulnerable?,Les clients de ce secteur d'activité sont-ils particulièrement vulnérables?,,
14,0.6,riskProfile3,riskProfile,Risk Profile,Profil de risque,4,riskProfilePanel-RS,RS,raw,,radiogroup,N,,2,4,Are stakes of the decisions very high?,Les enjeux des décisions de ce programme sont-ils très élevés? ,,
15,0.6,riskProfile4,riskProfile,Risk Profile,Profil de risque,4,riskProfilePanel-RS,RS,raw,,radiogroup,N,,2,3,"Will this project have major impacts on staff, either in terms of their numbers or their roles?","Ce projet aura-t-il d'importantes répercussions sur le personnel, que ce soit en termes de nombre ou de rôle?",,
16,0.6,projectAuthority1,projectAuthority,Project Authority,Autorité de projet,5,projectAuthorityPanel-RS,RS,raw,,radiogroup,N,,2,2,Will you require new policy authority for this project?,Aurez-vous besoin d'une nouvelle autorisation en termes de politiques pour ce projet ?,,
17,0.6,aboutSystem1,aboutSystem,About The System,À propos du système,6,aboutSystemPanel-NS,NS,none,,checkbox,N,,6,1,Please check which of the following capabilities apply to your system.,Veuillez indiquer laquelle des capacités suivantes s'applique à votre système.,,
18,0.6,aboutSystem2,aboutSystem,About The System,À propos du système,6,aboutSystemPanel-NS,NS,none,,comment,N,"{aboutSystem1} contains [""item6-1""]",0,0,Please describe,S'il vous plait décrire,,
19,0.6,aboutAlgorithm1,aboutAlgorithm,About the Algorithm,À propos de l'algorithme,7,aboutAlgorithmPanel-RS,RS,raw,,radiogroup,N,,2,3,The algorithm used will be a (trade) secret,L'algorithme utilisé sera un secret (commercial),,
20,0.6,aboutAlgorithm2,aboutAlgorithm,About the Algorithm,À propos de l'algorithme,7,aboutAlgorithmPanel-RS,RS,raw,,radiogroup,N,,2,3,The algorithmic process will be difficult to interpret or to explain,Le processus algorithmique sera difficile à interpréter ou à expliquer,,
21,0.6,decisionSector1,decisionSector,About The Decision,À propos de la décision,8,decisionSectorPanel-RS,RS,raw,,checkbox,N,,6,6,Does the decision pertain to any of the categories below (check all that apply):,La décision s'applique-t-elle à l'une ou l'autre des catégories ci-dessous (*Cochez toutes les réponses qui s'appliquent) :,,
22,0.6,decisionSector2,decisionSector,About The Decision,À propos de la décision,8,decisionSectorPanel-RS,RS,raw,,comment,N,"{decisionSector1} contains [""item6-1""]",0,0,Please describe,S'il vous plait décrire,,
23,0.6,impact1,impact,Impact Assessment,Évaluation de l'incidence,9,impactPanel-RS,RS,raw,,radiogroup,N,,2,1,Will the system only be used to assist a decision-maker?,Le système automatisera-t-il ou remplacera-t-il les décisions humaines qui exigent du jugement ou de la discrétion?,,
24,0.6,impact2,impact,Impact Assessment,Évaluation de l'incidence,9,impactPanel-RS,RS,raw,,radiogroup,N,,2,3,Will the system be replacing a decision that would otherwise be made by a human?,Le système automatisera-t-il ou remplacera-t-il les décisions humaines qui exigent du jugement ou de la discrétion?,,
25,0.6,impact3,impact,Impact Assessment,Évaluation de l'incidence,9,impactPanel-RS,RS,raw,,radiogroup,N,,2,4,Will the system be replacing human decisions that require judgement or discretion?,Le système automatisera-t-il ou remplacera-t-il les décisions humaines qui exigent du jugement ou de la discrétion?,,
26,0.6,impact4,impact,Impact Assessment,Évaluation de l'incidence,9,impactPanel-RS,RS,raw,,comment,N,"{impact3} contains [""item1-4""]",0,0,Please describe the decision(s) that will be automated,Veuillez décrire la ou les décisions qui seront automatisées,,
27,0.6,impact5,impact,Impact Assessment,Évaluation de l'incidence,9,impactPanel-RS,RS,raw,,radiogroup,N,,2,4,Is the system used by a different part of the organization than the ones who developed it?,Le système est-il utilisé par une partie de l’organisation différente de celle à laquelle appartiennent ceux qui l’ont développé?,,
28,0.6,impact6,impact,Impact Assessment,Évaluation de l'incidence,9,impactPanel-RS,RS,raw,,dropdown,N,,4,4,Are the impacts resulting from the decision reversible?,Les incidences découlant de la décision sont-elles réversibles?,,
29,0.6,impact7,impact,Impact Assessment,Évaluation de l'incidence,9,impactPanel-RS,RS,raw,,dropdown,N,,4,4,How long will impacts from the decision last?,Combien de temps les incidences de la décision dureront-elles?,,
30,0.6,impact8,impact,Impact Assessment,Évaluation de l'incidence,9,impactPanel-RS,RS,raw,,comment,N,,0,0,Please describe why the impacts resulting from the decision are as per selected option above.,Veuillez indiquer pour quelle raison les incidences découlant de la décision sont (selon l’option sélectionnée ci-dessus). ,,
31,0.6,impact9,impact,Impact Assessment,Évaluation de l'incidence,9,impactPanel-RS,RS,raw,,dropdown,N,,4,2,The impacts that the decision will have on the rights or freedoms of individuals will likely be:,Les incidences de la décision sur les droits ou libertés des personnes seront probablement les suivantes :,,
32,0.6,impact10,impact,Impact Assessment,Évaluation de l'incidence,9,impactPanel-RS,RS,raw,,comment,N,,0,0,Please describe why the impacts resulting from the decision are (as per selected option above).,Veuillez indiquer pour quelle raison les incidences découlant de la décision sont (selon l’option sélectionnée ci-dessus).,,
33,0.6,impact11,impact,Impact Assessment,Évaluation de l'incidence,9,impactPanel-RS,RS,raw,,dropdown,N,,4,4,The impacts that the decision will have on the health and well-being of individuals will likely be:,Les incidences de la décision sur la santé et le bien-être des personnes seront probablement les suivantes :,,
34,0.6,impact12,impact,Impact Assessment,Évaluation de l'incidence,9,impactPanel-RS,RS,raw,,comment,N,,0,0,Please describe why the impacts resulting from the decision are (as per selected option above),Veuillez indiquer pour quelle raison les incidences découlant de la décision sont (selon l’option sélectionnée ci-dessus).,,
35,0.6,impact13,impact,Impact Assessment,Évaluation de l'incidence,9,impactPanel-RS,RS,raw,,dropdown,N,,4,4,The impacts that the decision will have on the economic interests of individuals will likely be:,Les incidences de la décision sur les intérêts économiques des personnes seront probablement les suivantes :,,
36,0.6,impact14,impact,Impact Assessment,Évaluation de l'incidence,9,impactPanel-RS,RS,raw,,comment,N,,0,0,Please describe why the impacts resulting from the decision are (as per selected option above),Veuillez indiquer pour quelle raison les incidences découlant de la décision sont (selon l’option sélectionnée ci-dessus).,,
37,0.6,impact15,impact,Impact Assessment,Évaluation de l'incidence,9,impactPanel-RS,RS,raw,,dropdown,N,,4,4,"The impacts that the decision will have on the ongoing sustainability of an environmental ecosystem, will likely be:",Les incidences de la décision sur la pérennité d’un écosystème environnemental seront probablement les suivantes :,,
38,0.6,impact16,impact,Impact Assessment,Évaluation de l'incidence,9,impactPanel-RS,RS,raw,,comment,N,,0,0,Please describe why the impacts resulting from the decision are (as per selected option above),Veuillez indiquer pour quelle raison les incidences découlant de la décision sont (selon l’option sélectionnée ci-dessus).,,
39,0.6,aboutDataSource1,aboutData,About The Data,À propos des données,10,aboutDataSourcePanel-RS,RS,raw,,radiogroup,N,,2,4,Will the Automated Decision System use personal information as input data?,Le système de décision automatisé utilisera-t-il des renseignements personnels comme données d’entrée?,,
40,0.6,aboutDataSource2,aboutData,About The Data,À propos des données,10,aboutDataSourcePanel-RS,RS,raw,,dropdown,N,,5,4,What is the highest security classification of the input data used by the system? (Select one),Quelle est la classification de sécurité la plus élevée des données d’entrée utilisées par le système? (N’en choisir qu’une seule),,
41,0.6,aboutDataSource3,aboutData,About The Data,À propos des données,10,aboutDataSourcePanel-RS,RS,raw,,dropdown,N,,4,3,Who controls the data?,Qui contrôle les données?,,
42,0.6,aboutDataSource4,aboutData,About The Data,À propos des données,10,aboutDataSourcePanel-RS,RS,raw,,radiogroup,N,,2,4,Will the system data use from multiple different sources?,Les données utilisées par le système proviendront-elles de plusieurs sources différentes?,,
43,0.6,aboutDataSource5,aboutData,About The Data,À propos des données,10,aboutDataSourcePanel-RS,RS,raw,,radiogroup,N,,2,4,"Will the system require input data from an Internet- or telephony-connected device? (e.g. Internet of Things, sensor)","Le système aura-t-il besoin de données d’entrée provenant d’un appareil connecté à Internet ou à la téléphonie? (P. ex., internet des objets, un Capteur)",,
44,0.6,aboutDataSource6,aboutData,About The Data,À propos des données,10,aboutDataSourcePanel-RS,RS,raw,,radiogroup,N,,2,4,Will the system interface with other IT systems?,Le système interagira-t-il avec d’autres systèmes des TI?,,
45,0.6,aboutDataSource7,aboutData,About The Data,À propos des données,10,aboutDataSourcePanel-RS,RS,raw,,dropdown,N,,4,4,Who collected the data used for training the system?,Qui a recueilli les données utilisées pour préparer le système? ,,
46,0.6,aboutDataSource8,aboutData,About The Data,À propos des données,10,aboutDataSourcePanel-RS,RS,raw,,dropdown,N,,4,4,Who collected the input data used by the system?,Qui a recueilli les données d’entrée utilisées par le système?,,
47,0.6,aboutDataType1,aboutData,About The Data,À propos des données,10,aboutDataTypePanel-RS,RS,raw,,radiogroup,N,,2,0,Will the system require the analysis of unstructured data to render a recommendation or a decision?,Le système exigera-t-il l’analyse de données non structurées pour faire une recommandation ou prendre une décision?,,
48,0.6,aboutDataType2,aboutData,About The Data,À propos des données,10,aboutDataTypePanel-RS,RS,raw,,checkbox,N,"{aboutDataType1} = ""item1""",2,6,What types of unstructured data? (Check all that apply),De quel type de données non structurées s’agit-il (Cochez toutes les réponses qui s’appliquent)?,,
49,0.6,consultationDesign1,consultationDesign,Consultations,,11,consultationDesignPanel-MS,MS,mitigation,design,radiogroup,N,,2,1,"Internal Stakeholders (Strategic policy and planning, Data Governance, Program Policy, etc.)","Intervenants internes (politique et planification stratégiques, gouvernance des données, politique du programme, etc.)",,
50,0.6,consultationDesign2-NS,consultationDesign,Consultations,,11,consultationDesignPanel-MS,MS,mitigation,design,checkbox,N,"{consultationDesign1} = ""item1-1""",7,0,Which Internal Stakeholders will you be engaging?,Quels intervenants internes allez-vous consulter?,,
51,0.6,consultationDesign3,consultationDesign,Consultations,,11,consultationDesignPanel-MS,MS,mitigation,design,radiogroup,N,,2,1,"External Stakeholders (Civil Society, Academia, Industry, etc.)","Intervenants externes (société civile, universités, industrie, etc.)",,
52,0.6,consultationDesign4-NS,consultationDesign,Consultations,,11,consultationDesignPanel-MS,MS,mitigation,design,checkbox,N,"{consultationDesign3} = ""item1-1""",3,0,Which External Stakeholders will you be engaging?,Quels intervenants externes allez-vous consulter?,,
53,0.6,consultationImplementation1,consultationImplementation,Consultations,,12,consultationImplementationPanel-MS,MS,mitigation,implementation,radiogroup,N,,2,1,"Internal Stakeholders (Strategic policy and planning, Data Governance, Program Policy, etc.)","Intervenants internes (politique et planification stratégiques, gouvernance des données, politique du programme, etc.)",,
54,0.6,consultationImplementation2-NS,consultationImplementation,Consultations,,12,consultationImplementationPanel-MS,MS,mitigation,implementation,checkbox,N,"{consultationImplementation1} = ""item1-1""",7,0,Which Internal Stakeholders have you engaged?,Quels intervenants internes avez-vous consulté?,,
55,0.6,consultationImplementation3,consultationImplementation,Consultations,,12,consultationImplementationPanel-MS,MS,mitigation,implementation,radiogroup,N,,2,1,"External Stakeholders (Civil Society, Academia, Industry, etc.)","Intervenants externes (société civile, universités, industrie, etc.)",,
56,0.6,consultationImplementation4-NS,consultationImplementation,Consultations,,12,consultationImplementationPanel-MS,MS,mitigation,implementation,checkbox,N,"{consultationImplementation3} = ""item1-1""",3,0,Which External Stakeholders have you engaged?,Quels intervenants externes avez-vous consulté?,,
57,0.6,dataQualityDesign1,dataQualityDesign,De-Risking And Mitigation Measures,Élimination des risques et mesure d'atténuation,13,dataQualityDesignPanel-MS,MS,mitigation,design,radiogroup,N,,2,2,"Will you have documented processes in place to test datasets against biases and other unexpected outcomes? This could include experience in applying frameworks, methods, guidelines or other assessment tools.","Disposerez-vous de processus documentés pour tester les jeux de données en fonction de biais et d’autres résultats inattendus? Par exemple, ceci pourrait inclure une expérience dans l’application de cadres, de méthodes, de lignes directrices ou d’outils d’évaluation.",,
58,0.6,dataQualityDesign2,dataQualityDesign,De-Risking And Mitigation Measures,Élimination des risques et mesure d'atténuation,13,dataQualityDesignPanel-MS,MS,mitigation,design,radiogroup,N,"{dataQualityDesign1} = ""item1-2""",2,1,Will you be making this information publicly available?,Allez-vous rendre cette information disponible publiquement?,,
59,0.6,dataQualityDesign3,dataQualityDesign,De-Risking And Mitigation Measures,Élimination des risques et mesure d'atténuation,13,dataQualityDesignPanel-MS,MS,mitigation,design,radiogroup,N,,2,1,Will you be developing a process to document how data quality issues were resolved during the design process?,Allez-vous élaborer un processus permettant de documenter la façon dont les problèmes de qualité des données qui seront résolus pendant le processus de conception?,,
60,0.6,dataQualityDesign4,dataQualityDesign,De-Risking And Mitigation Measures,Élimination des risques et mesure d'atténuation,13,dataQualityDesignPanel-MS,MS,mitigation,design,radiogroup,N,,2,1,Will you be making this information publicly available?,Allez-vous rendre cette information disponible publiquement?,,
61,0.6,dataQualityDesign5,dataQualityDesign,De-Risking And Mitigation Measures,Élimination des risques et mesure d'atténuation,13,dataQualityDesignPanel-MS,MS,mitigation,design,radiogroup,N,,2,0,Will you undertake a Gender Based Analysis Plus of the data?,Entreprendrez-vous une analyse comparative entre les sexes plus des données?,,
62,0.6,dataQualityDesign6,dataQualityDesign,De-Risking And Mitigation Measures,Élimination des risques et mesure d'atténuation,13,dataQualityDesignPanel-MS,MS,mitigation,design,radiogroup,N,,2,1,Will you be making this information publicly available?,Allez-vous rendre cette information disponible publiquement?,,
63,0.6,dataQualityDesign7,dataQualityDesign,De-Risking And Mitigation Measures,Élimination des risques et mesure d'atténuation,13,dataQualityDesignPanel-MS,MS,mitigation,design,radiogroup,N,,2,2,"Have you assigned accountability in your institution for the design, development, maintenance, and improvement of the system?","Dans votre établissement, existe-t-il des responsables de la conception, du développement, de la maintenance et de l’amélioration du système?",,
64,0.6,dataQualityDesign8,dataQualityDesign,De-Risking And Mitigation Measures,Élimination des risques et mesure d'atténuation,13,dataQualityDesignPanel-MS,MS,mitigation,design,radiogroup,N,,2,0,Will you have a documented process to manage the risk that outdated or unreliable data is used to make an automated decision?,Disposerez-vous d'un processus documenté pour gérer le risque que des données périmées ou non fiables soient utilisées pour prendre une décision automatisée?,,
65,0.6,dataQualityDesign9,dataQualityDesign,De-Risking And Mitigation Measures,Élimination des risques et mesure d'atténuation,13,dataQualityDesignPanel-MS,MS,mitigation,design,radiogroup,N,,2,1,Will you be making this information publicly available?,Allez-vous rendre cette information disponible publiquement?,,
66,0.6,dataQualityDesign10,dataQualityDesign,De-Risking And Mitigation Measures,Élimination des risques et mesure d'atténuation,13,dataQualityDesignPanel-MS,MS,mitigation,design,radiogroup,N,,2,0,Will the data used for this system be posted on the Open Government Portal?,Les données utilisées pour ce système seront-elles affichées sur la portail du gouvernement ouvert?,,
67,0.6,dataQualityImplementation1,dataQualityImplementation,De-Risking And Mitigation Measures,Élimination des risques et mesure d'atténuation,14,dataQualityImplementationPanel-MS,MS,mitigation,implementation,radiogroup,N,,2,2,"Do you have documented processes in place to test datasets against biases and other unexpected outcomes? This could include experience in applying frameworks, methods, guidelines or other assessment tools.","Disposez-vous de processus documentés pour tester les jeux de données en fonction de biais et d’autres résultats inattendus? Par exemple, ceci pourrait inclure une expérience dans l’application de cadres, de méthodes, de lignes directrices ou d’outils d’évaluation.",,
68,0.6,dataQualityImplementation2,dataQualityImplementation,De-Risking And Mitigation Measures,Élimination des risques et mesure d'atténuation,14,dataQualityImplementationPanel-MS,MS,mitigation,implementation,radiogroup,N,,2,0,Is this information publicly available?,Cette information est-elle publiquement disponible?,,
69,0.6,dataQualityImplementation3,dataQualityImplementation,De-Risking And Mitigation Measures,Élimination des risques et mesure d'atténuation,14,dataQualityImplementationPanel-MS,MS,mitigation,implementation,radiogroup,N,,2,1,Have you developed a process to document how data quality issues were resolved during the design process?,Avez-vous élaboré un processus permettant de documenter la façon dont les problèmes de qualité des données qui seront résolus pendant le processus de conception?,,
70,0.6,dataQualityImplementation4,dataQualityImplementation,De-Risking And Mitigation Measures,Élimination des risques et mesure d'atténuation,14,dataQualityImplementationPanel-MS,MS,mitigation,implementation,radiogroup,N,,2,0,Is this information publicly available?,Cette information est-elle publiquement disponible?,,
71,0.6,dataQualityImplementation5,dataQualityImplementation,De-Risking And Mitigation Measures,Élimination des risques et mesure d'atténuation,14,dataQualityImplementationPanel-MS,MS,mitigation,implementation,radiogroup,N,,2,1,Have you undertaken a Gender Based Analysis Plus of the data?,Avez-vous entrepris une analyse comparative entre les sexes plus des données?,,
72,0.6,dataQualityImplementation6,dataQualityImplementation,De-Risking And Mitigation Measures,Élimination des risques et mesure d'atténuation,14,dataQualityImplementationPanel-MS,MS,mitigation,implementation,radiogroup,N,,2,0,Is this information publicly available?,Cette information est-elle publiquement disponible?,,
73,0.6,dataQualityImplementation7,dataQualityImplementation,De-Risking And Mitigation Measures,Élimination des risques et mesure d'atténuation,14,dataQualityImplementationPanel-MS,MS,mitigation,implementation,radiogroup,N,,2,2,"Have you assigned accountability in your institution for the design, development, maintenance, and improvement of the system?","Dans votre établissement, existe-t-il des responsables de la conception, du développement, de la maintenance et de l’amélioration du système?",,
74,0.6,dataQualityImplementation8,dataQualityImplementation,De-Risking And Mitigation Measures,Élimination des risques et mesure d'atténuation,14,dataQualityImplementationPanel-MS,MS,mitigation,implementation,radiogroup,N,,2,2,Do you have a documented process to manage the risk that outdated or unreliable data is used to make an automated decision?,Disposez-vous d'un processus documenté pour gérer le risque que des données périmées ou non fiables soient utilisées pour prendre une décision automatisée?,,
75,0.6,dataQualityImplementation9,dataQualityImplementation,De-Risking And Mitigation Measures,Élimination des risques et mesure d'atténuation,14,dataQualityImplementationPanel-MS,MS,mitigation,implementation,radiogroup,N,,2,0,Is this information publicly available?,Cette information est-elle publiquement disponible?,,
76,0.6,dataQualityImplementation10,dataQualityImplementation,De-Risking And Mitigation Measures,Élimination des risques et mesure d'atténuation,14,dataQualityImplementationPanel-MS,MS,mitigation,implementation,radiogroup,N,,2,2,Is the data used for this system posted on the Open Government Portal?,Les données utilisées pour ce système seront-elles affichées sur la portail du gouvernement ouvert?,,
77,0.6,fairnessDesign1,fairnessDesign,De-Risking And Mitigation Measures,Élimination des risques et mesure d'atténuation,15,fairnessDesignPanel-MS,MS,mitigation,design,radiogroup,N,,2,2,Will the system provide an audit trail that records all the recommendations or decisions made by the system?,Est-ce que le système fournira une piste de vérification qui enregistre les recommandations ou les décisions?,,
78,0.6,fairnessDesign2,fairnessDesign,De-Risking And Mitigation Measures,Élimination des risques et mesure d'atténuation,15,fairnessDesignPanel-MS,MS,mitigation,design,radiogroup,N,,2,2,Will you maintain a log detailing all of the changes made to the model and the system?,Tiendrez-vous un registre détaillant toutes les modifications apportées au modèle et au système?,,
79,0.6,fairnessDesign3,fairnessDesign,De-Risking And Mitigation Measures,Élimination des risques et mesure d'atténuation,15,fairnessDesignPanel-MS,MS,mitigation,design,radiogroup,N,,2,1,Will the audit trail clearly set out all decision points made by the system?,La piste de vérification énoncera-t-elle clairement tous les points de décision pris par le système?,,
80,0.6,fairnessDesign4,fairnessDesign,De-Risking And Mitigation Measures,Élimination des risques et mesure d'atténuation,15,fairnessDesignPanel-MS,MS,mitigation,design,radiogroup,N,,2,1,Will the audit trail show who an authorized decision-maker is?,La piste de vérification indiquera-t-elle qui est un décideur autorisé?,,
81,0.6,fairnessDesign5,fairnessDesign,De-Risking And Mitigation Measures,Élimination des risques et mesure d'atténuation,15,fairnessDesignPanel-MS,MS,mitigation,design,radiogroup,N,,2,2,Will the system be able to produce reasons for its decisions or recommendations when required?,"Le système justifiera-t-il ses décisions ou ses recommandations, au besoin?",,
82,0.6,fairnessDesign6,fairnessDesign,De-Risking And Mitigation Measures,Élimination des risques et mesure d'atténuation,15,fairnessDesignPanel-MS,MS,mitigation,design,radiogroup,N,,2,1,"Will there be a process in place to grant, monitor, and revoke access permission to the system?","Existera-t-il un processus en place permettant d’accorder, de surveiller et de révoquer l’autorisation d’accès au système?",,
83,0.6,fairnessDesign7,fairnessDesign,De-Risking And Mitigation Measures,Élimination des risques et mesure d'atténuation,15,fairnessDesignPanel-MS,MS,mitigation,design,radiogroup,N,,2,1,Will there be a mechanism to capture feedback by users of the system?,Existera-t-il un mécanisme permettant de recueillir les commentaires des utilisateurs du système?,,
84,0.6,fairnessDesign8,fairnessDesign,De-Risking And Mitigation Measures,Élimination des risques et mesure d'atténuation,15,fairnessDesignPanel-MS,MS,mitigation,design,radiogroup,N,,2,2,Is there a recourse process planned or established for clients that wish to challenge the decision?,Un processus de recours est-il prévu ou établi pour les clients qui souhaitent contester la décision?,,
85,0.6,fairnessDesign9,fairnessDesign,De-Risking And Mitigation Measures,Élimination des risques et mesure d'atténuation,15,fairnessDesignPanel-MS,MS,mitigation,design,radiogroup,N,,2,2,Will the system enable human override of system decisions?,Le système permettra-t-il aux humains de passer outre les décisions du système?,,
86,0.6,fairnessDesign10,fairnessDesign,De-Risking And Mitigation Measures,Élimination des risques et mesure d'atténuation,15,fairnessDesignPanel-MS,MS,mitigation,design,radiogroup,N,,2,1,Will there a process in place to log the instances when overrides were performed?,Y aura-t-il un processus en place pour consigner les cas où des dérogations ont été effectuées?,,
87,0.6,fairnessDesign11,fairnessDesign,De-Risking And Mitigation Measures,Élimination des risques et mesure d'atténuation,15,fairnessDesignPanel-MS,MS,mitigation,design,radiogroup,N,,2,2,Will the audit trail include change control processes to record modifications to the system's operation or performance?,La piste de vérification comprendra-t-elle des processus de contrôle des changements pour consigner les modifications apportées au fonctionnement ou au rendement du système?,,
88,0.6,fairnessDesign12,fairnessDesign,De-Risking And Mitigation Measures,Élimination des risques et mesure d'atténuation,15,fairnessDesignPanel-MS,MS,mitigation,design,radiogroup,N,,2,1,Have you prepared a concept case to the Government of Canada Enterprise Architecture Review Baord?,Avez-vous préparé un dossier conceptuel pour le Conseil d’examen de l’architecture intégrée du gouvernement du Canada?,,
89,0.6,fairnessImplementation1,fairnessImplementation,De-Risking And Mitigation Measures,Élimination des risques et mesure d'atténuation,16,fairnessImplementationPanel-MS,MS,mitigation,implementation,radiogroup,N,,2,2,Does the system's audit trail indicate all the recommendations or decisions made by the system?,Est-ce que le système fourni une piste de vérification qui enregistre les recommandations ou les décisions?,,
90,0.6,fairnessImplementation2,fairnessImplementation,De-Risking And Mitigation Measures,Élimination des risques et mesure d'atténuation,16,fairnessImplementationPanel-MS,MS,mitigation,implementation,radiogroup,N,,2,2,Do you maintain a current and up to date log detailing all of the changes made to the model and the system?,Tenez-vous un registre à jour détaillant toutes les modifications apportées au modèle et au système?,,
91,0.6,fairnessImplementation3,fairnessImplementation,De-Risking And Mitigation Measures,Élimination des risques et mesure d'atténuation,16,fairnessImplementationPanel-MS,MS,mitigation,implementation,radiogroup,N,,2,1,Does the system's audit trail clearly indicate all decision points made by the system?,La piste de vérification énonce-t-elle clairement tous les points de décision pris par le système?,,
92,0.6,fairnessImplementation4,fairnessImplementation,De-Risking And Mitigation Measures,Élimination des risques et mesure d'atténuation,16,fairnessImplementationPanel-MS,MS,mitigation,implementation,radiogroup,N,,2,1,Does the audit trail show who an authorized decision-maker is?,La piste de vérification indique-t-elle qui est un décideur autorisé?,,
93,0.6,fairnessImplementation5,fairnessImplementation,De-Risking And Mitigation Measures,Élimination des risques et mesure d'atténuation,16,fairnessImplementationPanel-MS,MS,mitigation,implementation,radiogroup,N,,2,2,Is the system be able to produce reasons for its decisions or recommendations when required?,"Le système justifie-t-il ses décisions ou ses recommandations, au besoin?",,
94,0.6,fairnessImplementation6,fairnessImplementation,De-Risking And Mitigation Measures,Élimination des risques et mesure d'atténuation,16,fairnessImplementationPanel-MS,MS,mitigation,implementation,radiogroup,N,,2,1,"Is there a process in place to grant, monitor, and revoke access permission to the system?","Existe-t-il un processus en place permettant d’accorder, de surveiller et de révoquer l’autorisation d’accès au système?",,
95,0.6,fairnessImplementation7,fairnessImplementation,De-Risking And Mitigation Measures,Élimination des risques et mesure d'atténuation,16,fairnessImplementationPanel-MS,MS,mitigation,implementation,radiogroup,N,,2,1,Is there a mechanism to capture feedback by users of the system?,Existe-t-il un mécanisme permettant de recueillir les commentaires des utilisateurs du système?,,
96,0.6,fairnessImplementation8,fairnessImplementation,De-Risking And Mitigation Measures,Élimination des risques et mesure d'atténuation,16,fairnessImplementationPanel-MS,MS,mitigation,implementation,radiogroup,N,,2,2,Is there a recourse process established for clients that wish to challenge the decision?,Un processus de recours est-il établi pour les clients qui souhaitent contester la décision?,,
97,0.6,fairnessImplementation9,fairnessImplementation,De-Risking And Mitigation Measures,Élimination des risques et mesure d'atténuation,16,fairnessImplementationPanel-MS,MS,mitigation,implementation,radiogroup,N,,2,2,Does the system enable human override of system decisions?,Le système permet-il aux humains de passer outre les décisions du système?,,
98,0.6,fairnessImplementation10,fairnessImplementation,De-Risking And Mitigation Measures,Élimination des risques et mesure d'atténuation,16,fairnessImplementationPanel-MS,MS,mitigation,implementation,radiogroup,N,,2,1,Is there a process in place to log the instances when overrides were performed?,Y a-t-il un processus en place pour consigner les cas où des dérogations ont été effectuées?,,
99,0.6,fairnessImplementation11,fairnessImplementation,De-Risking And Mitigation Measures,Élimination des risques et mesure d'atténuation,16,fairnessImplementationPanel-MS,MS,mitigation,implementation,radiogroup,N,,2,2,Does the audit trail include change control processes to record modifications to the system's operation or performance?,La piste de vérification comprend-elle des processus de contrôle des changements pour consigner les modifications apportées au fonctionnement ou au rendement du système?,,
100,0.6,fairnessImplementation12,fairnessImplementation,De-Risking And Mitigation Measures,Élimination des risques et mesure d'atténuation,16,fairnessImplementationPanel-MS,MS,mitigation,implementation,radiogroup,N,,2,1,Has your concept case been approved by the Government of Canada Enterprise Architecture Review Baord?,Votre dossier conceptuel pour le Conseil d’examen de l’architecture intégrée du gouvernement du Canada a-t-il été approuvé?,,
101,0.6,privacyDesign1,privacyDesign,De-Risking And Mitigation Measures,Élimination des risques et mesure d'atténuation,17,privacyDesignPanel-MS,MS,mitigation,design,radiogroup,N,,2,1,"Will you need to undertake a Privacy Impact Assessment, or revise an existing one?",Devrez-vous entreprendre une évaluation des facteurs relatifs à la vie privée ou réviser une évaluation existante??,,
102,0.6,privacyDesign2,privacyDesign,De-Risking And Mitigation Measures,Élimination des risques et mesure d'atténuation,17,privacyDesignPanel-MS,MS,mitigation,design,radiogroup,N,,2,1,Will your system reflect Privacy by Design principles?,Votre système tiendra-t-il compte des principes de la 'Protection de la vie privée dès la conception'?,,
103,0.6,privacyImplementation1,privacyImplementation,De-Risking And Mitigation Measures,Élimination des risques et mesure d'atténuation,18,privacyImplementationPanel-MS,MS,mitigation,implementation,radiogroup,N,,2,1,Have you completed a Privacy Impact Assessment or revised an existing one?,Avez-vous entrepris une évaluation des facteurs relatifs à la vie privée ou révisé une évaluation existante?,,
104,0.6,privacyImplementation2,privacyImplementation,De-Risking And Mitigation Measures,Élimination des risques et mesure d'atténuation,18,privacyImplementationPanel-MS,MS,mitigation,implementation,radiogroup,N,,2,1,Does your system reflect Privacy by Design principles?,Votre système reflète-t-il les principes de la 'Protection de la vie privée dès la conception'?,,
1,0.5,respondent,project-details,Project Details,Détails du projet,2,panel-project-NS,NS,none,,text,N,,0,0,Name of Respondent,Nom de la personne sondée,The name of the respondant is the name of the person that answers the questions.,
2,0.5,title,project-details,Project Details,Détails du projet,2,panel-project-NS,NS,none,,text,N,,0,0,Job Title,Titre du poste,,
3,0.5,department-NS,project-details,Project Details,Détails du projet,2,panel-project-NS,NS,none,,dropdown,N,,101,0,Department,Ministère,,
4,0.5,branch,project-details,Project Details,Détails du projet,2,panel-project-NS,NS,none,,text,N,,0,0,Branch,Direction,,
5,0.5,project-title,project-details,Project Details,Détails du projet,2,panel-project-NS,NS,none,,text,N,,0,0,Project Title,Titre du projet,,
6,0.5,project-id,project-details,Project Details,Détails du projet,2,panel-project-NS,NS,none,,text,N,,0,0,Project ID from IT Plan,,,
7,0.5,departmental-program,project-details,Project Details,Détails du projet,2,panel-project-NS,NS,none,,text,N,,0,0,Departmental Program (from Department Results Framework),,,
8,0.5,project-phase,project-details,Project Details,Détails du projet,2,panel-project-NS,NS,none,,radiogroup,Y,,2,0,Project Phase,,,
9,0.5,description,project-details,Project Details,Détails du projet,2,panel-project-NS,NS,none,,comment,N,,0,0,Please provide a project description:,Veuillez fournir une description du projet :,,
10,0.5,business1,business-drivers,Business Driver / Positive Impact,Facteur opérationnel / Incidence positive,3,business-panel-NS,NS,none,,checkbox,N,,6,6,What is motivating your team to introduce automation into this decision-making process? (Check all that apply),Qu'est-ce qui motive votre équipe à introduire l'automatisation dans ce processus décisionnel? (Cochez toutes les réponses qui s'appliquent.),,
11,0.5,motivation-other,business-drivers,Business Driver / Positive Impact,Facteur opérationnel / Incidence positive,3,business-panel-NS,NS,none,,comment,N,"{motivation} contains [""item6-1""]",0,0,Please describe,S'il vous plait décrire,,
12,0.5,risk-profile1,risk-profile,Risk Profile,Profil de risque,4,risk-profile-panel-RS,RS,raw,,radiogroup,N,,2,3,Is the project within an area of intense public scrutiny (e.g. because of privacy concerns) and/or frequent litigation?,,,
13,0.5,risk-profile2,risk-profile,Risk Profile,Profil de risque,4,risk-profile-panel-RS,RS,raw,,radiogroup,N,,2,3,Are clients in this line of business particularly vulnerable?,,,
14,0.5,risk-profile3,risk-profile,Risk Profile,Profil de risque,4,risk-profile-panel-RS,RS,raw,,radiogroup,N,,2,4,Are stakes of the decisions very high?,,,
15,0.5,risk-profile4,risk-profile,Risk Profile,Profil de risque,4,risk-profile-panel-RS,RS,raw,,radiogroup,N,,2,3,"Will this project have major impacts on staff, either in terms of their numbers or their roles?",,,
16,0.5,project-authority1,project-authority,Project Authority,Autorité de projet,5,project-authority-panel-RS,RS,raw,,radiogroup,N,,2,2,Will you require new policy authority for this project?,Aurez-vous besoin d'une nouvelle autorisation en termes de politiques pour ce projet ?,,
17,0.5,system1,about-system,About The System,À propos du système,6,panel-system-NS,NS,none,,checkbox,N,,6,1,Please check which of the following capabilities apply to your system.,Veuillez indiquer laquelle des capacités suivantes s'applique à votre système.,,
18,0.5,capabilities-other,about-system,About The System,À propos du système,6,panel-system-NS,NS,none,,comment,N,"{capabilities} contains [""item6-1""]",0,0,Please describe,S'il vous plait décrire,,
19,0.5,about-algorithm1,about-algorithm,About the Algorithm,À propos de l'algorithme,7,algorithm-panel-RS,RS,raw,,radiogroup,N,,2,3,The algorithm used will be a (trade) secret,L'algorithme utilisé sera un secret (commercial),,
20,0.5,about-algorithm2,about-algorithm,About the Algorithm,À propos de l'algorithme,7,algorithm-panel-RS,RS,raw,,radiogroup,N,,2,3,The algorithmic process will be difficult to interpret or to explain,Le processus algorithmique sera difficile à interpréter ou à expliquer,,
21,0.5,sector-categories,decision-sector,About The Decision,À propos de la décision,8,panel-decision-RS,RS,raw,,checkbox,N,,6,6,Does the decision pertain to any of the categories below (check all that apply):,La décision s'applique-t-elle à l'une ou l'autre des catégories ci-dessous (*Cochez toutes les réponses qui s'appliquent) :,,
22,0.5,sector-categories-other,decision-sector,About The Decision,À propos de la décision,8,panel-decision-RS,RS,raw,,comment,N,"{sector-categories} contains [""item6-1""]",0,0,Please describe,S'il vous plait décrire,,
23,0.5,question66,impact,Impact Assessment,Évaluation de l'incidence,9,panel-impact-RS,RS,raw,,radiogroup,N,,2,1,Will the system only be used to assist a decision-maker?,Le système automatisera-t-il ou remplacera-t-il les décisions humaines qui exigent du jugement ou de la discrétion?,,
24,0.5,question67,impact,Impact Assessment,Évaluation de l'incidence,9,panel-impact-RS,RS,raw,,radiogroup,N,,2,3,Will the system be replacing a decision that would otherwise be made by a human?,Le système automatisera-t-il ou remplacera-t-il les décisions humaines qui exigent du jugement ou de la discrétion?,,
25,0.5,discretion,impact,Impact Assessment,Évaluation de l'incidence,9,panel-impact-RS,RS,raw,,radiogroup,N,,2,4,Will the system be replacing human decisions that require judgement or discretion?,Le système automatisera-t-il ou remplacera-t-il les décisions humaines qui exigent du jugement ou de la discrétion?,,
26,0.5,discretion-comment,impact,Impact Assessment,Évaluation de l'incidence,9,panel-impact-RS,RS,raw,,comment,N,"{discretion} contains [""item1-4""]",0,0,Please describe the decision(s) that will be automated,Veuillez décrire la ou les décisions qui seront automatisées,,
27,0.5,question8,impact,Impact Assessment,Évaluation de l'incidence,9,panel-impact-RS,RS,raw,,radiogroup,N,,2,0,Is the system used by a different part of the organization than the ones who developed it?,Le système est-il utilisé par une partie de l’organisation différente de celle à laquelle appartiennent ceux qui l’ont développé?,,
28,0.5,question20,impact,Impact Assessment,Évaluation de l'incidence,9,panel-impact-RS,RS,raw,,dropdown,N,,4,0,Are the impacts resulting from the decision reversible?,Les incidences découlant de la décision sont-elles réversibles?,,
29,0.5,question21,impact,Impact Assessment,Évaluation de l'incidence,9,panel-impact-RS,RS,raw,,dropdown,N,,4,0,How long will impacts from the decision last?,Combien de temps les incidences de la décision dureront-elles?,,
30,0.5,question13,impact,Impact Assessment,Évaluation de l'incidence,9,panel-impact-RS,RS,raw,,comment,N,,0,0,Please describe why the impacts resulting from the decision are as per selected option above.,Veuillez indiquer pour quelle raison les incidences découlant de la décision sont (selon l’option sélectionnée ci-dessus). ,,
31,0.5,question22,impact,Impact Assessment,Évaluation de l'incidence,9,panel-impact-RS,RS,raw,,dropdown,N,,4,0,The impacts that the decision will have on the rights or freedoms of individuals will likely be:,Les incidences de la décision sur les droits ou libertés des personnes seront probablement les suivantes :,,
32,0.5,question15,impact,Impact Assessment,Évaluation de l'incidence,9,panel-impact-RS,RS,raw,,comment,N,,0,0,Please describe why the impacts resulting from the decision are (as per selected option above).,Veuillez indiquer pour quelle raison les incidences découlant de la décision sont (selon l’option sélectionnée ci-dessus).,,
33,0.5,question14,impact,Impact Assessment,Évaluation de l'incidence,9,panel-impact-RS,RS,raw,,dropdown,N,,4,0,The impacts that the decision will have on the health and well-being of individuals will likely be:,Les incidences de la décision sur la santé et le bien-être des personnes seront probablement les suivantes :,,
34,0.5,question17,impact,Impact Assessment,Évaluation de l'incidence,9,panel-impact-RS,RS,raw,,comment,N,,0,0,Please describe why the impacts resulting from the decision are (as per selected option above),Veuillez indiquer pour quelle raison les incidences découlant de la décision sont (selon l’option sélectionnée ci-dessus).,,
35,0.5,question16,impact,Impact Assessment,Évaluation de l'incidence,9,panel-impact-RS,RS,raw,,dropdown,N,,4,0,The impacts that the decision will have on the economic interests of individuals will likely be:,Les incidences de la décision sur les intérêts économiques des personnes seront probablement les suivantes :,,
36,0.5,question19,impact,Impact Assessment,Évaluation de l'incidence,9,panel-impact-RS,RS,raw,,comment,N,,0,0,Please describe why the impacts resulting from the decision are (as per selected option above),Veuillez indiquer pour quelle raison les incidences découlant de la décision sont (selon l’option sélectionnée ci-dessus).,,
37,0.5,question18,impact,Impact Assessment,Évaluation de l'incidence,9,panel-impact-RS,RS,raw,,dropdown,N,,4,0,"The impacts that the decision will have on the ongoing sustainability of an environmental ecosystem, will likely be:",Les incidences de la décision sur la pérennité d’un écosystème environnemental seront probablement les suivantes :,,
38,0.5,question23,impact,Impact Assessment,Évaluation de l'incidence,9,panel-impact-RS,RS,raw,,comment,N,,0,0,Please describe why the impacts resulting from the decision are (as per selected option above),Veuillez indiquer pour quelle raison les incidences découlant de la décision sont (selon l’option sélectionnée ci-dessus).,,
39,0.5,question24,data,About The Data,À propos des données,10,data-source-RS,RS,raw,,radiogroup,N,,2,0,Will the Automated Decision System use personal information as input data?,Le système de décision automatisé utilisera-t-il des renseignements personnels comme données d’entrée?,,
40,0.5,question25,data,About The Data,À propos des données,10,data-source-RS,RS,raw,,dropdown,N,,5,0,What is the highest security classification of the input data used by the system? (Select one),Quelle est la classification de sécurité la plus élevée des données d’entrée utilisées par le système? (N’en choisir qu’une seule),,
41,0.5,question26,data,About The Data,À propos des données,10,data-source-RS,RS,raw,,dropdown,N,,4,0,Who controls the data?,Qui contrôle les données?,,
42,0.5,question27,data,About The Data,À propos des données,10,data-source-RS,RS,raw,,radiogroup,N,,2,0,Will the system data use from multiple different sources?,Les données utilisées par le système proviendront-elles de plusieurs sources différentes?,,
43,0.5,question28,data,About The Data,À propos des données,10,data-source-RS,RS,raw,,radiogroup,N,,2,0,"Will the system require input data from an Internet- or telephony-connected device? (e.g. Internet of Things, sensor)","Le système aura-t-il besoin de données d’entrée provenant d’un appareil connecté à Internet ou à la téléphonie? (P. ex., internet des objets, un Capteur)",,
44,0.5,question29,data,About The Data,À propos des données,10,data-source-RS,RS,raw,,radiogroup,N,,2,0,Will the system interface with other IT systems?,Le système interagira-t-il avec d’autres systèmes des TI?,,
45,0.5,question30,data,About The Data,À propos des données,10,data-source-RS,RS,raw,,dropdown,N,,4,0,Who collected the data used for training the system?,Qui a recueilli les données utilisées pour préparer le système? ,,
46,0.5,question31,data,About The Data,À propos des données,10,data-source-RS,RS,raw,,dropdown,N,,4,0,Who collected the input data used by the system?,Qui a recueilli les données d’entrée utilisées par le système?,,
47,0.5,question32,data,About The Data,À propos des données,10,data-type-RS,RS,raw,,radiogroup,N,,2,0,Will the system require the analysis of unstructured data to render a recommendation or a decision?,Le système exigera-t-il l’analyse de données non structurées pour faire une recommandation ou prendre une décision?,,
48,0.5,question33,data,About The Data,À propos des données,10,data-type-RS,RS,raw,,checkbox,N,"{question32} = ""item1""",2,6,What types of unstructured data? (Check all that apply),De quel type de données non structurées s’agit-il (Cochez toutes les réponses qui s’appliquent)?,,
49,0.5,consultation-design1,rm-consultation-design,Consultations,,11,rm-consultation-design-MS,MS,mitigation,design,radiogroup,N,,2,1,"Internal Stakeholders (Strategic policy and planning, Data Governance, Program Policy, etc.)","Intervenants internes (politique et planification stratégiques, gouvernance des données, politique du programme, etc.)",,
50,0.5,consultation-design2-NS,rm-consultation-design,Consultations,,11,rm-consultation-design-MS,MS,mitigation,design,checkbox,N,"{consultation-design1} = ""item1-1""",7,0,Which Internal Stakeholders will you be engaging?,Quels intervenants internes allez-vous consulter?,,
51,0.5,consultation-design3,rm-consultation-design,Consultations,,11,rm-consultation-design-MS,MS,mitigation,design,radiogroup,N,,2,1,"External Stakeholders (Civil Society, Academia, Industry, etc.)","Intervenants externes (société civile, universités, industrie, etc.)",,
52,0.5,consultation-design4-NS,rm-consultation-design,Consultations,,11,rm-consultation-design-MS,MS,mitigation,design,checkbox,N,"{consultation-design3} = ""item1-1""",3,0,Which External Stakeholders will you be engaging?,Quels intervenants externes allez-vous consulter?,,
53,0.5,consultation-implementation1,rm-consultation-implementation,Consultations,,12,rm-consultation-implementation-MS,MS,mitigation,implementation,radiogroup,N,,2,1,"Internal Stakeholders (Strategic policy and planning, Data Governance, Program Policy, etc.)","Intervenants internes (politique et planification stratégiques, gouvernance des données, politique du programme, etc.)",,
54,0.5,consultation-implementation2-NS,rm-consultation-implementation,Consultations,,12,rm-consultation-implementation-MS,MS,mitigation,implementation,checkbox,N,"{consultation-implementation1} = ""item1-1""",7,0,Which Internal Stakeholders have you engaged?,Quels intervenants internes avez-vous consulté?,,
55,0.5,consultation-implementation3,rm-consultation-implementation,Consultations,,12,rm-consultation-implementation-MS,MS,mitigation,implementation,radiogroup,N,,2,1,"External Stakeholders (Civil Society, Academia, Industry, etc.)","Intervenants externes (société civile, universités, industrie, etc.)",,
56,0.5,consultation-implementation4-NS,rm-consultation-implementation,Consultations,,12,rm-consultation-implementation-MS,MS,mitigation,implementation,checkbox,N,"{consultation-implementation3} = ""item1-1""",3,0,Which External Stakeholders have you engaged?,Quels intervenants externes avez-vous consulté?,,
57,0.5,rm-data-qual1,rm-data-quality-design,De-Risking And Mitigation Measures,Élimination des risques et mesure d'atténuation,13,data-quality-MS,MS,mitigation,design,radiogroup,N,,2,0,"Will you have documented processes in place to test datasets against biases and other unexpected outcomes? This could include experience in applying frameworks, methods, guidelines or other assessment tools.","Disposerez-vous de processus documentés pour tester les jeux de données en fonction de biais et d’autres résultats inattendus? Par exemple, ceci pourrait inclure une expérience dans l’application de cadres, de méthodes, de lignes directrices ou d’outils d’évaluation.",,
58,0.5,mitigation-makePublic,rm-data-quality-design,De-Risking And Mitigation Measures,Élimination des risques et mesure d'atténuation,13,data-quality-MS,MS,mitigation,design,radiogroup,N,,2,0,Will you be making this information publically available?,Allez-vous rendre cette information disponible publiquement?,,
59,0.5,question35,rm-data-quality-design,De-Risking And Mitigation Measures,Élimination des risques et mesure d'atténuation,13,data-quality-MS,MS,mitigation,design,radiogroup,N,,2,0,Will you be developing a process to document how data quality issues were resolved during the design process?,Allez-vous élaborer un processus permettant de documenter la façon dont les problèmes de qualité des données qui seront résolus pendant le processus de conception?,,
60,0.5,question59,rm-data-quality-design,De-Risking And Mitigation Measures,Élimination des risques et mesure d'atténuation,13,data-quality-MS,MS,mitigation,design,radiogroup,N,,2,0,Will you be making this information publically available?,Allez-vous rendre cette information disponible publiquement?,,
61,0.5,question36,rm-data-quality-design,De-Risking And Mitigation Measures,Élimination des risques et mesure d'atténuation,13,data-quality-MS,MS,mitigation,design,radiogroup,N,,2,0,Will you undertake a Gender Based Analysis Plus of the data?,Entreprendrez-vous une analyse comparative entre les sexes plus des données?,,
62,0.5,question60,rm-data-quality-design,De-Risking And Mitigation Measures,Élimination des risques et mesure d'atténuation,13,data-quality-MS,MS,mitigation,design,radiogroup,N,,2,0,Will you be making this information publically available?,Allez-vous rendre cette information disponible publiquement?,,
63,0.5,question37,rm-data-quality-design,De-Risking And Mitigation Measures,Élimination des risques et mesure d'atténuation,13,data-quality-MS,MS,mitigation,design,radiogroup,N,,2,0,"Have you assigned accountability in your institution for the design, development, maintenance, and improvement of the system?","Dans votre établissement, existe-t-il des responsables de la conception, du développement, de la maintenance et de l’amélioration du système?",,
64,0.5,question38,rm-data-quality-design,De-Risking And Mitigation Measures,Élimination des risques et mesure d'atténuation,13,data-quality-MS,MS,mitigation,design,radiogroup,N,,2,0,Will you have a documented process to manage the risk that outdated or unreliable data is used to make an automated decision?,Disposerez-vous d'un processus documenté pour gérer le risque que des données périmées ou non fiables soient utilisées pour prendre une décision automatisée?,,
65,0.5,question61,rm-data-quality-design,De-Risking And Mitigation Measures,Élimination des risques et mesure d'atténuation,13,data-quality-MS,MS,mitigation,design,radiogroup,N,,2,0,Will you be making this information publically available?,Allez-vous rendre cette information disponible publiquement?,,
66,0.5,question39,rm-data-quality-design,De-Risking And Mitigation Measures,Élimination des risques et mesure d'atténuation,13,data-quality-MS,MS,mitigation,design,radiogroup,N,,2,0,Will the data used for this system be posted on the Open Government Portal?,Les données utilisées pour ce système seront-elles affichées sur la portail du gouvernement ouvert?,,
67,0.5,question1,rm-data-quality-implementation,De-Risking And Mitigation Measures,Élimination des risques et mesure d'atténuation,14,panel1,,none,,radiogroup,N,,2,0,"Do you have documented processes in place to test datasets against biases and other unexpected outcomes? This could include experience in applying frameworks, methods, guidelines or other assessment tools.","Disposez-vous de processus documentés pour tester les jeux de données en fonction de biais et d’autres résultats inattendus? Par exemple, ceci pourrait inclure une expérience dans l’application de cadres, de méthodes, de lignes directrices ou d’outils d’évaluation.",,
68,0.5,question62,rm-data-quality-implementation,De-Risking And Mitigation Measures,Élimination des risques et mesure d'atténuation,14,panel1,,none,,radiogroup,N,,2,0,Is this information publicly available?,Cette information est-elle publiquement disponible?,,
69,0.5,question2,rm-data-quality-implementation,De-Risking And Mitigation Measures,Élimination des risques et mesure d'atténuation,14,panel1,,none,,radiogroup,N,,2,0,Have you developed a process to document how data quality issues were resolved during the design process?,Avez-vous élaboré un processus permettant de documenter la façon dont les problèmes de qualité des données qui seront résolus pendant le processus de conception?,,
70,0.5,question63,rm-data-quality-implementation,De-Risking And Mitigation Measures,Élimination des risques et mesure d'atténuation,14,panel1,,none,,radiogroup,N,,2,0,Is this information publicly available?,Cette information est-elle publiquement disponible?,,
71,0.5,question3,rm-data-quality-implementation,De-Risking And Mitigation Measures,Élimination des risques et mesure d'atténuation,14,panel1,,none,,radiogroup,N,,2,0,Have you undertaken a Gender Based Analysis Plus of the data?,Avez-vous entrepris une analyse comparative entre les sexes plus des données?,,
72,0.5,question64,rm-data-quality-implementation,De-Risking And Mitigation Measures,Élimination des risques et mesure d'atténuation,14,panel1,,none,,radiogroup,N,,2,0,Is this information publicly available?,Cette information est-elle publiquement disponible?,,
73,0.5,question4,rm-data-quality-implementation,De-Risking And Mitigation Measures,Élimination des risques et mesure d'atténuation,14,panel1,,none,,radiogroup,N,,2,0,"Have you assigned accountability in your institution for the design, development, maintenance, and improvement of the system?","Dans votre établissement, existe-t-il des responsables de la conception, du développement, de la maintenance et de l’amélioration du système?",,
74,0.5,question5,rm-data-quality-implementation,De-Risking And Mitigation Measures,Élimination des risques et mesure d'atténuation,14,panel1,,none,,radiogroup,N,,2,0,Do you have a documented process to manage the risk that outdated or unreliable data is used to make an automated decision?,Disposez-vous d'un processus documenté pour gérer le risque que des données périmées ou non fiables soient utilisées pour prendre une décision automatisée?,,
75,0.5,question65,rm-data-quality-implementation,De-Risking And Mitigation Measures,Élimination des risques et mesure d'atténuation,14,panel1,,none,,radiogroup,N,,2,0,Is this information publicly available?,Cette information est-elle publiquement disponible?,,
76,0.5,question6,rm-data-quality-implementation,De-Risking And Mitigation Measures,Élimination des risques et mesure d'atténuation,14,panel1,,none,,radiogroup,N,,2,0,Is the data used for this system posted on the Open Government Portal?,Les données utilisées pour ce système seront-elles affichées sur la portail du gouvernement ouvert?,,
77,0.5,question40,rm-fairness-design,De-Risking And Mitigation Measures,Élimination des risques et mesure d'atténuation,15,procedural-fairness-MS,MS,mitigation,design,radiogroup,N,,2,0,Will the system provide an audit trail that records all the recommendations or decisions made by the system?,Est-ce que le système fournira une piste de vérification qui enregistre les recommandations ou les décisions?,,
78,0.5,question41,rm-fairness-design,De-Risking And Mitigation Measures,Élimination des risques et mesure d'atténuation,15,procedural-fairness-MS,MS,mitigation,design,radiogroup,N,,2,0,Will you maintain a log detailing all of the changes made to the model and the system?,Tiendrez-vous un registre détaillant toutes les modifications apportées au modèle et au système?,,
79,0.5,question42,rm-fairness-design,De-Risking And Mitigation Measures,Élimination des risques et mesure d'atténuation,15,procedural-fairness-MS,MS,mitigation,design,radiogroup,N,,2,0,Will the audit trail clearly set out all decision points made by the system?,La piste de vérification énoncera-t-elle clairement tous les points de décision pris par le système?,,
80,0.5,question43,rm-fairness-design,De-Risking And Mitigation Measures,Élimination des risques et mesure d'atténuation,15,procedural-fairness-MS,MS,mitigation,design,radiogroup,N,,2,0,Will the audit trail show who an authorized decision-maker is?,La piste de vérification indiquera-t-elle qui est un décideur autorisé?,,
81,0.5,question44,rm-fairness-design,De-Risking And Mitigation Measures,Élimination des risques et mesure d'atténuation,15,procedural-fairness-MS,MS,mitigation,design,radiogroup,N,,2,0,Will the system be able to produce reasons for its decisions or recommendations when required?,"Le système justifiera-t-il ses décisions ou ses recommandations, au besoin?",,
82,0.5,question45,rm-fairness-design,De-Risking And Mitigation Measures,Élimination des risques et mesure d'atténuation,15,procedural-fairness-MS,MS,mitigation,design,radiogroup,N,,2,0,"Will there be a process in place to grant, monitor, and revoke access permission to the system?","Existera-t-il un processus en place permettant d’accorder, de surveiller et de révoquer l’autorisation d’accès au système?",,
83,0.5,question46,rm-fairness-design,De-Risking And Mitigation Measures,Élimination des risques et mesure d'atténuation,15,procedural-fairness-MS,MS,mitigation,design,radiogroup,N,,2,0,Will there be a mechanism to capture feedback by users of the system?,Existera-t-il un mécanisme permettant de recueillir les commentaires des utilisateurs du système?,,
84,0.5,question47,rm-fairness-design,De-Risking And Mitigation Measures,Élimination des risques et mesure d'atténuation,15,procedural-fairness-MS,MS,mitigation,design,radiogroup,N,,2,0,Is there a recourse process planned or established for clients that wish to challenge the decision?,Un processus de recours est-il prévu ou établi pour les clients qui souhaitent contester la décision?,,
85,0.5,question48,rm-fairness-design,De-Risking And Mitigation Measures,Élimination des risques et mesure d'atténuation,15,procedural-fairness-MS,MS,mitigation,design,radiogroup,N,,2,0,Will the system enable human override of system decisions?,Le système permettra-t-il aux humains de passer outre les décisions du système?,,
86,0.5,question49,rm-fairness-design,De-Risking And Mitigation Measures,Élimination des risques et mesure d'atténuation,15,procedural-fairness-MS,MS,mitigation,design,radiogroup,N,,2,0,Will there a process in place to log the instances when overrides were performed?,Y aura-t-il un processus en place pour consigner les cas où des dérogations ont été effectuées?,,
87,0.5,question50,rm-fairness-design,De-Risking And Mitigation Measures,Élimination des risques et mesure d'atténuation,15,procedural-fairness-MS,MS,mitigation,design,radiogroup,N,,2,0,Will the audit trail include change control processes to record modifications to the system's operation or performance?,La piste de vérification comprendra-t-elle des processus de contrôle des changements pour consigner les modifications apportées au fonctionnement ou au rendement du système?,,
88,0.5,question51,rm-fairness-design,De-Risking And Mitigation Measures,Élimination des risques et mesure d'atténuation,15,procedural-fairness-MS,MS,mitigation,design,radiogroup,N,,2,0,Have you prepared a concept case to the Government of Canada Enterprise Architecture Review Baord?,Avez-vous préparé un dossier conceptuel pour le Conseil d’examen de l’architecture intégrée du gouvernement du Canada?,,
89,0.5,question7,rm-fairness-implementation,De-Risking And Mitigation Measures,Élimination des risques et mesure d'atténuation,16,panel2,,mitigation,implementation,radiogroup,N,,2,0,Does the system's audit trail indicate all the recommendations or decisions made by the system?,Est-ce que le système fourni une piste de vérification qui enregistre les recommandations ou les décisions?,,
90,0.5,question9,rm-fairness-implementation,De-Risking And Mitigation Measures,Élimination des risques et mesure d'atténuation,16,panel2,,mitigation,implementation,radiogroup,N,,2,0,Do you maintain a current and up to date log detailing all of the changes made to the model and the system?,Tenez-vous un registre à jour détaillant toutes les modifications apportées au modèle et au système?,,
91,0.5,question10,rm-fairness-implementation,De-Risking And Mitigation Measures,Élimination des risques et mesure d'atténuation,16,panel2,,mitigation,implementation,radiogroup,N,,2,0,Does the system's audit trail clearly indicate all decision points made by the system?,La piste de vérification énonce-t-elle clairement tous les points de décision pris par le système?,,
92,0.5,question11,rm-fairness-implementation,De-Risking And Mitigation Measures,Élimination des risques et mesure d'atténuation,16,panel2,,mitigation,implementation,radiogroup,N,,2,0,Does the audit trail show who an authorized decision-maker is?,La piste de vérification indique-t-elle qui est un décideur autorisé?,,
93,0.5,question12,rm-fairness-implementation,De-Risking And Mitigation Measures,Élimination des risques et mesure d'atténuation,16,panel2,,mitigation,implementation,radiogroup,N,,2,0,Is the system be able to produce reasons for its decisions or recommendations when required?,"Le système justifie-t-il ses décisions ou ses recommandations, au besoin?",,
94,0.5,question52,rm-fairness-implementation,De-Risking And Mitigation Measures,Élimination des risques et mesure d'atténuation,16,panel2,,mitigation,implementation,radiogroup,N,,2,0,"Is there a process in place to grant, monitor, and revoke access permission to the system?","Existe-t-il un processus en place permettant d’accorder, de surveiller et de révoquer l’autorisation d’accès au système?",,
95,0.5,question53,rm-fairness-implementation,De-Risking And Mitigation Measures,Élimination des risques et mesure d'atténuation,16,panel2,,mitigation,implementation,radiogroup,N,,2,0,Is there a mechanism to capture feedback by users of the system?,Existe-t-il un mécanisme permettant de recueillir les commentaires des utilisateurs du système?,,
96,0.5,question54,rm-fairness-implementation,De-Risking And Mitigation Measures,Élimination des risques et mesure d'atténuation,16,panel2,,mitigation,implementation,radiogroup,N,,2,0,Is there a recourse process established for clients that wish to challenge the decision?,Un processus de recours est-il établi pour les clients qui souhaitent contester la décision?,,
97,0.5,question55,rm-fairness-implementation,De-Risking And Mitigation Measures,Élimination des risques et mesure d'atténuation,16,panel2,,mitigation,implementation,radiogroup,N,,2,0,Does the system enable human override of system decisions?,Le système permet-il aux humains de passer outre les décisions du système?,,
98,0.5,question56,rm-fairness-implementation,De-Risking And Mitigation Measures,Élimination des risques et mesure d'atténuation,16,panel2,,mitigation,implementation,radiogroup,N,,2,0,Is there a process in place to log the instances when overrides were performed?,Y a-t-il un processus en place pour consigner les cas où des dérogations ont été effectuées?,,
99,0.5,question57,rm-fairness-implementation,De-Risking And Mitigation Measures,Élimination des risques et mesure d'atténuation,16,panel2,,mitigation,implementation,radiogroup,N,,2,0,Does the audit trail include change control processes to record modifications to the system's operation or performance?,La piste de vérification comprend-elle des processus de contrôle des changements pour consigner les modifications apportées au fonctionnement ou au rendement du système?,,
100,0.5,question58,rm-fairness-implementation,De-Risking And Mitigation Measures,Élimination des risques et mesure d'atténuation,16,panel2,,mitigation,implementation,radiogroup,N,,2,0,Has your concept case been approved by the Government of Canada Enterprise Architecture Review Baord?,Votre dossier conceptuel pour le Conseil d’examen de l’architecture intégrée du gouvernement du Canada a-t-il été approuvé?,,
1,0.4,respondent,project-details,Project Details,Détails du projet,1,panel-project-NS,NS,none,,text,N,,0,0,Name of Respondent,Nom de la personne sondée,,
2,0.4,title,project-details,Project Details,Détails du projet,1,panel-project-NS,NS,none,,text,N,,0,0,Job Title,Titre du poste,,
3,0.4,department-NS,project-details,Project Details,Détails du projet,1,panel-project-NS,NS,none,,dropdown,N,,101,0,Department,Ministère,,
4,0.4,branch,project-details,Project Details,Détails du projet,1,panel-project-NS,NS,none,,text,N,,0,0,Branch,Direction,,
5,0.4,project-title,project-details,Project Details,Détails du projet,1,panel-project-NS,NS,none,,text,N,,0,0,Project Title,Titre du projet,,
6,0.4,description,project-details,Project Details,Détails du projet,1,panel-project-NS,NS,none,,comment,N,,0,0,Please provide a project description:,Veuillez fournir une description du projet :,,
7,0.4,motivation,business-drivers,Business Driver / Positive Impact,Facteur opérationnel / Incidence positive,2,panel-business-NS,NS,none,,checkbox,N,,6,6,What is motivating your team to introduce automation into this decision-making process? (Check all that apply),Qu'est-ce qui motive votre équipe à introduire l'automatisation dans ce processus décisionnel? (Cochez toutes les réponses qui s'appliquent.),,
8,0.4,motivation-other,business-drivers,Business Driver / Positive Impact,Facteur opérationnel / Incidence positive,2,panel-business-NS,NS,none,,comment,N,"{motivation} contains [""item6-1""]",0,0,Please describe,S'il vous plait décrire,,
9,0.4,capabilities,system,About The System,À propos du système,3,panel-system-NS,NS,none,,checkbox,N,,6,1,Please check which of the following capabilities apply to your system.,Veuillez indiquer laquelle des capacités suivantes s'applique à votre système.,,
10,0.4,capabilities-other,system,About The System,À propos du système,3,panel-system-NS,NS,none,,comment,N,"{capabilities} contains [""item6-1""]",0,0,Please describe,S'il vous plait décrire,,
11,0.4,sector-categories,decision-sector,About The Decision,À propos de la décision,4,panel-decision-RS,RS,raw,,checkbox,N,,6,6,Does the decision pertain to any of the categories below (check all that apply):,La décision s'applique-t-elle à l'une ou l'autre des catégories ci-dessous (*Cochez toutes les réponses qui s'appliquent) :,,
12,0.4,sector-categories-other,decision-sector,About The Decision,À propos de la décision,4,panel-decision-RS,RS,raw,,comment,N,"{sector-categories} contains [""item6-1""]",0,0,Please describe,S'il vous plait décrire,,
13,0.4,discretion,impact,Impact Assessment,Évaluation de l'incidence,5,panel-impact-RS,RS,raw,,radiogroup,N,,2,4,Will the system be automating or replacing human decisions that require judgement or discretion?,Le système automatisera-t-il ou remplacera-t-il les décisions humaines qui exigent du jugement ou de la discrétion?,,
14,0.4,discretion-comment,impact,Impact Assessment,Évaluation de l'incidence,5,panel-impact-RS,RS,raw,,comment,N,"{discretion} contains [""item1-4""]",0,0,Please describe the decision(s) that will be automated,Veuillez décrire la ou les décisions qui seront automatisées,,
15,0.4,question8,impact,Impact Assessment,Évaluation de l'incidence,5,panel-impact-RS,RS,raw,,radiogroup,N,,2,0,Is the system used by a different part of the organization than the ones who developed it?,Le système est-il utilisé par une partie de l’organisation différente de celle à laquelle appartiennent ceux qui l’ont développé?,,
16,0.4,question20,impact,Impact Assessment,Évaluation de l'incidence,5,panel-impact-RS,RS,raw,,dropdown,N,,4,0,Are the impacts resulting from the decision reversible?,Les incidences découlant de la décision sont-elles réversibles?,,
17,0.4,question21,impact,Impact Assessment,Évaluation de l'incidence,5,panel-impact-RS,RS,raw,,dropdown,N,,4,0,How long will impacts from the decision last?,Combien de temps les incidences de la décision dureront-elles?,,
18,0.4,question13,impact,Impact Assessment,Évaluation de l'incidence,5,panel-impact-RS,RS,raw,,comment,N,,0,0,Please describe why the impacts resulting from the decision are as per selected option above.,Veuillez indiquer pour quelle raison les incidences découlant de la décision sont (selon l’option sélectionnée ci-dessus). ,,
19,0.4,question22,impact,Impact Assessment,Évaluation de l'incidence,5,panel-impact-RS,RS,raw,,dropdown,N,,4,0,The impacts that the decision will have on the rights or freedoms of individuals will likely be:,Les incidences de la décision sur les droits ou libertés des personnes seront probablement les suivantes :,,
20,0.4,question15,impact,Impact Assessment,Évaluation de l'incidence,5,panel-impact-RS,RS,raw,,comment,N,,0,0,Please describe why the impacts resulting from the decision are (as per selected option above).,Veuillez indiquer pour quelle raison les incidences découlant de la décision sont (selon l’option sélectionnée ci-dessus).,,
21,0.4,question14,impact,Impact Assessment,Évaluation de l'incidence,5,panel-impact-RS,RS,raw,,dropdown,N,,4,0,The impacts that the decision will have on the health and well-being of individuals will likely be:,Les incidences de la décision sur la santé et le bien-être des personnes seront probablement les suivantes :,,
22,0.4,question17,impact,Impact Assessment,Évaluation de l'incidence,5,panel-impact-RS,RS,raw,,comment,N,,0,0,Please describe why the impacts resulting from the decision are (as per selected option above),Veuillez indiquer pour quelle raison les incidences découlant de la décision sont (selon l’option sélectionnée ci-dessus).,,
23,0.4,question16,impact,Impact Assessment,Évaluation de l'incidence,5,panel-impact-RS,RS,raw,,dropdown,N,,4,0,The impacts that the decision will have on the economic interests of individuals will likely be:,Les incidences de la décision sur les intérêts économiques des personnes seront probablement les suivantes :,,
24,0.4,question19,impact,Impact Assessment,Évaluation de l'incidence,5,panel-impact-RS,RS,raw,,comment,N,,0,0,Please describe why the impacts resulting from the decision are (as per selected option above),Veuillez indiquer pour quelle raison les incidences découlant de la décision sont (selon l’option sélectionnée ci-dessus).,,
25,0.4,question18,impact,Impact Assessment,Évaluation de l'incidence,5,panel-impact-RS,RS,raw,,dropdown,N,,4,0,"The impacts that the decision will have on the ongoing sustainability of an environmental ecosystem, will likely be:",Les incidences de la décision sur la pérennité d’un écosystème environnemental seront probablement les suivantes :,,
26,0.4,question23,impact,Impact Assessment,Évaluation de l'incidence,5,panel-impact-RS,RS,raw,,comment,N,,0,0,Please describe why the impacts resulting from the decision are (as per selected option above),Veuillez indiquer pour quelle raison les incidences découlant de la décision sont (selon l’option sélectionnée ci-dessus).,,
27,0.4,question24,data,About The Data,À propos des données,6,data-source-RS,RS,raw,,radiogroup,N,,2,0,Will the Automated Decision System use personal information as input data?,Le système de décision automatisé utilisera-t-il des renseignements personnels comme données d’entrée?,,
28,0.4,question25,data,About The Data,À propos des données,6,data-source-RS,RS,raw,,dropdown,N,,5,0,What is the highest security classification of the input data used by the system? (Select one),Quelle est la classification de sécurité la plus élevée des données d’entrée utilisées par le système? (N’en choisir qu’une seule),,
29,0.4,question26,data,About The Data,À propos des données,6,data-source-RS,RS,raw,,dropdown,N,,4,0,Who controls the data?,Qui contrôle les données?,,
30,0.4,question27,data,About The Data,À propos des données,6,data-source-RS,RS,raw,,radiogroup,N,,2,0,Will the system data use from multiple different sources?,Les données utilisées par le système proviendront-elles de plusieurs sources différentes?,,
31,0.4,question28,data,About The Data,À propos des données,6,data-source-RS,RS,raw,,radiogroup,N,,2,0,"Will the system require input data from an Internet- or telephony-connected device? (e.g. Internet of Things, sensor)","Le système aura-t-il besoin de données d’entrée provenant d’un appareil connecté à Internet ou à la téléphonie? (P. ex., internet des objets, un Capteur)",,
32,0.4,question29,data,About The Data,À propos des données,6,data-source-RS,RS,raw,,radiogroup,N,,2,0,Will the system interface with other IT systems?,Le système interagira-t-il avec d’autres systèmes des TI?,,
33,0.4,question30,data,About The Data,À propos des données,6,data-source-RS,RS,raw,,dropdown,N,,4,0,Who collected the data used for training the system?,Qui a recueilli les données utilisées pour préparer le système? ,,
34,0.4,question31,data,About The Data,À propos des données,6,data-source-RS,RS,raw,,dropdown,N,,4,0,Who collected the input data used by the system?,Qui a recueilli les données d’entrée utilisées par le système?,,
35,0.4,question32,data,About The Data,À propos des données,6,data-type-RS,RS,raw,,radiogroup,N,,2,0,Will the system require the analysis of unstructured data to render a recommendation or a decision?,Le système exigera-t-il l’analyse de données non structurées pour faire une recommandation ou prendre une décision?,,
36,0.4,question33,data,About The Data,À propos des données,6,data-type-RS,RS,raw,,checkbox,N,"{question32} = ""item1""",2,6,What types of unstructured data? (Check all that apply),De quel type de données non structurées s’agit-il (Cochez toutes les réponses qui s’appliquent)?,,
37,0.4,question34,risk-mitigation,De-Risking And Mitigation Measures,Élimination des risques et mesure d'atténuation,7,data-quality-MS,MS,mitigation,shared,radiogroup,N,,2,0,"Will you have documented processes in place to test datasets against biases and other unexpected outcomes? This could include experience in applying frameworks, methods, guidelines or other assessment tools.","Disposerez-vous de processus documentés pour tester les jeux de données en fonction de biais et d’autres résultats inattendus? Par exemple, ceci pourrait inclure une expérience dans l’application de cadres, de méthodes, de lignes directrices ou d’outils d’évaluation.",,
38,0.4,question35,risk-mitigation,De-Risking And Mitigation Measures,Élimination des risques et mesure d'atténuation,7,data-quality-MS,MS,mitigation,shared,radiogroup,N,,2,0,Will you be developing a process to document how data quality issues were resolved during the design process?,Allez-vous élaborer un processus permettant de documenter la façon dont les problèmes de qualité des données qui seront résolus pendant le processus de conception?,,
39,0.4,question36,risk-mitigation,De-Risking And Mitigation Measures,Élimination des risques et mesure d'atténuation,7,data-quality-MS,MS,mitigation,shared,radiogroup,N,,2,0,Will you undertake a Gender Based Analysis Plus of the data?,Entreprendrez-vous une analyse comparative entre les sexes plus des données?,,
40,0.4,question37,risk-mitigation,De-Risking And Mitigation Measures,Élimination des risques et mesure d'atténuation,7,data-quality-MS,MS,mitigation,shared,radiogroup,N,,2,0,"Have you assigned accountability in your institution for the design, development, maintenance, and improvement of the system?","Dans votre établissement, existe-t-il des responsables de la conception, du développement, de la maintenance et de l’amélioration du système?",,
41,0.4,question38,risk-mitigation,De-Risking And Mitigation Measures,Élimination des risques et mesure d'atténuation,7,data-quality-MS,MS,mitigation,shared,radiogroup,N,,2,0,Will you have a documented process to manage the risk that outdated or unreliable data is used to make an automated decision?,Disposerez-vous d'un processus documenté pour gérer le risque que des données périmées ou non fiables soient utilisées pour prendre une décision automatisée?,,
42,0.4,question39,risk-mitigation,De-Risking And Mitigation Measures,Élimination des risques et mesure d'atténuation,7,data-quality-MS,MS,mitigation,shared,radiogroup,N,,2,0,Will the data used for this system be posted on the Open Government Portal?,Les données utilisées pour ce système seront-elles affichées sur la portail du gouvernement ouvert?,,
43,0.4,question40,risk-mitigation2,De-Risking And Mitigation Measures,Élimination des risques et mesure d'atténuation,8,procedural-fairness-MS,MS,mitigation,shared,radiogroup,N,,2,0,Will the system provide an audit trail that records all the recommendations or decisions made by the system?,Est-ce que le système fournira une piste de vérification qui enregistre les recommandations ou les décisions?,,
44,0.4,question41,risk-mitigation2,De-Risking And Mitigation Measures,Élimination des risques et mesure d'atténuation,8,procedural-fairness-MS,MS,mitigation,shared,radiogroup,N,,2,0,Will you maintain a log detailing all of the changes made to the model and the system?,Tiendrez-vous un registre détaillant toutes les modifications apportées au modèle et au système?,,
45,0.4,question42,risk-mitigation2,De-Risking And Mitigation Measures,Élimination des risques et mesure d'atténuation,8,procedural-fairness-MS,MS,mitigation,shared,radiogroup,N,,2,0,Will the audit trail clearly set out all decision points made by the system?,La piste de vérification énoncera-t-elle clairement tous les points de décision pris par le système?,,
46,0.4,question43,risk-mitigation2,De-Risking And Mitigation Measures,Élimination des risques et mesure d'atténuation,8,procedural-fairness-MS,MS,mitigation,shared,radiogroup,N,,2,0,Does the audit trail show who an authorized decision-maker is?,La piste de vérification indiquera-t-elle qui est un décideur autorisé?,,
47,0.4,question44,risk-mitigation2,De-Risking And Mitigation Measures,Élimination des risques et mesure d'atténuation,8,procedural-fairness-MS,MS,mitigation,shared,radiogroup,N,,2,0,Will the system be able to produce reasons for its decisions or recommendations when required?,"Le système justifiera-t-il ses décisions ou ses recommandations, au besoin?",,
48,0.4,question45,risk-mitigation2,De-Risking And Mitigation Measures,Élimination des risques et mesure d'atténuation,8,procedural-fairness-MS,MS,mitigation,shared,radiogroup,N,,2,0,"Will there be a process in place to grant, monitor, and revoke access permission to the system?","Existera-t-il un processus en place permettant d’accorder, de surveiller et de révoquer l’autorisation d’accès au système?",,
49,0.4,question46,risk-mitigation2,De-Risking And Mitigation Measures,Élimination des risques et mesure d'atténuation,8,procedural-fairness-MS,MS,mitigation,shared,radiogroup,N,,2,0,Will there be a mechanism to capture feedback by users of the system?,Existera-t-il un mécanisme permettant de recueillir les commentaires des utilisateurs du système?,,
50,0.4,question47,risk-mitigation2,De-Risking And Mitigation Measures,Élimination des risques et mesure d'atténuation,8,procedural-fairness-MS,MS,mitigation,shared,radiogroup,N,,2,0,Is there a recourse process planned or established for clients that wish to challenge the decision?,Un processus de recours est-il prévu ou établi pour les clients qui souhaitent contester la décision?,,
51,0.4,question48,risk-mitigation2,De-Risking And Mitigation Measures,Élimination des risques et mesure d'atténuation,8,procedural-fairness-MS,MS,mitigation,shared,radiogroup,N,,2,0,Will the system enable human override of system decisions?,Le système permettra-t-il aux humains de passer outre les décisions du système?,,
52,0.4,question49,risk-mitigation2,De-Risking And Mitigation Measures,Élimination des risques et mesure d'atténuation,8,procedural-fairness-MS,MS,mitigation,shared,radiogroup,N,,2,0,Will there a process in place to log the instances when overrides were performed?,Y aura-t-il un processus en place pour consigner les cas où des dérogations ont été effectuées?,,
53,0.4,question50,risk-mitigation2,De-Risking And Mitigation Measures,Élimination des risques et mesure d'atténuation,8,procedural-fairness-MS,MS,mitigation,shared,radiogroup,N,,2,0,Will the audit trail include change control processes to record modifications to the system's operation or performance?,La piste de vérification comprendra-t-elle des processus de contrôle des changements pour consigner les modifications apportées au fonctionnement ou au rendement du système?,,
54,0.4,question51,risk-mitigation2,De-Risking And Mitigation Measures,Élimination des risques et mesure d'atténuation,8,procedural-fairness-MS,MS,mitigation,shared,radiogroup,N,,2,0,Have you prepared a concept case to the Government of Canada Enterprise Architecture Review Baord?,Avez-vous préparé un dossier conceptuel pour le Conseil d’examen de l’architecture intégrée du gouvernement du Canada?,,
1,0.3,respondent,project-details,Project Details,Détails du projet,1,panel-project-NS,NS,none,,text,N,,0,0,Name of Respondent,Nom de la personne sondée,,
2,0.3,title,project-details,Project Details,Détails du projet,1,panel-project-NS,NS,none,,text,N,,0,0,Job Title,Titre du poste,,
3,0.3,department,project-details,Project Details,Détails du projet,1,panel-project-NS,NS,none,,dropdown,N,,101,0,Department,Ministère,,
4,0.3,branch,project-details,Project Details,Détails du projet,1,panel-project-NS,NS,none,,text,N,,0,0,Branch,Direction,,
5,0.3,project-title,project-details,Project Details,Détails du projet,1,panel-project-NS,NS,none,,text,N,,0,0,Project Title,Titre du projet,,
6,0.3,description,project-details,Project Details,Détails du projet,1,panel-project-NS,NS,none,,comment,N,,0,0,Please provide a project description:,Veuillez fournir une description du projet :,,
7,0.3,question7,business-drivers,Business Driver / Positive Impact,Facteur opérationnel / Incidence positive,2,panel-business-NS,NS,none,,checkbox,N,,6,6,What is motivating your team to introduce automation into this decision-making process? (Check all that apply),Qu'est-ce qui motive votre équipe à introduire l'automatisation dans ce processus décisionnel? (Cochez toutes les réponses qui s'appliquent.),,
8,0.3,question52,business-drivers,Business Driver / Positive Impact,Facteur opérationnel / Incidence positive,2,panel-business-NS,NS,none,,comment,N,"{question7} contains [""item6-1""]",0,0,Please describe,S'il vous plait décrire,,
9,0.3,question9,system,About The System,À propos du système,3,panel-system-NS,NS,none,,checkbox,N,,6,1,Please check which of the following capabilities apply to your system.,Veuillez indiquer laquelle des capacités suivantes s'applique à votre système.,,
10,0.3,question9-other,system,About The System,À propos du système,3,panel-system-NS,NS,none,,comment,N,"{question9} contains [""item6-1""]",0,0,Please describe,S'il vous plait décrire,,
11,0.3,question10,decision-sector,About The Decision,À propos de la décision,4,panel-decision-RS,RS,raw,,checkbox,N,,6,6,Does the decision pertain to any of the categories below (check all that apply):,La décision s'applique-t-elle à l'une ou l'autre des catégories ci-dessous (*Cochez toutes les réponses qui s'appliquent) :,,
12,0.3,question10-other,decision-sector,About The Decision,À propos de la décision,4,panel-decision-RS,RS,raw,,comment,N,"{question10} contains [""item6-1""]",0,0,Please describe,S'il vous plait décrire,,
13,0.3,question11,impact,Impact Assessment,Évaluation de l'incidence,5,panel-impact-RS,RS,raw,,radiogroup,N,,2,0,Does the recommendation or decision made by the system include elements of discretion?,La recommandation ou la décision prise par le système comprend-elle des éléments d’appréciation?,,
14,0.3,question12,impact,Impact Assessment,Évaluation de l'incidence,5,panel-impact-RS,RS,raw,,comment,N,{question11} = 4,0,0,Describe what is discretionary about the decision,Décrire en quoi la décision est discrétionnaire,,
15,0.3,question8,impact,Impact Assessment,Évaluation de l'incidence,5,panel-impact-RS,RS,raw,,radiogroup,N,,2,0,Is the system used by a different part of the organization than the ones who developed it?,Le système est-il utilisé par une partie de l’organisation différente de celle à laquelle appartiennent ceux qui l’ont développé?,,
16,0.3,question20,impact,Impact Assessment,Évaluation de l'incidence,5,panel-impact-RS,RS,raw,,dropdown,N,,4,0,Are the impacts resulting from the decision reversible?,Les incidences découlant de la décision sont-elles réversibles?,,
17,0.3,question21,impact,Impact Assessment,Évaluation de l'incidence,5,panel-impact-RS,RS,raw,,dropdown,N,,4,0,How long will impacts from the decision last?,Combien de temps les incidences de la décision dureront-elles?,,
18,0.3,question13,impact,Impact Assessment,Évaluation de l'incidence,5,panel-impact-RS,RS,raw,,comment,N,,0,0,Please describe why the impacts resulting from the decision are as per selected option above.,"Veuillez indiquer pour quelle raison les incidences découlant de la décision sont (selon l’option sélectionnée
ci-dessus). ",,
19,0.3,question22,impact,Impact Assessment,Évaluation de l'incidence,5,panel-impact-RS,RS,raw,,dropdown,N,,4,0,"The impacts that the decision will have on the rights or freedoms of individuals or communities, will likely be:",Les incidences de la décision sur les droits ou libertés des personnes ou des collectivités seront probablement les suivantes :,,
20,0.3,question15,impact,Impact Assessment,Évaluation de l'incidence,5,panel-impact-RS,RS,raw,,comment,N,,0,0,Please describe why the impacts resulting from the decision are (as per selected option above).,Veuillez indiquer pour quelle raison les incidences découlant de la décision sont (selon l’option sélectionnée ci-dessus).,,
21,0.3,question14,impact,Impact Assessment,Évaluation de l'incidence,5,panel-impact-RS,RS,raw,,dropdown,N,,4,0,"The impacts that the decision will have on the health and well-being of individuals or communities, will likely be:",Les incidences de la décision sur la santé et le bien-être des personnes ou des collectivités seront probablement les suivantes :,,
22,0.3,question17,impact,Impact Assessment,Évaluation de l'incidence,5,panel-impact-RS,RS,raw,,comment,N,,0,0,Please describe why the impacts resulting from the decision are (as per selected option above),Veuillez indiquer pour quelle raison les incidences découlant de la décision sont (selon l’option sélectionnée ci-dessus).,,
23,0.3,question16,impact,Impact Assessment,Évaluation de l'incidence,5,panel-impact-RS,RS,raw,,dropdown,N,,4,0,"The impacts that the decision will have on the economic interests of individuals or communities, will likely be:",Les incidences de la décision sur les intérêts économiques des personnes ou des collectivités seront probablement les suivantes :,,
24,0.3,question19,impact,Impact Assessment,Évaluation de l'incidence,5,panel-impact-RS,RS,raw,,comment,N,,0,0,Please describe why the impacts resulting from the decision are (as per selected option above),Veuillez indiquer pour quelle raison les incidences découlant de la décision sont (selon l’option sélectionnée ci-dessus).,,
25,0.3,question18,impact,Impact Assessment,Évaluation de l'incidence,5,panel-impact-RS,RS,raw,,dropdown,N,,4,0,"The impacts that the decision will have on the ongoing sustainability of an environmental ecosystem, will likely be:",Les incidences de la décision sur la pérennité d’un écosystème environnemental seront probablement les suivantes :,,
26,0.3,question23,impact,Impact Assessment,Évaluation de l'incidence,5,panel-impact-RS,RS,raw,,comment,N,,0,0,Please describe why the impacts resulting from the decision are (as per selected option above),Veuillez indiquer pour quelle raison les incidences découlant de la décision sont (selon l’option sélectionnée ci-dessus).,,
27,0.3,question24,data,About The Data,À propos des données,6,data-source-RS,RS,raw,,radiogroup,N,,2,0,Will the Automated Decision System use personal information as input data?,"Le système de décision automatisé
utilisera-t-il des renseignements personnels comme données d’entrée?",,
28,0.3,question25,data,About The Data,À propos des données,6,data-source-RS,RS,raw,,dropdown,N,,5,0,What is the highest security classification of the input data used by the system? (Select one),"Quelle est la classification de sécurité la
plus élevée des données d’entrée utilisées par le système? (N’en choisir qu’une
seule)",,
29,0.3,question26,data,About The Data,À propos des données,6,data-source-RS,RS,raw,,dropdown,N,,4,0,Who controls the data?,Qui contrôle les données?,,
30,0.3,question27,data,About The Data,À propos des données,6,data-source-RS,RS,raw,,radiogroup,N,,2,0,Will the system data use from multiple different sources?,"Les données utilisées par le système
proviendront-elles de plusieurs sources différentes?",,
31,0.3,question28,data,About The Data,À propos des données,6,data-source-RS,RS,raw,,radiogroup,N,,2,0,Will the system require input data from an Internet- or telephony-connected device? (e.g. a sensor),"Le système aura-t-il besoin de données d’entrée
provenant d’un appareil connecté à Internet ou à la téléphonie? (P. ex., un
Capteur)",,
32,0.3,question29,data,About The Data,À propos des données,6,data-source-RS,RS,raw,,radiogroup,N,,2,0,Will the system interface with other IT systems?,"Le système interagira-t-il avec d’autres
systèmes des TI?",,
33,0.3,question30,data,About The Data,À propos des données,6,data-source-RS,RS,raw,,dropdown,N,,4,0,Who collected the data used for training the system?,"Qui a recueilli les données utilisées pour
préparer le système? ",,
34,0.3,question31,data,About The Data,À propos des données,6,data-source-RS,RS,raw,,dropdown,N,,4,0,Who collected the input data used by the system?,Qui a recueilli les données d’entrée utilisées par le système?,,
35,0.3,question32,data,About The Data,À propos des données,6,data-type-RS,RS,raw,,radiogroup,N,,2,0,Will the system require the analysis of unstructured data to render a recommendation or a decision?,"Le système exigera-t-il l’analyse de données
non structurées pour faire une recommandation ou prendre une décision?",,
36,0.3,question33,data,About The Data,À propos des données,6,data-type-RS,RS,raw,,checkbox,N,"{question32} = ""4""",2,0,What types of unstructured data? (Check all that apply),"De quel type de données non structurées
s’agit-il (Cochez toutes les réponses qui s’appliquent)?",,
37,0.3,question34,risk-mitigation,De-Risking And Mitigation Measures,Élimination des risques et mesure d'atténuation,7,data-quality-MS,MS,mitigation,shared,radiogroup,N,,2,0,"Have you documented processes in place to test datasets against biases and other unexpected outcomes? This could include experience in applying frameworks, methods, guidelines or other assessment tools.","Avez-vous documenté les processus en place pour tester les jeux de données en fonction de biais et d’autres résultats inattendus? Par exemple, ceci pourrait inclure une expérience dans l’application de cadres, de méthodes, de lignes directrices ou d’outils d’évaluation.",,
38,0.3,question35,risk-mitigation,De-Risking And Mitigation Measures,Élimination des risques et mesure d'atténuation,7,data-quality-MS,MS,mitigation,shared,radiogroup,N,,2,0,Is there a process currently in place to document how data quality issues were resolved during the design process?,Existe-t-il actuellement un processus permettant de documenter la façon dont les problèmes de qualité des données ont été résolus pendant le processus de conception?,,
39,0.3,question36,risk-mitigation,De-Risking And Mitigation Measures,Élimination des risques et mesure d'atténuation,7,data-quality-MS,MS,mitigation,shared,radiogroup,N,,2,0,Have you undertaken a Gender Based Analysis Plus of the data?,Avez-vous procédé à une analyse comparative entre les sexes plus des données?,,
40,0.3,question37,risk-mitigation,De-Risking And Mitigation Measures,Élimination des risques et mesure d'atténuation,7,data-quality-MS,MS,mitigation,shared,radiogroup,N,,2,0,"Have you assigned accountability in your institution for the design, development, maintenance, and improvement of the system?","Dans votre établissement, existe-t-il des responsables de la conception, du développement, de la maintenance et de l’amélioration du système?",,
41,0.3,question38,risk-mitigation,De-Risking And Mitigation Measures,Élimination des risques et mesure d'atténuation,7,data-quality-MS,MS,mitigation,shared,radiogroup,N,,2,0,Have you documented processes to manage the risk that outdated or unreliable data is used to make an automated decision?,Avez-vous documenté des processus permettant de gérer le risque que des données obsolètes ou non fiables soient utilisées pour une prise de décision automatisée?,,
42,0.3,question39,risk-mitigation,De-Risking And Mitigation Measures,Élimination des risques et mesure d'atténuation,7,data-quality-MS,MS,mitigation,shared,radiogroup,N,,2,0,Will the data be posted on the Open Government Portal?,Les données seront-elles affichées sur le portail Gouvernement ouvert?,,
43,0.3,question40,risk-mitigation2,De-Risking And Mitigation Measures,Élimination des risques et mesure d'atténuation,8,procedural-fairness-MS,MS,mitigation,shared,radiogroup,N,,2,0,Does the system provide an audit trail that records recommendations or decisions?,Le système fournit-il une piste de vérification qui enregistre les recommandations ou les décisions?,,
44,0.3,question41,risk-mitigation2,De-Risking And Mitigation Measures,Élimination des risques et mesure d'atténuation,8,procedural-fairness-MS,MS,mitigation,shared,radiogroup,N,,2,0,Do you maintain a log detailing all of the changes made to the model and the system?,Tenez-vous un registre détaillant toutes les modifications apportées au modèle et au système?,,
45,0.3,question42,risk-mitigation2,De-Risking And Mitigation Measures,Élimination des risques et mesure d'atténuation,8,procedural-fairness-MS,MS,mitigation,shared,radiogroup,N,,2,0,Does the audit trail clearly set out all decision points made by the system?,La piste de vérification énonce-t-elle clairement tous les points de décision pris par le système?,,
46,0.3,question43,risk-mitigation2,De-Risking And Mitigation Measures,Élimination des risques et mesure d'atténuation,8,procedural-fairness-MS,MS,mitigation,shared,radiogroup,N,,2,0,Does the audit trail show who an authorized decision-maker is?,La piste de vérification indique-t-elle qui est un décideur autorisé?,,
47,0.3,question44,risk-mitigation2,De-Risking And Mitigation Measures,Élimination des risques et mesure d'atténuation,8,procedural-fairness-MS,MS,mitigation,shared,radiogroup,N,,2,0,Does the system produce reasons for its decisions or recommendations when required?,"Le système justifie-t-il ses décisions ou ses recommandations, au besoin?",,
48,0.3,question45,risk-mitigation2,De-Risking And Mitigation Measures,Élimination des risques et mesure d'atténuation,8,procedural-fairness-MS,MS,mitigation,shared,radiogroup,N,,2,0,"Is there a process in place to grant, monitor, and revoke access permission to the system?","Existe-t-il un processus en place permettant d’accorder, de surveiller et de révoquer l’autorisation d’accès au système?",,
49,0.3,question46,risk-mitigation2,De-Risking And Mitigation Measures,Élimination des risques et mesure d'atténuation,8,procedural-fairness-MS,MS,mitigation,shared,radiogroup,N,,2,0,Is there a mechanism to capture feedback by users of the system?,Existe-t-il un mécanisme permettant de recueillir les commentaires des utilisateurs du système?,,
50,0.3,question47,risk-mitigation2,De-Risking And Mitigation Measures,Élimination des risques et mesure d'atténuation,8,procedural-fairness-MS,MS,mitigation,shared,radiogroup,N,,2,0,Is there a recourse process planned or established for clients that wish to challenge the decision?,Un processus de recours est-il prévu ou établi pour les clients qui souhaitent contester la décision?,,
51,0.3,question48,risk-mitigation2,De-Risking And Mitigation Measures,Élimination des risques et mesure d'atténuation,8,procedural-fairness-MS,MS,mitigation,shared,radiogroup,N,,2,0,Does the system enable human override of system decisions?,Le système permet-il aux humains de passer outre les décisions du système?,,
52,0.3,question49,risk-mitigation2,De-Risking And Mitigation Measures,Élimination des risques et mesure d'atténuation,8,procedural-fairness-MS,MS,mitigation,shared,radiogroup,N,,2,0,Is there a process in place to log the instances when overrides were performed?,Y a-t-il un processus en place pour consigner les cas où des dérogations ont été effectuées?,,
53,0.3,question50,risk-mitigation2,De-Risking And Mitigation Measures,Élimination des risques et mesure d'atténuation,8,procedural-fairness-MS,MS,mitigation,shared,radiogroup,N,,2,0,Does the audit trail include change control processes to record modifications to the system's operation or performance?,La piste de vérification comprend-elle des processus de contrôle des changements pour consigner les modifications apportées au fonctionnement ou au rendement du système?,,
54,0.3,question51,risk-mitigation2,De-Risking And Mitigation Measures,Élimination des risques et mesure d'atténuation,8,procedural-fairness-MS,MS,mitigation,shared,radiogroup,N,,2,0,Have you prepared a concept case to the Government of Canada Enterprise Architecture Review Baord?,Avez-vous préparé un dossier conceptuel pour le Conseil d’examen de l’architecture intégrée du gouvernement du Canada?,,
1,1.0.1,projectAIAnumber,projectDetails,Project Details,Détails du projet,2,projectDetailsPanel-NS,NS,none,,text,N,,0,0,Published AIA version number,Numéro de la version publiée de l'évaluation de l'incidence algorithmique (EIA),,
2,1.0.1,projectDetailsRespondent,projectDetails,Project Details,Détails du projet,2,projectDetailsPanel-NS,NS,none,,text,N,,0,0,Name of Respondent,Nom de la personne sondée,The name of the respondent is the name of the person that answers the questions.,Le nom de la personne répondant aux questions.
3,1.0.1,projectDetailsJob,projectDetails,Project Details,Détails du projet,2,projectDetailsPanel-NS,NS,none,,text,N,,0,0,Job Title,Titre du poste,,
4,1.0.1,ADMresponsible,projectDetails,Project Details,Détails du projet,2,projectDetailsPanel-NS,NS,none,,text,N,,0,0,Name of ADM responsible for the program using the automated decision system ,Nom du sous-ministre adjoint ou de la sous-ministre adjointe responsable du programme pour lequel le système décisionnel automatisé est utilisé,,
5,1.0.1,projectDetailsDepartment-NS,projectDetails,Project Details,Détails du projet,2,projectDetailsPanel-NS,NS,none,,dropdown,N,,102,0,Department,Ministère,,
6,1.0.1,projectDetailsBranch,projectDetails,Project Details,Détails du projet,2,projectDetailsPanel-NS,NS,none,,text,N,,0,0,Branch,Direction générale,,
7,1.0.1,consultedTeams,projectDetails,Project Details,Détails du projet,2,projectDetailsPanel-NS,NS,none,,text,N,,0,0,Teams consulted on completion of the Algorithmic Impact Assessment,Équipes consultées lors de l'EIA,,
8,1.0.1,projectDetailsTitle,projectDetails,Project Details,Détails du projet,2,projectDetailsPanel-NS,NS,none,,text,N,,0,0,Project Title,Titre du projet,,
9,1.0.1,projectDetailsID,projectDetails,Project Details,Détails du projet,2,projectDetailsPanel-NS,NS,none,,text,N,,0,0,Project ID from IT Plan,Numéro du projet dans le Plan des TI ,,
10,1.0.1,ServiceID,projectDetails,Project Details,Détails du projet,2,projectDetailsPanel-NS,NS,none,,text,N,,0,0,Service ID,ID du service,,
11,1.0.1,projectDetailsProgram,projectDetails,Project Details,Détails du projet,2,projectDetailsPanel-NS,NS,none,,text,N,,0,0,Departmental Program (from Departmental Results Framework),Programme ministériel (Cadre ministériel des résultats),,
12,1.0.1,projectDetailsPhase,projectDetails,Project Details,Détails du projet,2,projectDetailsPanel-NS,NS,none,,radiogroup,Y,,2,0,Project Phase,Phase du projet,,
13,1.0.1,projectDetailsDescription,projectDetails,Project Details,Détails du projet,2,projectDetailsPanel-NS,NS,none,,comment,N,,0,0,Provide a project description:,Veuillez fournir une description du projet :,,
14,1.0.1,businessDrivers1,businessDrivers,Reasons for Automation,Raisons de l'automatisation,3,businessDriversPanel-RS,RS,raw,,checkbox,N,,6,0,What is motivating your team to introduce automation into this decision-making process? (Check all that apply),Qu'est-ce qui motive votre équipe à intégrer l'automatisation dans ce processus décisionnel? (Cochez toutes les réponses qui s'appliquent.),,
15,1.0.1,motivation-other,businessDrivers,Reasons for Automation,Raisons de l'automatisation,3,businessDriversPanel-RS,RS,raw,,comment,N,"{businessDrivers1} contains ""item6""",0,0,Please describe,S'il vous plait décrire,,
16,1.0.1,businessDrivers3,businessDrivers,Reasons for Automation,Raisons de l'automatisation,3,businessDriversPanel-RS,RS,raw,,comment,N,,0,0,What are the client needs the system will address?  Describe how client needs have been identified. ,Quels sont les besoins de la clientèle auxquels le système permettra de répondre? Décrivez les mesures prises pour déterminer les besoins de la clientèle.,,
17,1.0.1,businessDrivers4,businessDrivers,Reasons for Automation,Raisons de l'automatisation,3,businessDriversPanel-RS,RS,raw,,comment,N,,0,0,Describe any positive impacts on clients and Canadian society that the system is expected to have.,Veuillez décrire tous les avantages que le système devrait apporter à la clientèle et à la société canadienne.,,
18,1.0.1,businessDrivers5,businessDrivers,Reasons for Automation,Raisons de l'automatisation,3,businessDriversPanel-RS,RS,raw,,dropdown,N,,3,2,How effective will the system likely be in meeting client needs?,Dans quelle mesure le système permettra-t-il de répondre efficacement aux besoins de la clientèle?,,
19,1.0.1,businessDrivers5B,businessDrivers,Reasons for Automation,Raisons de l'automatisation,3,businessDriversPanel-RS,RS,raw,,comment,N,,0,0,Describe why effectiveness is as selected.,Préciser les raisons pour lesquelles l'efficacité est telle que sélectionnée.,,
20,1.0.1,businessDrivers7,businessDrivers,Reasons for Automation,Raisons de l'automatisation,3,businessDriversPanel-RS,RS,raw,,comment,N,,0,0,Describe how you will ensure that the system is confined to addressing the client needs identified.,Veuillez décrire les mesures que vous prendrez pour vous assurer que le système ne servira qu'à répondre aux besoins de la clientèle.,,
21,1.0.1,businessDrivers8,businessDrivers,Reasons for Automation,Raisons de l'automatisation,3,businessDriversPanel-RS,RS,raw,,comment,N,,0,0,Describe any trade-offs between client interests and program objectives that you have considered during the design of the project.,Veuillez décrire tous les compromis envisagés lors de la conception du projet pour concilier les intérêts de la clientèle et les objectifs du programme.,,
22,1.0.1,businessDrivers6A,businessDrivers,Reasons for Automation,Raisons de l'automatisation,3,businessDriversPanel-RS,RS,raw,,comment,N,,0,0,"Describe any improvements, benefits, or advantages your department expects from using an automated system.","Veuillez décrire les améliorations, les bienfaits ou les avantages que votre ministère entend obtenir de l'utilisation d'un système automatisé.",,
23,1.0.1,businessDrivers6B,businessDrivers,Reasons for Automation,Raisons de l'automatisation,3,businessDriversPanel-RS,RS,raw,,comment,N,,0,0,"What are your current program indicators, service standards or performance targets?","Quels sont les indicateurs, les normes de service ou les objectifs de rendement de votre programme?",,
24,1.0.1,businessDrivers6C,businessDrivers,Reasons for Automation,Raisons de l'automatisation,3,businessDriversPanel-RS,RS,raw,,comment,N,,0,0,"What is your current performance level against these indicators, standards or targets?","Quel est votre niveau de rendement par rapport à ces indicateurs, à ces normes ou à ces objectifs?",,
25,1.0.1,businessDrivers6D,businessDrivers,Reasons for Automation,Raisons de l'automatisation,3,businessDriversPanel-RS,RS,raw,,comment,N,,0,0,"How do you expect the system will change performance against your program indicators, service standards or performance targets?","À votre avis, en quoi le système améliorera-t-il votre rendement par rapport aux indicateurs, aux normes de service ou aux objectifs de rendement établis pour votre programme?",,
26,1.0.1,businessDrivers9,businessDrivers,Reasons for Automation,Raisons de l'automatisation,3,businessDriversPanel-RS,RS,raw,,radiogroup,N,,2,1,Have alternative non-automated processes been considered?,D'autres processus non automatisés ont-elles été envisagées?,,
27,1.0.1,businessDrivers10,businessDrivers,Reasons for Automation,Raisons de l'automatisation,3,businessDriversPanel-RS,RS,raw,,comment,N,"{businessDrivers9} contains ""item1-0""",0,0,"If non-automated processes were considered, why was automation identified as the preferred option?","Si oui, pourquoi l'automatisation a-t-elle été la solution choisie?",,
28,1.0.1,businessDrivers11,businessDrivers,Reasons for Automation,Raisons de l'automatisation,3,businessDriversPanel-RS,RS,raw,,checkbox,N,,6,2,What would be the consequence of not deploying the system?,Quelle serait la conséquence du non-déploiement du système?,,
29,1.0.1,businessDrivers12,businessDrivers,Reasons for Automation,Raisons de l'automatisation,3,businessDriversPanel-RS,RS,raw,,comment,N,"{businessDrivers11} contains ""item6-0""",0,0,Describe,Veuillez expliquer votre réponse.,,
30,1.0.1,riskProfile1,riskProfile,Risk Profile,Profil de risque,4,riskProfilePanel-RS,RS,raw,,radiogroup,N,,2,3,"Is the project within an area of intense public scrutiny (for example, because of privacy concerns) and/or frequent litigation?","Le projet s'inscrit-il dans un domaine sujet à un examen public approfondi (par exemple, en raison de préoccupations liées à la protection de la vie privée) et/ou à des litiges fréquents?",,
31,1.0.1,riskProfile2,riskProfile,Risk Profile,Profil de risque,4,riskProfilePanel-RS,RS,raw,,radiogroup,N,,2,3,Does the line of business serve equity denied groups?,Des groupes privés d'équité sont-ils desservis dans ce secteur d'activité?,,
32,1.0.1,riskProfile2A,riskProfile,Risk Profile,Profil de risque,4,riskProfilePanel-RS,RS,raw,,comment,N,"{riskProfile2} contains ""item1-3""",0,0,Indicate which equity denied groups are served and describe your mitigation strategies to prevent adverse impacts for these groups.,Veuillez indiquer les groupes privés d'équité desservis et décrire les stratégies d'atténuation qui seront prises pour éviter de leur causer préjudice.,,
33,1.0.1,riskProfile3,riskProfile,Risk Profile,Profil de risque,4,riskProfilePanel-RS,RS,raw,,radiogroup,N,,2,1,Are there any population groups that the automated decision system should not be applied to?,Certains groupes de population ne devraient-ils pas être exclus de l'application du système décisionnel automatisé?,,
34,1.0.1,riskProfile3A,riskProfile,Risk Profile,Profil de risque,4,riskProfilePanel-RS,RS,raw,,comment,N,"{riskProfile3} contains ""item1-1""",0,0,Indicate the population group and explain why the automated decision system should not be applied.,Veuillez indiquer les groupes de population qui devraient être exclus et expliquer pourquoi le système décisionnel automatisé ne doit pas être utilisé.,,
35,1.0.1,riskProfile4,riskProfile,Risk Profile,Profil de risque,4,riskProfilePanel-RS,RS,raw,,radiogroup,N,,4,4,"Has the system been assessed to understand whether it would create or exacerbate barriers for persons with disabilities, and are measures in place to address any identified issues?","Le système a-t-il été soumis à une évaluation visant à déterminer s’il est susceptible d’accentuer les difficultés auxquelles sont confrontées les personnes en situation de handicap ou d’en créer de nouvelles, et des mesures sont-elles en place pour résoudre les problèmes cernés?",,
36,1.0.1,riskProfile4B,riskProfile,Risk Profile,Profil de risque,4,riskProfilePanel-RS,RS,raw,,comment,N,"{riskProfile4} = ""item2-0"" or {riskProfile4} = ""item3-4""",0,0,"If barriers for persons with disabilities were identified, describe the barriers and any planned or existing measures to identify, remove, and/or prevent them.","Si des difficultés pour les personnes en situation de handicap ont été cernées, décrivez ces difficultés et les mesures prévues ou existantes pour les cerner, les éliminer ou les prévenir.",,
37,1.0.1,riskProfile7,riskProfile,Risk Profile,Profil de risque,4,riskProfilePanel-RS,RS,raw,,radiogroup,N,,2,3,"Could the automated decision-system be at heightened risk of being an exploitation target for malicious actors (for example, fraud for financial gain)?","Le recours au système décisionnel automatisé pourrait-il accroître le risque d'exploitation malveillants (par exemple, des fraudes financières)?",,
38,1.0.1,riskProfile8,riskProfile,Risk Profile,Profil de risque,4,riskProfilePanel-RS,RS,raw,,radiogroup,N,,2,1,"Have potential issues or harms with the existing service delivery approach been raised by clients or their representatives, the media, audits or parliamentary committees?","Des problèmes ou des préjudices potentiels liés à l'approche utilisée pour la prestation de services ont-ils été soulevés par des personnes utilisant le service ou celles les représentant, les médias ou des membres de comités d'audit ou parlementaires?",,
39,1.0.1,riskProfile8A,riskProfile,Risk Profile,Profil de risque,4,riskProfilePanel-RS,RS,raw,,comment,N,"{riskProfile8} = ""item1-1""",0,0,"Indicate the issue or harm, the group that raised them, and how these have been addressed.","Veuillez préciser le problème ou le préjudice en question, le groupe qui en a fait état et la manière dont il a été traité.",,
40,1.0.1,riskProfile9,riskProfile,Risk Profile,Profil de risque,4,riskProfilePanel-RS,RS,raw,,radiogroup,N,"{projectDetailsPhase} = ""item1""",2,0,Will you be submitting a concept case to TBS and presenting the project to the Government of Canada Enterprise Architecture Review Board?,Avez-vous l'intention de soumettre un cas conceptuel au Secrétariat du Conseil du Trésor du Canada (SCT) et présenté le projet au conseil d'examen de l'architecture intégrée du gouvernement du Canada?,,
41,1.0.1,riskProfile10,riskProfile,Risk Profile,Profil de risque,4,riskProfilePanel-RS,RS,raw,,radiogroup,N,"{projectDetailsPhase} = ""item2""",2,0,Have you submitted a concept case to TBS and presented the project to the Government of Canada Enterprise Architecture Review Board?,Avez-vous soumis un cas conceptuel au Secrétariat du Conseil du Trésor du Canada (SCT) et présenté le projet au conseil d'examen de l'architecture intégrée du gouvernement du Canada?,,
42,1.0.1,projectAuthority1,projectAuthority,Project Authority,Autorité de projet,5,projectAuthorityPanel-RS,RS,raw,,radiogroup,N,,2,2,Will you require new policy or legal authority for this project?,Aurez-vous besoin d'une nouvelle autorisation stratégique ou légale pour ce projet?,,
43,1.0.1,projectAuthority2,projectAuthority,Project Authority,Autorité de projet,5,projectAuthorityPanel-RS,RS,raw,,comment,N,,0,0,Indicate why you have chosen the response.,Précisez votre réponse.,,
44,1.0.1,aboutSystem1,aboutSystem,About The System,À propos du système,6,aboutSystemPanel-RS,RS,raw,,checkbox,N,,6,0,Check which of the following capabilities apply to your system.,"Parmi les capacités suivantes, cochez celles qui s'appliquent à votre système.",,
45,1.0.1,aboutSystem2,aboutSystem,About The System,À propos du système,6,aboutSystemPanel-RS,RS,raw,,comment,N,"{aboutSystem1} contains [""item6""]",0,0,Describe,Veuillez expliquer votre réponse.,,
46,1.0.1,aboutSystem3,aboutSystem,About The System,À propos du système,6,aboutSystemPanel-RS,RS,raw,,radiogroup,N,,4,1,Who developed the system?,Qui a conçu le système?,,
47,1.0.1,aboutSystem3A,aboutSystem,About The System,À propos du système,6,aboutSystemPanel-RS,RS,raw,,comment,N,"{aboutSystem3} contains [""item2""]",0,0,Specify,Veuillez préciser.,,
48,1.0.1,aboutSystem3B,aboutSystem,About The System,À propos du système,6,aboutSystemPanel-RS,RS,raw,,comment,N,"{aboutSystem3} contains [""item3""]",0,0,Specify,Veuillez préciser.,,
49,1.0.1,aboutSystem3C,aboutSystem,About The System,À propos du système,6,aboutSystemPanel-RS,RS,raw,,comment,N,"{aboutSystem3} contains [""item4""]",0,0,Specify,Veuillez préciser.,,
50,1.0.1,aboutSystem4,aboutSystem,About The System,À propos du système,6,aboutSystemPanel-RS,RS,raw,,radiogroup,N,,4,1,Who configured the system?,Qui a configuré le système?,,
51,1.0.1,aboutSystem4A,aboutSystem,About The System,À propos du système,6,aboutSystemPanel-RS,RS,raw,,comment,N,"{aboutSystem4} contains [""item2""]",0,0,Specify,Veuillez préciser.,,
52,1.0.1,aboutSystem4B,aboutSystem,About The System,À propos du système,6,aboutSystemPanel-RS,RS,raw,,comment,N,"{aboutSystem4} contains [""item3""]",0,0,Specify,Veuillez préciser.,,
53,1.0.1,aboutSystem4C,aboutSystem,About The System,À propos du système,6,aboutSystemPanel-RS,RS,raw,,comment,N,"{aboutSystem4} contains [""item4""]",0,0,Specify,Veuillez préciser.,,
54,1.0.1,aboutSystem5,aboutSystem,About The System,À propos du système,6,aboutSystemPanel-RS,RS,raw,,radiogroup,N,,3,2,Is the system:,Le système est-il:,,
55,1.0.1,aboutSystem5A,aboutSystem,About The System,À propos du système,6,aboutSystemPanel-RS,RS,raw,,text,N,"{aboutSystem5} = ""item1-0""",0,0, Indicate the open source licence that applies.,"Si à code source ouvert, veuillez indiquer la licence à code source ouvert utilisée.",,
56,1.0.1,aboutSystem5B,aboutSystem,About The System,À propos du système,6,aboutSystemPanel-RS,RS,raw,,radiogroup,N,"{aboutSystem5} = ""item1-0"" or {aboutSystem5} = ""item3-2""",2,0,Has the product been customized to add functionality beyond what is available off the shelf?,"S'il s'agit d'une solution à code source ouvert ou d'une solution COTS, a-t-elle été modifiée de sorte qu'elle comprenne d'autres fonctionnalités que celles offertes sur le marché?",,
57,1.0.1,aboutSystem5C,aboutSystem,About The System,À propos du système,6,aboutSystemPanel-RS,RS,raw,,comment,N,"({aboutSystem5} = ""item1-0"" or {aboutSystem5} = ""item3-2"") and {aboutSystem5B} = ""item1-0""",0,0,Specify what has been customized and who performed the customization.,"Si oui, précisez les éléments qui ont été modifiés et l'organisation qui a procédé aux modifications.",,
58,1.0.1,aboutSystem6,aboutSystem,About The System,À propos du système,6,aboutSystemPanel-RS,RS,raw,,radiogroup,N,,2,2,"Have you assigned accountability in your institution for the design, development, and maintenance, of the system?","Des personnes responsables de la conception, de la mise au point et de l'entretien du système ont-elles été désignées au sein de votre organisation?",,
59,1.0.1,aboutSystem7,aboutSystem,About The System,À propos du système,6,aboutSystemPanel-RS,RS,raw,,radiogroup,N,,2,2,Is there a group in your institution responsible for identifying and implementing opportunities for improvement?,Un groupe de votre organisation est-il chargé de recenser les améliorations possibles et de les apporter?,,
60,1.0.1,aboutSystem8,aboutSystem,About The System,À propos du système,6,aboutSystemPanel-RS,RS,raw,,radiogroup,N,,2,1,"Does your system conform with the appropriate clauses of standard CAN/ASC EN 301 549:2024, Accessibility requirements for Information and Communication Technology (ICT) products and services? ","Votre système est-il conforme aux dispositions appropriées de la norme CAN/ASC EN 301 549:2024, Exigences d'accessibilité pour les produits et services des technologies de l'information et de la communication (TIC)?",,
61,1.0.1,aboutSystem8A,aboutSystem,About The System,À propos du système,6,aboutSystemPanel-RS,RS,raw,,comment,N,"{aboutSystem8} = ""item2-1""",0,0,"If no, describe why the system does not conform.","Si non, expliquez en quoi votre système n'est pas conforme.",,
62,1.0.1,aboutSystem9,aboutSystem,About The System,À propos du système,6,aboutSystemPanel-RS,RS,raw,,radiogroup,N,,2,2,Is a non-automated alternative planned and available in the event the automated decision system was unavailable for an extended period of time?,Une solution non automatisée est-elle également prévue et fonctionnelle au cas où le système décisionnel automatisé serait indisponible pendant une période prolongée?,,
63,1.0.1,aboutSystem10A,aboutSystem,About The System,À propos du système,6,aboutSystemPanel-RS,RS,raw,,radiogroup,N,,2,2,"Is there a process in place to grant, monitor, and revoke access permission to the system?","Une procédure permettant d'octroyer, de surveiller et de révoquer une autorisation d'accès au système a-t-elle été établie?",,
64,1.0.1,aboutSystem11,aboutSystem,About The System,À propos du système,6,aboutSystemPanel-RS,RS,raw,,dropdown,N,,4,4,"The impacts that the development, operation, and maintenance of the system could have on the ongoing sustainability of an environmental ecosystem, may be:","L'incidence de la mise au point, de l'exploitation et de l'entretien du système sur la durabilité d'un écosystème environnemental sera :",,
65,1.0.1,aboutSystem12,aboutSystem,About The System,À propos du système,6,aboutSystemPanel-RS,RS,raw,,comment,N,,0,0,"Describe why the impacts resulting from the system's development, operations and maintenance are as selected.",Veuillez expliquer votre réponse.,,
66,1.0.1,aboutAlgorithm1,aboutAlgorithm,About the Algorithm,À propos de l'algorithme,7,aboutAlgorithmPanel-RS,RS,raw,,radiogroup,N,,2,1,The algorithm used will be a (trade) secret,L'algorithme utilisé sera un secret (commercial),,
67,1.0.1,aboutAlgorithm2,aboutAlgorithm,About the Algorithm,À propos de l'algorithme,7,aboutAlgorithmPanel-RS,RS,raw,,radiogroup,N,,2,3,The algorithmic process will be difficult to interpret or to explain,Le processus algorithmique sera difficile à interpréter ou à expliquer,,
68,1.0.1,aboutAlgorithm3,aboutAlgorithm,About the Algorithm,À propos de l'algorithme,7,aboutAlgorithmPanel-RS,RS,raw,,checkbox,N,,2,1,Is the algorithm (Check all that apply):,L'algorithme est (cochez toutes les réponses qui s'appliquent) :,,
69,1.0.1,aboutAlgorithm4,aboutAlgorithm,About the Algorithm,À propos de l'algorithme,7,aboutAlgorithmPanel-RS,RS,raw,,checkbox,N,,2,1,"If the automated decision-system is model based, is the model inference (select all that apply):","Si le système décisionnel automatisé est fondé sur un modèle, l'inférence du modèle est-elle (cochez toutes les réponses qui s'appliquent) :",,
70,1.0.1,aboutAlgorithm5,aboutAlgorithm,About the Algorithm,À propos de l'algorithme,7,aboutAlgorithmPanel-RS,RS,raw,,radiogroup,N,,2,1,Is the model: ,Le modèle est : ,,
71,1.0.1,aboutAlgorithm6,aboutAlgorithm,About the Algorithm,À propos de l'algorithme,7,aboutAlgorithmPanel-RS,RS,raw,,comment,N,,0,0,Describe the model being used.,Veuillez décrire le modèle utilisé.,,
72,1.0.1,aboutAlgorithm7,aboutAlgorithm,About the Algorithm,À propos de l'algorithme,7,aboutAlgorithmPanel-RS,RS,raw,,comment,N,,0,0,Explain why you chose the model,Expliquez pourquoi vous avez choisi ce modèle.,,
73,1.0.1,aboutAlgorithm8,aboutAlgorithm,About the Algorithm,À propos de l'algorithme,7,aboutAlgorithmPanel-RS,RS,raw,,radiogroup,N,,2,3,Will the algorithm continue to learn and evolve as it is used?,L'algorithme continuera-t-il à apprendre et à évoluer à mesure qu'il est utilisé?,,
74,1.0.1,aboutAlgorithm8A,aboutAlgorithm,About the Algorithm,À propos de l'algorithme,7,aboutAlgorithmPanel-RS,RS,raw,,radiogroup,N,"{aboutAlgorithm8} = ""item1-3""",2,1,"If yes, are there mechanisms in place to monitor the changes?","Si oui, des mécanismes ont-ils été mis en place pour vous permettre d'en suivre l'évolution?",,
75,1.0.1,aboutAlgorithm9,aboutAlgorithm,About the Algorithm,À propos de l'algorithme,7,aboutAlgorithmPanel-RS,RS,raw,,radiogroup,N,,2,2,Does the algorithm consider protected characteristics to make its decisions or recommendations?,L'algorithme tient-il compte des caractéristiques protégées lors de la prise de décisions ou de la formulation de recommandations?,,
76,1.0.1,aboutAlgorithm9A,aboutAlgorithm,About the Algorithm,À propos de l'algorithme,7,aboutAlgorithmPanel-RS,RS,raw,,comment,N,"{aboutAlgorithm9} = ""item1-2""",0,0,Describe why protected characteristics are being considered and any mitigations in place to address potential issues with bias or discrimination.,"Veuillez préciser les raisons pour lesquelles les caractéristiques protégées sont prises en compte et les mesures d'atténuation mises en place pour résoudre les problèmes de biais ou de discrimination, le cas échéant.",,
77,1.0.1,aboutAlgorithm11,aboutAlgorithm,About the Algorithm,À propos de l'algorithme,7,aboutAlgorithmPanel-RS,RS,raw,,radiogroup,N,,2,2,Have you evaluated whether variables that the system bases its decisions or recommendations on could be proxies for protected characteristics?,Avez-vous vérifié si les variables sur lesquelles le système fonde ses décisions ou ses recommandations pourraient être des substituts de caractéristiques protégées?,,
78,1.0.1,aboutAlgorithm11A,aboutAlgorithm,About the Algorithm,À propos de l'algorithme,7,aboutAlgorithmPanel-RS,RS,raw,,comment,N,"{aboutAlgorithm11} = ""item1-0""",0,0,"Describe which protected characteristics, risks identified, and how they have been addressed.","Veuillez décrire les caractéristiques protégées, les risques recensés et les mesures prises pour les gérer.",,
79,1.0.1,aboutAlgorithm11B,aboutAlgorithm,About the Algorithm,À propos de l'algorithme,7,aboutAlgorithmPanel-RS,RS,raw,,comment,N,"{aboutAlgorithm11} = ""item2-2""",0,0,Describe why you have not evaluated whether variables could be proxies for protected characteristics.,Veuillez préciser les raisons pour lesquelles vous n'avez pas vérifié si les variables peuvent être des substituts de caractéristiques protégées.,,
80,1.0.1,decisionSector3,decisionSector,About the Decision,À propos de la décision,8,decisionSectorPanel-RS,RS,raw,,comment,N,,0,0,Describe the administrative decision(s) that is being supported or made by the algorithm.,Veuillez décrire les décisions administratives qui seront appuyées ou exécutées par l'algorithme.,,
81,1.0.1,decisionSector1,decisionSector,About the Decision,À propos de la décision,8,decisionSectorPanel-RS,RS,raw,,checkbox,N,,8,8,Does the decision pertain to any of the categories below (check all that apply). Note that the examples in brackets are not exhaustive.,La décision s'applique-t-elle à l'une ou l'autre des catégories ci-dessous (cochez toutes les réponses qui s'appliquent)? Il convient de préciser que les exemples cités entre parenthèses ne sont pas exhaustifs.,,
82,1.0.1,decisionSector2,decisionSector,About the Decision,À propos de la décision,8,decisionSectorPanel-RS,RS,raw,,comment,N,"{decisionSector1} contains [""item6-1""]",0,0,Describe,Veuillez expliquer votre réponse.,,
83,1.0.1,impact30,impact,Impact Assessment,Évaluation de l'incidence,9,impactPanel-RS,RS,raw,,radiogroup,N,,2,4,Which of the following best describes the type of automation you are planning? ,"Parmi les énoncés suivants, lequel décrit le mieux le type d'automatisation envisagé?",,
84,1.0.1,impact31,impact,Impact Assessment,Évaluation de l'incidence,9,impactPanel-RS,RS,raw,,comment,N,,0,0,Describe the role of the system in the decision-making process.,Veuillez décrire le rôle du système dans le cadre du processus décisionnel.,,
85,1.0.1,impact3,impact,Impact Assessment,Évaluation de l'incidence,9,impactPanel-RS,RS,raw,,radiogroup,N,,2,4,Will the system be making decisions or assessments that require judgment or discretion?,Les décisions et les analyses qui exigent du jugement ou du discernement seront-elles prises en charge par le système?,,
86,1.0.1,impact3A,impact,Impact Assessment,Évaluation de l'incidence,9,impactPanel-RS,RS,raw,,comment,N,,0,0,Describe.,Veuillez préciser.,,
87,1.0.1,impact4A,impact,Impact Assessment,Évaluation de l'incidence,9,impactPanel-RS,RS,raw,,radiogroup,N,,2,2,"Will this project have major impacts on staff, either in terms of their numbers or their roles?","Ce projet aura-t-il une incidence importante sur les membres du personnel, que ce soit en ce qui a trait à leur nombre ou à leur rôle?",,
88,1.0.1,impact20,impact,Impact Assessment,Évaluation de l'incidence,9,impactPanel-RS,RS,raw,,comment,N,,0,0,Describe the criteria used to evaluate client data and the operations applied to process it.,Veuillez décrire les critères utilisés pour l'analyse des données de la clientèle et les procédures appliquées pour les traiter.,,
89,1.0.1,impact21,impact,Impact Assessment,Évaluation de l'incidence,9,impactPanel-RS,RS,raw,,comment,N,,0,0,Describe the output produced by the system and any relevant information needed to interpret it in the context of the administrative decision.,Veuillez décrire le résultat produit par le système et les renseignements utiles à leur interprétation dans le cadre du processus de décision administrative.,,
90,1.0.1,impact22,impact,Impact Assessment,Évaluation de l'incidence,9,impactPanel-RS,RS,raw,,radiogroup,N,,2,2,Will the system perform an assessment or other operation that is not currently completed by a human?,Le système effectuera-t-il une évaluation ou une autre opération qui n'est pas actuellement exécutée par le personnel?,,
91,1.0.1,impact22A,impact,Impact Assessment,Évaluation de l'incidence,9,impactPanel-RS,RS,raw,,comment,N,"{impact22} = ""item1-2""",0,0,"If yes, describe the relevant function(s) of the system ","Si oui, veuillez décrire toute fonction pertinente du système.",,
92,1.0.1,impact5,impact,Impact Assessment,Évaluation de l'incidence,9,impactPanel-RS,RS,raw,,radiogroup,N,,2,2,Is the system used by a different part of the organization than the ones who developed it?,Le système est-il utilisé par une partie de l'organisation autre que celle où il a été conçu? ,,
93,1.0.1,impact6,impact,Impact Assessment,Évaluation de l'incidence,9,impactPanel-RS,RS,raw,,dropdown,N,,4,4,Are the impacts resulting from the decision reversible?,Les incidences de la décision sont-elles réversibles?,,
94,1.0.1,impact7,impact,Impact Assessment,Évaluation de l'incidence,9,impactPanel-RS,RS,raw,,dropdown,N,,4,4,How long could impacts from the decision last?,Combien de temps les incidences de la décision dureront-elles?,,
95,1.0.1,impact8,impact,Impact Assessment,Évaluation de l'incidence,9,impactPanel-RS,RS,raw,,comment,N,,0,0,"Describe why the impacts resulting from the decision are as selected, including potential risks identified and mitigations in place.","Veuillez préciser les raisons pour lesquelles les incidences de la décision sont telles qu'elles ont été définies, de même que les risques recensés et les mesures d'atténuation mises en place.",,
96,1.0.1,impact9,impact,Impact Assessment,Évaluation de l'incidence,9,impactPanel-RS,RS,raw,,dropdown,N,,4,4,The impacts that the decision could have on the rights or freedoms of individuals may be:,Les incidences de la décision sur les droits et libertés des personnes pourraient être les suivants :,,
97,1.0.1,impact10,impact,Impact Assessment,Évaluation de l'incidence,9,impactPanel-RS,RS,raw,,comment,N,,0,0,"Describe how this impact level was determined. Include which human rights frameworks were assessed, potential risk that were identified and mitigations put in place.","Veuillez préciser la façon dont la portée des incidences a été déterminée. Indiquez les cadres des droits de la personne qui ont été évalués, les risques qui ont été recensés ainsi que les mesures d'atténuation qui ont été mises en place.",,
98,1.0.1,impact24,impact,Impact Assessment,Évaluation de l'incidence,9,impactPanel-RS,RS,raw,,dropdown,N,,4,4,"The impacts that the decision could have on the equality, dignity, privacy, and autonomy of individuals may be: ","Les incidences de la décision sur l'égalité, la dignité, la vie privée et l'autonomie des personnes pourraient être les suivants :",,
99,1.0.1,impact25,impact,Impact Assessment,Évaluation de l'incidence,9,impactPanel-RS,RS,raw,,comment,N,,0,0,"Describe why the impacts resulting from the decision are as selected, including potential risks identified and mitigations in place.","Veuillez préciser les raisons pour lesquelles les incidences de la décision sont telles qu'elles ont été définies, de même que les risques recensés et les mesures d'atténuation mises en place.",,
100,1.0.1,impact11,impact,Impact Assessment,Évaluation de l'incidence,9,impactPanel-RS,RS,raw,,dropdown,N,,4,4,The impacts that the decision could have on the health and well-being of individuals may be:,Les incidences de la décision sur la santé et le bien-être des personnes pourraient être les suivants :,,
101,1.0.1,impact12,impact,Impact Assessment,Évaluation de l'incidence,9,impactPanel-RS,RS,raw,,comment,N,,0,0,"Describe why the impacts resulting from the decision are as selected, including potential risks identified and mitigations in place.","Veuillez préciser les raisons pour lesquelles les incidences de la décision sont telles qu'elles ont été définies, de même que les risques recensés et les mesures d'atténuation mises en place.",,
102,1.0.1,impact13,impact,Impact Assessment,Évaluation de l'incidence,9,impactPanel-RS,RS,raw,,dropdown,N,,4,4,The impacts that the decision could have on the economic interests of individuals may be:,Les incidences de la décision sur les intérêts économiques des personnes pourraient être les suivants :,,
103,1.0.1,impact14,impact,Impact Assessment,Évaluation de l'incidence,9,impactPanel-RS,RS,raw,,comment,N,,0,0,"Describe why the impacts resulting from the decision are as selected, including potential risks identified and mitigations in place.","Veuillez préciser les raisons pour lesquelles les incidences de la décision sont telles qu'elles ont été définies, de même que les risques recensés et les mesures d'atténuation mises en place.",,
104,1.0.1,impact15,impact,Impact Assessment,Évaluation de l'incidence,9,impactPanel-RS,RS,raw,,dropdown,N,,4,4,"The impacts that the decision could have on the ongoing sustainability of an environmental ecosystem, may be:",Les incidences de la décision sur la pérennité d'un écosystème environnemental pourraient être les suivants :,,
105,1.0.1,impact16,impact,Impact Assessment,Évaluation de l'incidence,9,impactPanel-RS,RS,raw,,comment,N,,0,0,"Describe why the impacts resulting from the decision are as selected, including potential risks identified and mitigations in place.","Veuillez préciser les raisons pour lesquelles les incidences de la décision sont telles qu'elles ont été définies, de même que les risques recensés et les mesures d'atténuation mises en place.",,
106,1.0.1,impact18,impact,Impact Assessment,Évaluation de l'incidence,9,impactPanel-RS,RS,raw,,radiogroup,N,,6,3,"Have you assessed system performance for clients with a range of personal and intersectional identity factors (for example, gender, age, race, language, ethnicity, disability) to verify that decisions and outcomes are fair for a diverse group of people, and have the identified disparities been addressed?","Avez-vous évalué le rendement du système pour les personnes ayant plusieurs facteurs d’identité personnels et intersectionnels (par exemple, le genre, l’âge, la race, la langue, l’origine ethnique ou le handicap) afin de vous assurer que les décisions et les incidences sont équitables pour un groupe diversifié de personnes, et les disparités relevées ont-elles été corrigées?",,
107,1.0.1,impact18A,impact,Impact Assessment,Évaluation de l'incidence,9,impactPanel-RS,RS,raw,,comment,N,"{impact18} = ""item1-3""",0,0,Describe why system performance has not been assessed for clients with a range of personal and intersectional identity factors and what mitigations are in place.,Expliquez pourquoi le rendement du système n’a pas été évalué pour les personnes ayant plusieurs facteurs d’identité personnels et intersectionnels et quelles mesures d’atténuation sont en place.,,
108,1.0.1,impact18B,impact,Impact Assessment,Évaluation de l'incidence,9,impactPanel-RS,RS,raw,,comment,N,"{impact18} = ""item2-0""",0,0,Describe your approach to assessing system performance.,Décrivez l’approche que vous avez adoptée pour évaluer le rendement du système.,,
109,1.0.1,impact18C,impact,Impact Assessment,Évaluation de l'incidence,9,impactPanel-RS,RS,raw,,comment,N,"{impact18} = ""item3-2"" or {impact18} = ""item4-2"" or {impact18} = ""item5-1"" or {impact18} = ""item6-3""",0,0,"Describe your approach to assessing system performance, the difference in system performance identified and any mitigation measures that have been taken.","Décrivez l’approche que vous avez adoptée pour évaluer le rendement du système, les différences de rendement du système observées et les mesures d’atténuation qui ont été prises à cet égard.",,
110,1.0.1,impact19I,impact,Impact Assessment,Évaluation de l'incidence,9,impactPanel-RS,RS,raw,,radiogroup,N,,2,1,Have you tested system performance for clients with a variety of different disabilities?,Avez-vous testé le rendement du système auprès de personnes ayant divers handicaps?,,
111,1.0.1,impact19IY,impact,Impact Assessment,Évaluation de l'incidence,9,impactPanel-RS,RS,raw,,comment,N,"{impact19I} = ""item1-0""",0,0,Describe any differences in system performance identified and mitigations in place to address them.,"Si oui, décrivez les écarts de rendement constatés et les mesures d'atténuation mises en place pour y remédier.",,
112,1.0.1,impact19IN,impact,Impact Assessment,Évaluation de l'incidence,9,impactPanel-RS,RS,raw,,comment,N,"{impact19I} = ""item2-1""",0,0,Describe why system performance has not been assessed across a variety of disabilities.,"Si non, décrivez les raisons pour lesquelles le rendement du système n'a pas été évalué auprès de personnes ayant divers handicaps.",,
113,1.0.1,impact23,impact,Impact Assessment,Évaluation de l'incidence,9,impactPanel-RS,RS,raw,,radiogroup,N,,2,1,Are there clients or groups of clients that will experience the most significant negative impacts from the system being used?,Les incidences des écarts de rendement que vous avez décrites préalablement seront-elles plus importantes pour certaines personnes ou certains groupes de personnes?,,
114,1.0.1,impact23Y,impact,Impact Assessment,Évaluation de l'incidence,9,impactPanel-RS,RS,raw,,comment,N,"{impact23} = ""item1-1""",0,0,Describe,Veuillez expliquer votre réponse.,,
115,1.0.1,impact23N,impact,Impact Assessment,Évaluation de l'incidence,9,impactPanel-RS,RS,raw,,comment,N,"{impact23} = ""item2-0""",0,0,Describe,Veuillez expliquer votre réponse.,,
116,1.0.1,impact26,impact,Impact Assessment,Évaluation de l'incidence,9,impactPanel-RS,RS,raw,,dropdown,N,,6,0,What proportion of clients will the system be applied to?,Quelle proportion de la clientèle sera prise en charge par le système?,,
117,1.0.1,impact26U,impact,Impact Assessment,Évaluation de l'incidence,9,impactPanel-RS,RS,raw,,comment,N,"{impact26} = ""item6-0""",0,0,Describe why the proportion of clients subject to use of tool is unknown.,Veuillez expliquer la raison pour laquelle la proportion de la clientèle prise en charge par le système est inconnue.,,
118,1.0.1,impact27,impact,Impact Assessment,Évaluation de l'incidence,9,impactPanel-RS,RS,raw,,radiogroup,N,"{impact26} = ""item1-0"" or {impact26} = ""item2-0"" or {impact26} = ""item3-0"" or {impact26} = ""item4-0""",2,1,Could not being subject to the use of the tool have a negative impact on an individual or groups of individuals?,Les personnes ou les groupes de personnes qui ne seront pas pris en charge par le système seront-elles pénalisées?,,
119,1.0.1,impact27YN,impact,Impact Assessment,Évaluation de l'incidence,9,impactPanel-RS,RS,raw,,comment,N,"({impact26} = ""item1-0"" or {impact26} = ""item2-0"" or {impact26} = ""item3-0"" or {impact26} = ""item4-0"") and ({impact27} = ""item1-1"" or {impact27} = ""item2-0"")",0,0,Describe,Veuillez expliquer votre réponse.,,
120,1.0.1,impact28,impact,Impact Assessment,Évaluation de l'incidence,9,impactPanel-RS,RS,raw,,dropdown,N,,4,4,The impact of individuals being wrongfully included or overlooked by the system could be:,L'incidence sur les personnes qui ont été indûment prises en charge ou exclues par le système pourrait être :,,
121,1.0.1,impact28A,impact,Impact Assessment,Évaluation de l'incidence,9,impactPanel-RS,RS,raw,,comment,N,,0,0,Describe why the impact of being wrongfully included or overlooked by the system is as selected.,Expliquez pourquoi l'incidence d'une erreur quant à la prise en charge ou à l'exclusion d'une personne par le système est telle que vous l'avez mentionnée.,,
122,1.0.1,aboutDataSource1,aboutData,About the Data,À propos des données,10,aboutDataSourcePanel-RS,RS,raw,,radiogroup,N,,2,2,Will the system use personal information as input data?,Les données saisies dans le système comprendront-elles des renseignements personnels?,,
123,1.0.1,aboutDataSource9,aboutData,About the Data,À propos des données,10,aboutDataSourcePanel-RS,RS,raw,,radiogroup,N,"{aboutDataSource1} = ""item1-2""",2,2,Have you verified that the collection of personal information is limited to only what is directly related to a program or activity of your institution?,Avez-vous vérifié si les renseignements personnels recueillis se limitent à ceux qui sont directement liés à un programme ou à une activité de votre organisation?,,
124,1.0.1,aboutDataSource10,aboutData,About the Data,À propos des données,10,aboutDataSourcePanel-RS,RS,raw,,radiogroup,N,"{aboutDataSource1} = ""item1-2""",2,2,Is the personal information of individuals used in a decision-making process that affects those individuals?,Les renseignements personnels recueillis auprès des personnes seront-ils utilisés dans le cadre d'un processus décisionnel qui aura une incidence sur elles?,,
125,1.0.1,aboutDataSource11,aboutData,About the Data,À propos des données,10,aboutDataSourcePanel-RS,RS,raw,,radiogroup,N,"{aboutDataSource1} = ""item1-2""",2,1,Have you verified whether the system is using personal information in a way that is consistent with: (a) the current personal information banks (PIBs) and privacy impact assessments (PIAs) of your programs or (b) planned or implemented modifications to the PIBs or PIAs that take new uses and processes into account?,Avez-vous vérifié si le système utilise les renseignements personnels d'une manière qui est compatible avec : a) les fichiers de renseignements personnels (FRP) et les évaluations des facteurs relatifs à la vie privée (EFVP) de vos programmes; b) les modifications prévues ou apportées aux FRP ou aux EFVP qui tiennent compte des nouveaux usages et processus?,,
126,1.0.1,aboutDataSource12,aboutData,About the Data,À propos des données,10,aboutDataSourcePanel-RS,RS,raw,,text,N,"{aboutDataSource1} = ""item1-2""",0,0,List relevant PIB numbers.,Veuillez indiquer le numéro des FRP pertinents.,,
127,1.0.1,aboutDataSource14,aboutData,About the Data,À propos des données,10,aboutDataSourcePanel-RS,RS,raw,,checkbox,N,"{aboutDataSource1} = ""item1-2""",6,9,Will the personal information be shared (check all that apply),Les renseignements personnels recueillis seront-ils communiqués? (Cochez toutes les réponses qui s'appliquent):,,
128,1.0.1,aboutDataSource14A,aboutData,About the Data,À propos des données,10,aboutDataSourcePanel-RS,RS,raw,,comment,N,"{aboutDataSource1} = ""item1-2"" and {aboutDataSource14} contains ""item6-1""",0,0,Please specify,Précisez,,
129,1.0.1,aboutDataSource15,aboutData,About the Data,À propos des données,10,aboutDataSourcePanel-RS,RS,raw,,radiogroup,N,,3,2,Is the training and testing data for the system representative of the clients being served? ,Les données utilisées aux fins de l'apprentissage du système et des essais réalisés sur celui-ci cadrent-elles avec la clientèle desservie?  ,,
130,1.0.1,aboutDataSource15Y,aboutData,About the Data,À propos des données,10,aboutDataSourcePanel-RS,RS,raw,,comment,N,"{aboutDataSource15} = ""item1-0""",0,0,Describe how you have assessed that data was representative. ,Veuillez préciser les mesures que vous avez prises pour vérifier que les données cadrent bien avec celle-ci. ,,
131,1.0.1,aboutDataSource15N,aboutData,About the Data,À propos des données,10,aboutDataSourcePanel-RS,RS,raw,,comment,N,"{aboutDataSource15} = ""item2-2""",0,0,Explain why the data is not representative and indicate how this has or will be managed.    ,Veuillez expliquer les raisons pour lesquelles les données ne cadrent pas avec celle-ci et indiquez les mesures prises pour y remédier ou celles qui seront prises. ,,
132,1.0.1,aboutDataSource15U,aboutData,About the Data,À propos des données,10,aboutDataSourcePanel-RS,RS,raw,,comment,N,"{aboutDataSource15} = ""item3-1""",0,0,Explain why you are unsure whether the data is representative.  ,Veuillez expliquer les raisons pour lesquelles vous n'êtes pas en mesure de confirmer que les données cadrent avec celle-ci. ,,
133,1.0.1,aboutDataSource16,aboutData,About the Data,À propos des données,10,aboutDataSourcePanel-RS,RS,raw,,radiogroup,N,,3,2,Are there biases in the training data that could increase the likelihood of discriminatory outcomes or lead to other impacts on human rights? ,Les données d'apprentissage comportent-elles des biais susceptibles d'accroître le risque de discrimination ou de toute autre répercussion sur les droits de la personne? ,,
134,1.0.1,aboutDataSource16Y,aboutData,About the Data,À propos des données,10,aboutDataSourcePanel-RS,RS,raw,,comment,N,"{aboutDataSource16} = ""item1-2""",0,0,Explain the biases identified and any mitigations to address this. ,Veuillez expliquer les biais constatés et les mesures d'atténuation prises pour y remédier.   ,,
135,1.0.1,aboutDataSource16N,aboutData,About the Data,À propos des données,10,aboutDataSourcePanel-RS,RS,raw,,comment,N,"{aboutDataSource16} = ""item2-0""",0,0,Explain the process taken to confirm that there are no biases in the training data that could increase the likelihood of discriminatory outcomes or other impacts on human rights.,Expliquez les mesures prises pour garantir que les données d'apprentissage ne comportent aucun biais susceptible d'accroître le risque de discrimination ou de toute autre répercussion sur les droits de la personne.,,
136,1.0.1,aboutDataSource16U,aboutData,About the Data,À propos des données,10,aboutDataSourcePanel-RS,RS,raw,,comment,N,"{aboutDataSource16} = ""item3-1""",0,0,Explain why you are unsure of whether the data could increase the likelihood of discriminatory outcomes or other impacts on human rights ,Expliquez pourquoi vous n'êtes pas en mesure de confirmer que les données d'apprentissage ne comportent aucun biais susceptible d'accroître le risque de discrimination ou de toute autre répercussion sur les droits de la personne.,,
137,1.0.1,aboutDataSource2,aboutData,About the Data,À propos des données,10,aboutDataSourcePanel-RS,RS,raw,,dropdown,N,,8,4,What is the highest security classification of the input data used by the system? (Select one),Quelle est la classification de sécurité la plus élevée des données d'entrée utilisées par le système? (N'en choisir qu'une seule),,
138,1.0.1,aboutDataSource2A,aboutData,About the Data,À propos des données,10,aboutDataSourcePanel-RS,RS,raw,,text,N,"{aboutDataSource2} = ""item8-0""",0,0,Please specify,Précisez,,
139,1.0.1,aboutDataSource17,aboutData,About the Data,À propos des données,10,aboutDataSourcePanel-RS,RS,raw,,radiogroup,N,,3,2,Are there measures in place to ensure the accuracy of the personal information used?,Des mesures ont-elles été mises en place pour garantir l'exactitude des renseignements personnels utilisés?,,
140,1.0.1,aboutDataSource17Y,aboutData,About the Data,À propos des données,10,aboutDataSourcePanel-RS,RS,raw,,comment,N,"{aboutDataSource17} = ""item1-0""",0,0,"If yes, describe the measures taken to ensure and verify the accuracy of personal information.",Décrivez les mesures prises pour garantir et vérifier l'exactitude des renseignements personnels. ,,
141,1.0.1,aboutDataSource17N,aboutData,About the Data,À propos des données,10,aboutDataSourcePanel-RS,RS,raw,,comment,N,"{aboutDataSource17} = ""item2-2""",0,0,"If no, describe why there are not measures in place to ensure the accuracy of personal information.",Décrivez la raison pour laquelle aucune mesure n'a été mise en place pour garantir l'exactitude des renseignements personnels.,,
142,1.0.1,aboutDataSource17U,aboutData,About the Data,À propos des données,10,aboutDataSourcePanel-RS,RS,raw,,comment,N,"{aboutDataSource17} = ""item3-0""",0,0,Describe ,Veuillez préciser ,,
143,1.0.1,aboutDataSource3,aboutData,About the Data,À propos des données,10,aboutDataSourcePanel-RS,RS,raw,,dropdown,N,,3,3,Who controls the data?,Qui contrôle les données?,,
144,1.0.1,aboutDataSource4,aboutData,About the Data,À propos des données,10,aboutDataSourcePanel-RS,RS,raw,,radiogroup,N,,2,2,Will the system use data from multiple different sources?,Les données utilisées par le système proviendront-elles de plusieurs sources différentes?,,
145,1.0.1,aboutDataSource5,aboutData,About the Data,À propos des données,10,aboutDataSourcePanel-RS,RS,raw,,radiogroup,N,,2,4,"Will the system require input data from a network-connected device? (such as Internet of Things, sensor)","Le système devra-t-il utiliser des données provenant d'un appareil connecté à un réseau (par exemple, l'Internet des objets et un capteur)?",,
146,1.0.1,aboutDataSource6,aboutData,About the Data,À propos des données,10,aboutDataSourcePanel-RS,RS,raw,,radiogroup,N,,2,4,Will the system interface with other IT systems?,Le système interagira-t-il avec d'autres systèmes des TI?,,
147,1.0.1,aboutDataSource7,aboutData,About the Data,À propos des données,10,aboutDataSourcePanel-RS,RS,raw,,dropdown,N,,4,4,Who collected the data used for training the system?,Qui a recueilli les données utilisées pour l'apprentissage du système?,,
148,1.0.1,aboutDataSource8,aboutData,About the Data,À propos des données,10,aboutDataSourcePanel-RS,RS,raw,,dropdown,N,,4,4,Who collected the input data used by the system?,Qui a recueilli les données saisies dans le système?,,
149,1.0.1,aboutDataSource13,aboutData,About the Data,À propos des données,10,aboutDataSourcePanel-RS,RS,raw,,comment,N,,0,0,"Describe the input data collected and used by the system, its source, method of collection, and any quality assurance measures in place.","Veuillez décrire les données recueillies et traitées par le système, leur source, la méthode de collecte et toute mesure d'assurance de la qualité mise en place. ",,
150,1.0.1,aboutDataSourceType1,aboutData,About the Data,À propos des données,10,aboutDataSourcePanel-RS,RS,raw,,radiogroup,N,,2,0,"Will the system require the analysis of unstructured data to make an assessment, recommendation or decision?","Le système devra-t-il analyser des données non structurées aux fins de la réalisation d'évaluations, de la formulation de recommandations ou de la prise de décisions?",,
151,1.0.1,aboutDataSourceType2,aboutData,About the Data,À propos des données,10,aboutDataSourcePanel-RS,RS,raw,,checkbox,N,"{aboutDataSourceType1} = ""item1-0""",2,6,What types of unstructured data? (Check all that apply),De quel type de données non structurées s'agit-il (Cochez toutes les réponses qui s'appliquent)?,,
152,1.0.1,aboutDataSourceType3,aboutData,About the Data,À propos des données,10,aboutDataSourcePanel-RS,RS,raw,,radiogroup,N,,2,0,Has there been a decision to exclude certain data? ,Avez-vous décidé d'exclure certaines données? ,,
153,1.0.1,aboutDataSourceType3A,aboutData,About the Data,À propos des données,10,aboutDataSourcePanel-RS,RS,raw,,comment,N,"{aboutDataSourceType3} = ""item1-0""",0,0,Describe why data has been excluded ,Veuillez expliquer la raison pour laquelle ces données ont été exclues. ,,
154,1.0.1,consultationDesign1,consultationDesign,Consultations,,11,consultationDesignPanel-MS,MS,mitigation,design,radiogroup,N,,2,2,"Internal consultees or partners (federal institutions, including the federal public service).","Des partenaires ou des parties consultantes à l'interne (organisations fédérales, y compris la fonction publique fédérale).",,
155,1.0.1,consultationDesign2,consultationDesign,Consultations,,11,consultationDesignPanel-MS,MS,mitigation,design,checkbox,N,"{consultationDesign1} = ""item1-2""",16,0,Which internal consultees or partners will you be engaging?,Indiquez les partenaires ou les parties consultantes que vous mobiliserez à l'interne,,
156,1.0.1,consultationDesign2-other,consultationDesign,Consultations,,11,consultationDesignPanel-MS,MS,mitigation,design,comment,N,"{consultationDesign2} contains ""item9""",0,0,Please describe,S'il vous plait décrire,,
157,1.0.1,consultationDesign3,consultationDesign,Consultations,,11,consultationDesignPanel-MS,MS,mitigation,design,radiogroup,N,,2,2,External consultees or partners (groups in other sectors or jurisdictions).,Des partenaires ou des parties consultantes à l'externe (groupes d'autres secteurs ou administrations),,
158,1.0.1,consultationDesign4,consultationDesign,Consultations,,11,consultationDesignPanel-MS,MS,mitigation,design,checkbox,N,"{consultationDesign3} = ""item1-2""",11,0,Which external consultees or partners will you be engaging?,Indiquez les partenaires ou les parties consultantes que vous mobiliserez à l'externe.,,
159,1.0.1,consultationDesign4-other,consultationDesign,Consultations,,11,consultationDesignPanel-MS,MS,mitigation,design,comment,N,"{consultationDesign4} contains ""item9""",0,0,Please describe,S'il vous plait décrire,,
160,1.0.1,consultationDesign5,consultationDesign,Consultations,,11,consultationDesignPanel-MS,MS,mitigation,design,comment,N,,0,0,"Identify the consultees or partners and indicate the project lifecycle stage (Concept, Design, Data collection and processing, Building or adapting the model, Testing, Deployment, Production, Monitoring, Decommission) in which the engagement will take place."," Indiquez les partenaires ou les parties consultantes et l'étape du cycle de vie du projet (par exemple, le plan de conception, la conception, la collecte de données et le traitement, l'élaboration ou l'adaptation du modèle, la mise à l'essai, le déploiement, la production, la surveillance et la mise hors service) au cours de laquelle les activités de consultation dérouleront.",,
161,1.0.1,consultationDesign6,consultationDesign,Consultations,,11,consultationDesignPanel-MS,MS,mitigation,design,radiogroup,N,,3,3,Will you consult with the clients that will be most impacted by the system?,Allez-vous consulter les personnes pour lesquelles les incidences de la mise en œuvre du système seront les plus importantes?,,
162,1.0.1,consultationDesign6A,consultationDesign,Consultations,,11,consultationDesignPanel-MS,MS,mitigation,design,comment,N,"{consultationDesign6} = ""item2-0""",0,0,Explain why you did not consult the clients that will be most impacted by the system.  ,Expliquez pourquoi vous n'allez pas consulter les personnes qui seront les plus touchées par la mise en œuvre du système.,,
163,1.0.1,consultationDesign6B,consultationDesign,Consultations,,11,consultationDesignPanel-MS,MS,mitigation,design,comment,N,"{consultationDesign6} = ""item3-0""",0,0,Explain why you are unsure. ,Expliquez votre réponse,,
164,1.0.1,consultationDesign7,consultationDesign,Consultations,,11,consultationDesignPanel-MS,MS,mitigation,design,radiogroup,N,,3,3,Will you consult with clients or communities that will be adversely impacted by the system? ,Allez-vous consulter les personnes ou les communautés qui seront lésées par la mise en œuvre du système?,,
165,1.0.1,consultationDesign7A,consultationDesign,Consultations,,11,consultationDesignPanel-MS,MS,mitigation,design,comment,N,"{consultationDesign7} = ""item2-0""",0,0,Explain why you will not consult the clients that will be adversely impacted by the system. ,Expliquez pourquoi vous n'allez pas consulter les personnes qui seront lésées par la mise en œuvre du système.,,
166,1.0.1,consultationDesign7B,consultationDesign,Consultations,,11,consultationDesignPanel-MS,MS,mitigation,design,comment,N,"{consultationDesign7} = ""item3-0""",0,0,Explain why you are unsure. ,Expliquez votre réponse,,
167,1.0.1,consultationDesign8,consultationDesign,Consultations,,11,consultationDesignPanel-MS,MS,mitigation,design,checkbox,N,,9,0,Have consultees or partners raised any significant concerns about the system in the following areas:,Les partenaires ou les parties consultantes ont-elles soulevé des préoccupations importantes à l'égard des aspects du système qui suivent?,,
168,1.0.1,consultationDesign8A,consultationDesign,Consultations,,11,consultationDesignPanel-MS,MS,mitigation,design,comment,N,"{consultationDesign8} contains ""item1"" or {consultationDesign8} contains ""item2"" or {consultationDesign8} contains ""item3"" or {consultationDesign8} contains ""item4"" or {consultationDesign8} contains ""item5"" or {consultationDesign8} contains ""item6"" or {consultationDesign8} contains ""item7"" or {consultationDesign8} contains ""item8"" or {consultationDesign8} contains ""item9""",0,0,Describe how the identified concerns have been assessed and managed. ,"Si vous avez sélectionné un ou plusieurs énoncés, décrivez la manière dont les préoccupations soulevées ont été évaluées et gérées. ",,
169,1.0.1,consultationDesign9,consultationDesign,Consultations,,11,consultationDesignPanel-MS,MS,mitigation,design,comment,N,,0,0,"Explain how you documented, analyzed and addressed the feedback received.","Expliquez comment vous avez documenté, analysé et traité la rétroaction reçue.",,
170,1.0.1,consultationImplementation1,consultationImplementation,Consultations,,12,consultationImplementationPanel-MS,MS,mitigation,implementation,radiogroup,N,,2,2,"Internal Stakeholders (federal institutions, including the federal public service)",Intervenants internes (institutions fédérales et fonction publique fédérale),,
171,1.0.1,consultationImplementation2,consultationImplementation,Consultations,,12,consultationImplementationPanel-MS,MS,mitigation,implementation,checkbox,N,"{consultationImplementation1} = ""item1-2""",16,0,Which internal consultees or partners have you engaged?,Indiquez les partenaires ou les parties consultantes que vous avez mobilisés à l'interne.,,
172,1.0.1,consultationImplementation2-other,consultationImplementation,Consultations,,12,consultationImplementationPanel-MS,MS,mitigation,implementation,comment,N,"{consultationImplementation2} contains ""item9""",0,0,Please describe,S'il vous plait décrire,,
173,1.0.1,consultationImplementation3,consultationImplementation,Consultations,,12,consultationImplementationPanel-MS,MS,mitigation,implementation,radiogroup,N,,2,2,External consultees or partners (groups in other sectors or jurisdictions).,Des partenaires ou des parties consultantes à l'externe (groupes d'autres secteurs ou administrations) ,,
174,1.0.1,consultationImplementation4,consultationImplementation,Consultations,,12,consultationImplementationPanel-MS,MS,mitigation,implementation,checkbox,N,"{consultationImplementation3} = ""item1-2""",11,0,Which external consultees or partners have you engaged?, Indiquez les partenaires ou les parties consultantes que vous avez mobilisés à l'externe.,,
175,1.0.1,consultationImplementation4-other,consultationImplementation,Consultations,,12,consultationImplementationPanel-MS,MS,mitigation,implementation,comment,N,"{consultationImplementation4} contains ""item9""",0,0,Please describe,S'il vous plait décrire,,
176,1.0.1,consultationImplementation5,consultationImplementation,Consultations,,12,consultationImplementationPanel-MS,MS,mitigation,implementation,comment,N,,0,0,"Identify the consultees or partners and indicate the project lifecycle stage (Concept, Design, Data collection and processing, Building or adapting the model, Testing, Deployment, Production, Monitoring, Decommission) in which engagement took place. ","Indiquez les partenaires ou les parties consultantes et l'étape du cycle de vie du projet (par exemple, le plan de conception, la conception, la collecte de données et le traitement, l'élaboration ou l'adaptation du modèle, la mise à l'essai, le déploiement, la production, la surveillance et la mise hors service) au cours de laquelle les activités de consultation se sont déroulées. ",,
177,1.0.1,consultationImplementation6,consultationImplementation,Consultations,,12,consultationImplementationPanel-MS,MS,mitigation,implementation,radiogroup,N,,3,3,Did you consult with the clients that will be most impacted by the system? , Avez-vous consulté les personnes pour lesquelles les incidences de la mise en œuvre du système seront les plus importantes? ,,
178,1.0.1,consultationImplementation6A,consultationImplementation,Consultations,,12,consultationImplementationPanel-MS,MS,mitigation,implementation,comment,N,"{consultationImplementation6} = ""item2-0""",0,0,Explain why you did not consult the clients that will be adversely impacted by the system.   ,Expliquez pourquoi vous n'avez pas consulté les personnes qui seront les plus touchées par la mise en œuvre du système. ,,
179,1.0.1,consultationImplementation6B,consultationImplementation,Consultations,,12,consultationImplementationPanel-MS,MS,mitigation,implementation,comment,N,"{consultationImplementation6} = ""item3-0""",0,0,Explain why you are unsure. ,Expliquez votre réponse,,
180,1.0.1,consultationImplementation7,consultationImplementation,Consultations,,12,consultationImplementationPanel-MS,MS,mitigation,implementation,radiogroup,N,,3,3,Did you consult with clients or communities that will be adversely impacted by the system? ,Avez-vous consulté les personnes ou les communautés qui seront lésées par la mise en œuvre du système? ,,
181,1.0.1,consultationImplementation7A,consultationImplementation,Consultations,,12,consultationImplementationPanel-MS,MS,mitigation,implementation,comment,N,"{consultationImplementation7} = ""item2-0""",0,0,Explain why you did not consult the clients that will be adversely impacted by the system.   ,Expliquez pourquoi vous n'avez pas consulté les personnes qui seront lésées par la mise en œuvre du système. ,,
182,1.0.1,consultationImplementation7B,consultationImplementation,Consultations,,12,consultationImplementationPanel-MS,MS,mitigation,implementation,comment,N,"{consultationImplementation7} = ""item3-0""",0,0,Explain why you are unsure. ,Expliquez votre réponse,,
183,1.0.1,consultationImplementation8,consultationImplementation,Consultations,,12,consultationImplementationPanel-MS,MS,mitigation,implementation,checkbox,N,,9,0,Have consultees or partners raised any significant concerns about the system in the following areas:,Les partenaires ou les parties consultantes ont-elles soulevé des préoccupations importantes à l'égard des aspects du système qui suivent?,,
184,1.0.1,consultationImplementation8A,consultationImplementation,Consultations,,12,consultationImplementationPanel-MS,MS,mitigation,implementation,comment,N,"{consultationImplementation8} contains ""item1"" or {consultationImplementation8} contains ""item2"" or {consultationImplementation8} contains ""item3"" or {consultationImplementation8} contains ""item4"" or {consultationImplementation8} contains ""item5"" or {consultationImplementation8} contains ""item6"" or {consultationImplementation8} contains ""item7"" or {consultationImplementation8} contains ""item8"" or {consultationImplementation8} contains ""item9""",0,0,Describe how the identified concerns have been assessed and managed.,"Si vous avez sélectionné un ou plusieurs énoncés, décrivez la manière dont les préoccupations soulevées ont été évaluées et gérées.",,
185,1.0.1,consultationImplementation9,consultationImplementation,Consultations,,12,consultationImplementationPanel-MS,MS,mitigation,implementation,comment,N,,0,0,"Explain how you documented, analyzed and addressed the feedback received.","Expliquez comment vous avez documenté, analysé et traité la rétroaction reçue.",,
186,1.0.1,dataQualityDesign1,dataQualityDesign,De-risking and Mitigation Measures,Élimination des risques et mesures d'atténuation,13,dataQualityDesignPanel-MS,MS,mitigation,design,radiogroup,N,,2,3,"Will you have documented processes in place to test datasets against biases, discrimination, and other unexpected outcomes? This could include experience in applying frameworks, methods, guidelines or other assessment tools.","Disposerez-vous de processus documentés permettant de vérifier si les jeux de données présentent des biais, des éléments discriminatoires et d'autres irrégularités? Il peut notamment s'agir de tests réalisés à l'aide de cadres, de méthodes, de lignes directrices ou d'outils d'évaluation.",,
187,1.0.1,dataQualityDesign2,dataQualityDesign,De-risking and Mitigation Measures,Élimination des risques et mesures d'atténuation,13,dataQualityDesignPanel-MS,MS,mitigation,design,radiogroup,N,"{dataQualityDesign1} = ""item1-3""",2,1,Will the documented process be publicly available? ,Le processus documenté est-il accessible au public ou le sera-t-il?,,
188,1.0.1,dataQualityDesign11,dataQualityDesign,De-risking and Mitigation Measures,Élimination des risques et mesures d'atténuation,13,dataQualityDesignPanel-MS,MS,mitigation,design,comment,N,"{dataQualityDesign1} = ""item1-3"" and {dataQualityDesign2} = ""item1-1""",0,0,Summarize the process or provide a link if publicly available.  ,Veuillez décrire brièvement le processus ou fournir un lien s'il est accessible au public.,,
189,1.0.1,dataQualityDesign3,dataQualityDesign,De-risking and Mitigation Measures,Élimination des risques et mesures d'atténuation,13,dataQualityDesignPanel-MS,MS,mitigation,design,radiogroup,N,,2,1,Will you be developing a process to document how data quality issues were resolved during the design process?,Allez-vous établir un processus permettant de documenter la façon dont les problèmes de qualité des données sont résolus pendant le processus de conception?,,
190,1.0.1,dataQualityDesign4,dataQualityDesign,De-risking and Mitigation Measures,Élimination des risques et mesures d'atténuation,13,dataQualityDesignPanel-MS,MS,mitigation,design,radiogroup,N,"{dataQualityDesign3} = ""item1-1""",2,1,Will you be making the process publicly available?,Le processus est-il accessible au public ou le sera-t-il? ,,
191,1.0.1,dataQualityDesign12,dataQualityDesign,De-risking and Mitigation Measures,Élimination des risques et mesures d'atténuation,13,dataQualityDesignPanel-MS,MS,mitigation,design,comment,N,"{dataQualityDesign3} = ""item1-1"" and {dataQualityDesign4} = ""item1-1""",0,0,Summarize the process or provide a link if publicly available.  ,Veuillez décrire brièvement le processus ou fournir un lien s'il est accessible au public.,,
192,1.0.1,dataQualityDesign5,dataQualityDesign,De-risking and Mitigation Measures,Élimination des risques et mesures d'atténuation,13,dataQualityDesignPanel-MS,MS,mitigation,design,radiogroup,N,,3,2,Will you undertake a Gender Based Analysis Plus (GBA Plus) of the data?,Allez-vous soumettre les données à une analyse comparative entre les sexes plus (ACS Plus)? ,,
193,1.0.1,dataQualityDesign6,dataQualityDesign,De-risking and Mitigation Measures,Élimination des risques et mesures d'atténuation,13,dataQualityDesignPanel-MS,MS,mitigation,design,comment,N,"{dataQualityDesign5} = ""item3-1""",0,0,Describe,Veuillez préciser,,
194,1.0.1,dataQualityDesign7,dataQualityDesign,De-risking and Mitigation Measures,Élimination des risques et mesures d'atténuation,13,dataQualityDesignPanel-MS,MS,mitigation,design,radiogroup,N,"{dataQualityDesign5} = ""item1-2""",2,1,Will you be making the GBA Plus findings publicly available?,Les résultats de l'ACS Plus sont-ils accessibles au public ou le seront-ils?,,
195,1.0.1,dataQualityDesign7A,dataQualityDesign,De-risking and Mitigation Measures,Élimination des risques et mesures d'atténuation,13,dataQualityDesignPanel-MS,MS,mitigation,design,comment,N,"{dataQualityDesign5} = ""item1-2""",0,0,Summarize the findings or provide a link if publicly available.,Veuillez résumer les résultats ou fournir un lien s'ils sont accessibles au public.,,
196,1.0.1,dataQualityDesign8,dataQualityDesign,De-risking and Mitigation Measures,Élimination des risques et mesures d'atténuation,13,dataQualityDesignPanel-MS,MS,mitigation,design,radiogroup,N,,2,2,"Will you have a documented process to manage the risk that low quality, outdated or unreliable data is used to make an automated decision?",Disposerez-vous d'un processus documenté permettant de gérer le risque que des données obsolètes ou non fiables soient utilisées dans le cadre d'une décision automatisée?,,
197,1.0.1,dataQualityDesign9,dataQualityDesign,De-risking and Mitigation Measures,Élimination des risques et mesures d'atténuation,13,dataQualityDesignPanel-MS,MS,mitigation,design,radiogroup,N,"{dataQualityDesign8} = ""item1-2""",2,1,Will you be making the process publicly available?,Le processus est-il accessible au public ou le sera-t-il?,,
198,1.0.1,dataQualityDesign9A,dataQualityDesign,De-risking and Mitigation Measures,Élimination des risques et mesures d'atténuation,13,dataQualityDesignPanel-MS,MS,mitigation,design,comment,N,"{dataQualityDesign8} = ""item1-2"" and {dataQualityDesign9} = ""item1-1""",0,0,Summarize the process or provide a link if publicly available.  ,Veuillez décrire brièvement le processus ou fournir un lien s'il est accessible au public.  ,,
199,1.0.1,dataQualityDesign10,dataQualityDesign,De-risking and Mitigation Measures,Élimination des risques et mesures d'atténuation,13,dataQualityDesignPanel-MS,MS,mitigation,design,radiogroup,N,,2,2,Will the data used for this system be posted on the Open Government Portal?,Les données utilisées pour ce système seront-elles publiées sur le Portail du gouvernement ouvert?,,
200,1.0.1,dataQualityImplementation1,dataQualityImplementation,De-risking and Mitigation Measures,Élimination des risques et mesures d'atténuation,14,dataQualityImplementationPanel-MS,MS,mitigation,implementation,radiogroup,N,,2,3,"Do you have documented processes in place to test datasets against biases, discrimination, and other unexpected outcomes? This could include experience in applying frameworks, methods, guidelines, or other assessment tools. ","Disposez-vous de processus documentés permettant de vérifier si les jeux de données présentent des biais, des éléments discriminatoires et d'autres irrégularités? Il peut notamment s'agir de tests réalisés à l'aide de cadres, de méthodes, de lignes directrices ou d'outils d'évaluation.",,
201,1.0.1,dataQualityImplementation2,dataQualityImplementation,De-risking and Mitigation Measures,Élimination des risques et mesures d'atténuation,14,dataQualityImplementationPanel-MS,MS,mitigation,implementation,radiogroup,N,"{dataQualityImplementation1} = ""item1-3""",2,1,Is the documented process publicly available? ,Le processus documenté est-il accessible au public ou le sera-t-il? ,,
202,1.0.1,dataQualityImplementation11,dataQualityImplementation,De-risking and Mitigation Measures,Élimination des risques et mesures d'atténuation,14,dataQualityImplementationPanel-MS,MS,mitigation,implementation,comment,N,"{dataQualityImplementation1} = ""item1-3"" and {dataQualityImplementation2} = ""item1-1""",0,0,Summarize the process or provide a link if publicly available.  ,Veuillez décrire brièvement le processus ou fournir un lien s'il est accessible au public.,,
203,1.0.1,dataQualityImplementation3,dataQualityImplementation,De-risking and Mitigation Measures,Élimination des risques et mesures d'atténuation,14,dataQualityImplementationPanel-MS,MS,mitigation,implementation,radiogroup,N,,2,1,Have you developed a process to document how data quality issues were resolved during the design process? ,Avez-vous établi un processus permettant de documenter la façon dont les problèmes de qualité des données sont résolus pendant le processus de conception?,,
204,1.0.1,dataQualityImplementation4,dataQualityImplementation,De-risking and Mitigation Measures,Élimination des risques et mesures d'atténuation,14,dataQualityImplementationPanel-MS,MS,mitigation,implementation,radiogroup,N,"{dataQualityImplementation3} = ""item1-1""",2,1,Is the process publicly available? ,Le processus est-il accessible au public ou le sera-t-il?  ,,
205,1.0.1,dataQualityImplementation12,dataQualityImplementation,De-risking and Mitigation Measures,Élimination des risques et mesures d'atténuation,14,dataQualityImplementationPanel-MS,MS,mitigation,implementation,comment,N,"{dataQualityImplementation3} = ""item1-1"" and {dataQualityImplementation4} = ""item1-1""",0,0,Summarize the process or provide a link if publicly available.  ,Veuillez décrire brièvement le processus ou fournir un lien s'il est accessible au public.,,
206,1.0.1,dataQualityImplementation5,dataQualityImplementation,De-risking and Mitigation Measures,Élimination des risques et mesures d'atténuation,14,dataQualityImplementationPanel-MS,MS,mitigation,implementation,radiogroup,N,,3,2,Have you undertaken a Gender-based Analysis Plus (GBA Plus) of the data?, Avez-vous soumis les données à une analyse comparative entre les sexes plus (ACS Plus)?,,
207,1.0.1,dataQualityImplementation6,dataQualityImplementation,De-risking and Mitigation Measures,Élimination des risques et mesures d'atténuation,14,dataQualityImplementationPanel-MS,MS,mitigation,implementation,comment,N,"{dataQualityImplementation5} = ""item3-1""",0,0,Describe,Veuillez préciser,,
208,1.0.1,dataQualityImplementation7,dataQualityImplementation,De-risking and Mitigation Measures,Élimination des risques et mesures d'atténuation,14,dataQualityImplementationPanel-MS,MS,mitigation,implementation,radiogroup,N,"{dataQualityImplementation5} = ""item1-2""",2,1,Are the GBA Plus findings publicly available?,Les résultats de l'ACS Plus sont-ils accessibles au public ou le seront-ils? ,,
209,1.0.1,dataQualityImplementation6A,dataQualityImplementation,De-risking and Mitigation Measures,Élimination des risques et mesures d'atténuation,14,dataQualityImplementationPanel-MS,MS,mitigation,implementation,comment,N,"{dataQualityImplementation5} = ""item1-2""",0,0,Summarize the findings or provide a link if publicly available.,Veuillez résumer les résultats ou fournir un lien s'ils sont accessibles au public.,,
210,1.0.1,dataQualityImplementation8,dataQualityImplementation,De-risking and Mitigation Measures,Élimination des risques et mesures d'atténuation,14,dataQualityImplementationPanel-MS,MS,mitigation,implementation,radiogroup,N,,2,2,"Do you have a documented process to manage the risk that low quality, outdated or unreliable data is used to make an automated decision?",Disposez-vous d'un processus documenté permettant de gérer le risque que des données obsolètes ou non fiables soient utilisées dans le cadre d'une décision automatisée?,,
211,1.0.1,dataQualityImplementation9,dataQualityImplementation,De-risking and Mitigation Measures,Élimination des risques et mesures d'atténuation,14,dataQualityImplementationPanel-MS,MS,mitigation,implementation,radiogroup,N,"{dataQualityImplementation8} = ""item1-2""",2,1,Is the process publicly available? ,Le processus est-il accessible au public? ,,
212,1.0.1,dataQualityImplementation9A,dataQualityImplementation,De-risking and Mitigation Measures,Élimination des risques et mesures d'atténuation,14,dataQualityImplementationPanel-MS,MS,mitigation,implementation,comment,N,"{dataQualityImplementation8} = ""item1-2"" and {dataQualityImplementation9} = ""item1-1""",0,0,Summarize the process or provide a link if publicly available.  ,Veuillez décrire brièvement le processus ou fournir un lien s'il est accessible au public.  ,,
213,1.0.1,dataQualityImplementation10,dataQualityImplementation,De-risking and Mitigation Measures,Élimination des risques et mesures d'atténuation,14,dataQualityImplementationPanel-MS,MS,mitigation,implementation,radiogroup,N,,2,2,Will the data used for this system be posted on the Open Government Portal?,Les données utilisées pour ce système seront-elles publiées sur le Portail du gouvernement ouvert?,,
214,1.0.1,fairnessDesign1,fairnessDesign,De-Risking and Mitigation Measures,Élimination des risques et mesures d'atténuation,15,fairnessDesignPanel-MS,MS,mitigation,design,radiogroup,N,,2,1,Will the audit trail provide information to trace the chain of legislative authority for the decision and key decision points?, La piste de vérification fournira-t-elle de l'information permettant de déterminer de quelle autorité législative relèvent les décisions et les principaux points de décision ou en fournira-t-elle?,,
215,1.0.1,fairnessDesign1A,fairnessDesign,De-Risking and Mitigation Measures,Élimination des risques et mesures d'atténuation,15,fairnessDesignPanel-MS,MS,mitigation,design,radiogroup,N,,2,1,"Will all key decision points in the automated system's logic be linked to the relevant legislation, policy or procedure?","Les principaux points de décision compris dans la logique du système automatisé sont-ils tous reliés aux lois, aux politiques ou aux procédures applicables, ou le seront-ils?",,
216,1.0.1,fairnessDesign2,fairnessDesign,De-Risking and Mitigation Measures,Élimination des risques et mesures d'atténuation,15,fairnessDesignPanel-MS,MS,mitigation,design,radiogroup,N,,2,2,Will the audit trail capture all the recommendations or decisions made by the system?,Les recommandations ou les décisions du système seront-elles toutes consignées dans la piste de vérification?,,
217,1.0.1,fairnessDesign3,fairnessDesign,De-Risking and Mitigation Measures,Élimination des risques et mesures d'atténuation,15,fairnessDesignPanel-MS,MS,mitigation,design,radiogroup,N,,2,2,Will all key decision points be identifiable in the audit trail?,Les principaux points de décision seront-ils tous clairement indiqués dans la piste de vérification?,,
218,1.0.1,fairnessDesign4,fairnessDesign,De-Risking and Mitigation Measures,Élimination des risques et mesures d'atténuation,15,fairnessDesignPanel-MS,MS,mitigation,design,radiogroup,N,,2,2,Will there be a process in place to log the instances when overrides were performed?,"Un processus permettant la consignation des cas de dérogation a-t-il établi, ou le sera-t-il? ",,
219,1.0.1,fairnessDesign5,fairnessDesign,De-Risking and Mitigation Measures,Élimination des risques et mesures d'atténuation,15,fairnessDesignPanel-MS,MS,mitigation,design,radiogroup,N,,2,2,Will there be an up-to-date log of the changes made to the model and the system?,"Un registre actualisé des modifications apportées au modèle et au système a-t-il été mis en place, ou le sera-t-il?",,
220,1.0.1,fairnessDesign7,fairnessDesign,De-Risking and Mitigation Measures,Élimination des risques et mesures d'atténuation,15,fairnessDesignPanel-MS,MS,mitigation,design,radiogroup,N,,2,1,Will the audit trail capture information that can be used to help generate an explanation of the decision where required?,"L'information permettant d'expliquer au besoin, une décision est-elle consignée dans la piste de vérification, ou le sera-t-elle? ",,
221,1.0.1,fairnessDesign10,fairnessDesign,De-Risking and Mitigation Measures,Élimination des risques et mesures d'atténuation,15,fairnessDesignPanel-MS,MS,mitigation,design,radiogroup,N,,2,2,Will the system be able to produce reasons for its decisions or recommendations when required?,"Le système permet-il d'obtenir, au besoin, des justifications concernant ses décisions ou ses recommandations ou permettra-t-il d'en obtenir? ",,
222,1.0.1,fairnessDesign8,fairnessDesign,De-Risking and Mitigation Measures,Élimination des risques et mesures d'atténuation,15,fairnessDesignPanel-MS,MS,mitigation,design,radiogroup,N,,2,2,Will the audit trail identify precisely which version of the system was used for each decision it supports?,"La piste de vérification permet-elle de déterminer précisément la version du système qui a été utilisée pour chaque décision, ou permettra-t-elle de le faire? ",,
223,1.0.1,fairnessDesign9,fairnessDesign,De-Risking and Mitigation Measures,Élimination des risques et mesures d'atténuation,15,fairnessDesignPanel-MS,MS,mitigation,design,radiogroup,N,,2,1,Will the audit trail show who the authorized decision-maker is?,"La personne autorisée à prendre des décisions est-elle indiquée dans la piste de vérification, ou le sera-t-elle?",,
224,1.0.1,fairnessDesign12,fairnessDesign,De-Risking and Mitigation Measures,Élimination des risques et mesures d'atténuation,15,fairnessDesignPanel-MS,MS,mitigation,design,radiogroup,N,,2,2,Will there be a mechanism to capture feedback by users of the system?,"Un mécanisme permettant de recueillir les commentaires des utilisateurs du système a-t-il été prévu, ou le sera-t-il?",,
225,1.0.1,fairnessDesign12A,fairnessDesign,De-Risking and Mitigation Measures,Élimination des risques et mesures d'atténuation,15,fairnessDesignPanel-MS,MS,mitigation,design,comment,N,"{fairnessDesign12} = ""item1-2""",0,0,Describe how user feedback informs updates to the system. ,"Si oui, veuillez décrire la façon dont la rétroaction sera prise en compte dans les mises à jour du système. ",,
226,1.0.1,fairnessDesign12B,fairnessDesign,De-Risking and Mitigation Measures,Élimination des risques et mesures d'atténuation,15,fairnessDesignPanel-MS,MS,mitigation,design,comment,N,"{fairnessDesign12} = ""item2-0""",0,0,Describe why user feedback is not captured. ,"Si non, veuillez expliquer pourquoi la rétroaction n'a pas été prise en compte. ",,
227,1.0.1,fairnessDesign13,fairnessDesign,De-Risking and Mitigation Measures,Élimination des risques et mesures d'atténuation,15,fairnessDesignPanel-MS,MS,mitigation,design,radiogroup,N,,2,2,Will there be a recourse process planned or established for clients to challenge the decision?,"Un processus de recours a-t-il été prévu ou mis en place pour les personnes qui souhaitent contester la décision, ou le sera-t-il?",,
228,1.0.1,fairnessDesign13A,fairnessDesign,De-Risking and Mitigation Measures,Élimination des risques et mesures d'atténuation,15,fairnessDesignPanel-MS,MS,mitigation,design,comment,N,"{fairnessDesign13} contains ""item1-2""",0,0,Provide information on the recourse process or link to a website where this is described.  ,Veuillez fournir des renseignements sur la procédure de recours ou un lien vers un site web où cette procédure est décrite. ,,
229,1.0.1,fairnessDesign16,fairnessDesign,De-Risking and Mitigation Measures,Élimination des risques et mesures d'atténuation,15,fairnessDesignPanel-MS,MS,mitigation,design,radiogroup,N,,2,2,Will the audit trail include change control processes to record modifications to the system's operation or performance?,"Des processus permettant le suivi des modifications apportées au fonctionnement ou au rendement du système ont-ils été intégrés à la piste de vérification, ou le seront-ils?",,
230,1.0.1,fairnessDesign17,fairnessDesign,De-Risking and Mitigation Measures,Élimination des risques et mesures d'atténuation,15,fairnessDesignPanel-MS,MS,mitigation,design,radiogroup,N,,3,2,Will the system base its decision or recommendation on all of the information provided by the client? ,Le système tient-il compte de toute l'information fournie par la clientèle lors de la prise de décision ou de la formulation d'une recommandation? ,,
231,1.0.1,fairnessDesign18,fairnessDesign,De-Risking and Mitigation Measures,Élimination des risques et mesures d'atténuation,15,fairnessDesignPanel-MS,MS,mitigation,design,radiogroup,N,,2,2,Will you undertake mitigations in algorithm development and model testing to address bias and discrimination? ,"Des mesures d'atténuation ont-elles été prises lors de l'élaboration des algorithmes et des essais de modèles pour éliminer tout biais et élément discriminatoire, ou le seront-elles? ",,
232,1.0.1,fairnessDesign18A,fairnessDesign,De-Risking and Mitigation Measures,Élimination des risques et mesures d'atténuation,15,fairnessDesignPanel-MS,MS,mitigation,design,comment,N,"{fairnessDesign18} = ""item1-2""",0,0,Describe the metrics used and any mitigations taken to address identified issues.,Veuillez décrire les paramètres et les mesures d'atténuation utilisés pour remédier aux problèmes constatés.,,
233,1.0.1,fairnessDesign19,fairnessDesign,De-Risking and Mitigation Measures,Élimination des risques et mesures d'atténuation,15,fairnessDesignPanel-MS,MS,mitigation,design,radiogroup,N,,2,2,Will the system only consider input data and information relevant to the decision? ,Le système ne s'appuie-t-il que sur les données d'entrée et l'information se rapportant à la décision?  ,,
234,1.0.1,fairnessDesign20,fairnessDesign,De-Risking and Mitigation Measures,Élimination des risques et mesures d'atténuation,15,fairnessDesignPanel-MS,MS,mitigation,design,radiogroup,N,,2,2,Are the system rules directly relevant to the administrative decision? ,Les règles du système sont-elles directement liées aux décisions administratives?,,
235,1.0.1,fairnessDesign21,fairnessDesign,De-Risking and Mitigation Measures,Élimination des risques et mesures d'atténuation,15,fairnessDesignPanel-MS,MS,mitigation,design,checkbox,N,,5,5,Indicate additional procedural fairness protections in place (check all that apply): ,Veuillez indiquer toute autre mesure prise pour garantir l'équité procédurale (cochez toutes les réponses qui s'appliquent) : ,,
236,1.0.1,fairnessDesign21A,fairnessDesign,De-Risking and Mitigation Measures,Élimination des risques et mesures d'atténuation,15,fairnessDesignPanel-MS,MS,mitigation,design,comment,N,"{fairnessDesign21} contains ""item5-1""",0,0,Describe,Précisez,,
237,1.0.1,fairnessDesign22,fairnessDesign,De-Risking and Mitigation Measures,Élimination des risques et mesures d'atténuation,15,fairnessDesignPanel-MS,MS,mitigation,design,radiogroup,N,,2,2,Are there processes in place to ensure impartiality and ethical conduct by the decision-maker in the use of the system and its outputs? ,Des processus visant à garantir l'impartialité et l'éthique de la personne responsable de prendre les décisions quant à l'utilisation du système et à ses résultats ont-ils été mis en place? ,,
238,1.0.1,fairnessDesign22A,fairnessDesign,De-Risking and Mitigation Measures,Élimination des risques et mesures d'atténuation,15,fairnessDesignPanel-MS,MS,mitigation,design,radiogroup,N,,2,2,Will you undertake training on appropriate use and awareness of risks associated with automation bias?,Avez-vous suivi une formation sur l'utilisation appropriée et la sensibilisation aux risques associés aux biais d'automatisation ou avez-vous l'intention de le faire? ,,
239,1.0.1,fairnessDesign23,fairnessDesign,De-Risking and Mitigation Measures,Élimination des risques et mesures d'atténuation,15,fairnessDesignPanel-MS,MS,mitigation,design,radiogroup,N,,2,2,Will your team be regularly retraining the model or reviewing the rules? ,Votre équipe procédera-t-elle régulièrement à la mise à jour du modèle ou à l'examen des règles? ,,
240,1.0.1,fairnessDesign24,fairnessDesign,De-Risking and Mitigation Measures,Élimination des risques et mesures d'atténuation,15,fairnessDesignPanel-MS,MS,mitigation,design,radiogroup,N,,2,2,Do you have monitoring processes in place to detect changes in system performance over time? ,Disposez-vous de processus de surveillance qui vous permettront de déceler les changements liés au rendement du système au fil du temps?,,
241,1.0.1,fairnessDesign24A,fairnessDesign,De-Risking and Mitigation Measures,Élimination des risques et mesures d'atténuation,15,fairnessDesignPanel-MS,MS,mitigation,design,radiogroup,N,"{fairnessDesign24} = ""item1-2""",2,1,Do you have a process in place to update the system based on the monitoring results? ,Disposez-vous d'un processus de mise à jour du système fondé sur les résultats du processus de surveillance?,,
242,1.0.1,fairnessDesign24AA,fairnessDesign,De-Risking and Mitigation Measures,Élimination des risques et mesures d'atténuation,15,fairnessDesignPanel-MS,MS,mitigation,design,comment,N,"{fairnessDesign24} = ""item1-2"" and {fairnessDesign24A} = ""item1-1"" ",0,0,Describe ,Veuillez expliquer votre réponse. ,,
243,1.0.1,fairnessDesign24B,fairnessDesign,De-Risking and Mitigation Measures,Élimination des risques et mesures d'atténuation,15,fairnessDesignPanel-MS,MS,mitigation,design,comment,N,"{fairnessDesign24} = ""item2-0""",0,0,Indicate why monitoring processes are not in place.,Indiquez pourquoi aucun processus de surveillance n'est en place.,,
244,1.0.1,fairnessImplementation1,fairnessImplementation,De-Risking and Mitigation Measures,Élimination des risques et mesures d'atténuation,16,fairnessImplementationPanel-MS,MS,mitigation,implementation,radiogroup,N,,2,1,Does the audit trail provide information to trace the chain of legislative authority for the decision and key decision points? , La piste de vérification fournit-elle de l'information permettant de déterminer de quelle autorité législative relèvent les décisions et les principaux points de décision? ,,
245,1.0.1,fairnessImplementation1A,fairnessImplementation,De-Risking and Mitigation Measures,Élimination des risques et mesures d'atténuation,16,fairnessImplementationPanel-MS,MS,mitigation,implementation,radiogroup,N,,2,1,"Are all key decision points in the automated system's logic linked to the relevant legislation, policy or procedures? ","Les principaux points de décision compris dans la logique du système automatisé sont-ils tous reliés aux lois, aux politiques ou aux procédures applicables, ou le seront-ils? ",,
246,1.0.1,fairnessImplementation2,fairnessImplementation,De-Risking and Mitigation Measures,Élimination des risques et mesures d'atténuation,16,fairnessImplementationPanel-MS,MS,mitigation,implementation,radiogroup,N,,2,2,Does the audit trail capture all the recommendations or decisions made by the system? ,Les recommandations ou les décisions du système sont-elles toutes consignées dans la piste de vérification? ,,
247,1.0.1,fairnessImplementation3,fairnessImplementation,De-Risking and Mitigation Measures,Élimination des risques et mesures d'atténuation,16,fairnessImplementationPanel-MS,MS,mitigation,implementation,radiogroup,N,,2,2,Are all key decision points identifiable in the audit trail? ,Les principaux points de décision sont-ils tous clairement indiqués dans la piste de vérification? ,,
248,1.0.1,fairnessImplementation4,fairnessImplementation,De-Risking and Mitigation Measures,Élimination des risques et mesures d'atténuation,16,fairnessImplementationPanel-MS,MS,mitigation,implementation,radiogroup,N,,2,2,Is there a process in place to log the instances when overrides were performed? ,"Un processus permettant la consignation des cas de dérogation a-t-il établi, ou le sera-t-il? ",,
249,1.0.1,fairnessImplementation5,fairnessImplementation,De-Risking and Mitigation Measures,Élimination des risques et mesures d'atténuation,16,fairnessImplementationPanel-MS,MS,mitigation,implementation,radiogroup,N,,2,2,Is there an up-to-date log of the changes made to the model and the system? , Un registre actualisé des modifications apportées au modèle et au système a-t-il été mis en place?   ,,
250,1.0.1,fairnessImplementation7,fairnessImplementation,De-Risking and Mitigation Measures,Élimination des risques et mesures d'atténuation,16,fairnessImplementationPanel-MS,MS,mitigation,implementation,radiogroup,N,,2,1,Does the audit trail capture information that can be used to help generate an explanation of the decision where required? ,"L'information permettant d'expliquer au besoin, une décision est-elle consignée dans la piste de vérification? ",,
251,1.0.1,fairnessImplementation10,fairnessImplementation,De-Risking and Mitigation Measures,Élimination des risques et mesures d'atténuation,16,fairnessImplementationPanel-MS,MS,mitigation,implementation,radiogroup,N,,2,2,Is the system able to produce reasons for its decisions or recommendations when required? ,"Le système permet-il d'obtenir, au besoin, des justifications concernant ses décisions ou ses recommandations?  ",,
252,1.0.1,fairnessImplementation8,fairnessImplementation,De-Risking and Mitigation Measures,Élimination des risques et mesures d'atténuation,16,fairnessImplementationPanel-MS,MS,mitigation,implementation,radiogroup,N,,2,2,Does the audit trail identify precisely which version of the system was used for each decision it supports? ,La piste de vérification permet-elle de déterminer précisément la version du système qui a été utilisée pour chaque décision? ,,
253,1.0.1,fairnessImplementation9,fairnessImplementation,De-Risking and Mitigation Measures,Élimination des risques et mesures d'atténuation,16,fairnessImplementationPanel-MS,MS,mitigation,implementation,radiogroup,N,,2,1,Does the audit trail show who the authorized decision-maker is? ,La personne autorisée à prendre des décisions est-elle indiquée dans la piste de vérification? ,,
254,1.0.1,fairnessImplementation12,fairnessImplementation,De-Risking and Mitigation Measures,Élimination des risques et mesures d'atténuation,16,fairnessImplementationPanel-MS,MS,mitigation,implementation,radiogroup,N,,2,2,Is there a mechanism to capture feedback by users of the system?,Un mécanisme permettant de recueillir les commentaires des utilisateurs du système a-t-il été prévu? ,,
255,1.0.1,fairnessImplementation12A,fairnessImplementation,De-Risking and Mitigation Measures,Élimination des risques et mesures d'atténuation,16,fairnessImplementationPanel-MS,MS,mitigation,implementation,comment,N,"{fairnessImplementation12} = ""item1-2""",0,0,Describe how user feedback informs updates to the system. ,"Si oui, veuillez décrire la façon dont la rétroaction sera prise en compte dans les mises à jour du système. ",,
256,1.0.1,fairnessImplementation12B,fairnessImplementation,De-Risking and Mitigation Measures,Élimination des risques et mesures d'atténuation,16,fairnessImplementationPanel-MS,MS,mitigation,implementation,comment,N,"{fairnessImplementation12} = ""item2-0""",0,0,Describe why user feedback is not captured. ,"Si non, veuillez expliquer pourquoi la rétroaction n'a pas été prise en compte. ",,
257,1.0.1,fairnessImplementation13,fairnessImplementation,De-Risking and Mitigation Measures,Élimination des risques et mesures d'atténuation,16,fairnessImplementationPanel-MS,MS,mitigation,implementation,radiogroup,N,,2,2,Is there a recourse process established for clients to challenge the decision?,Un processus de recours a-t-il été prévu ou mis en place pour les personnes qui souhaitent contester la décision? ,,
258,1.0.1,fairnessImplementation13A,fairnessImplementation,De-Risking and Mitigation Measures,Élimination des risques et mesures d'atténuation,16,fairnessImplementationPanel-MS,MS,mitigation,implementation,comment,N,"{fairnessImplementation13} contains ""item1-2""",0,0,Provide information on the recourse process or link to a website where this is described.  ,Veuillez fournir des renseignements sur la procédure de recours ou un lien vers un site web où cette procédure est décrite. ,,
259,1.0.1,fairnessImplementation16,fairnessImplementation,De-Risking and Mitigation Measures,Élimination des risques et mesures d'atténuation,16,fairnessImplementationPanel-MS,MS,mitigation,implementation,radiogroup,N,,2,2,Does the audit trail include change control processes to record modifications to the system's operation or performance? ,Des processus permettant le suivi des modifications apportées au fonctionnement ou au rendement du système ont-ils été intégrés à la piste de vérification? ,,
260,1.0.1,fairnessImplementation17,fairnessImplementation,De-Risking and Mitigation Measures,Élimination des risques et mesures d'atténuation,16,fairnessImplementationPanel-MS,MS,mitigation,implementation,radiogroup,N,,3,2,Does the system base its decision or recommendation on all of the information provided by the client? ,Le système tient-il compte de toute l'information fournie par la clientèle lors de la prise de décision ou de la formulation d'une recommandation? ,,
261,1.0.1,fairnessImplementation18,fairnessImplementation,De-Risking and Mitigation Measures,Élimination des risques et mesures d'atténuation,16,fairnessImplementationPanel-MS,MS,mitigation,implementation,radiogroup,N,,2,2,Have you undertaken mitigations in algorithm development and model testing to address bias and discrimination? ,Des mesures d'atténuation ont-elles été prises lors de l'élaboration des algorithmes et des essais de modèles pour éliminer tout biais et élément discriminatoire? ,,
262,1.0.1,fairnessImplementation18A,fairnessImplementation,De-Risking and Mitigation Measures,Élimination des risques et mesures d'atténuation,16,fairnessImplementationPanel-MS,MS,mitigation,implementation,comment,N,"{fairnessImplementation18} = ""item1-2""",0,0,Describe the metrics used and any mitigations taken to address identified issues.,Veuillez décrire les paramètres et les mesures d'atténuation utilisés pour remédier aux problèmes constatés.,,
263,1.0.1,fairnessImplementation19,fairnessImplementation,De-Risking and Mitigation Measures,Élimination des risques et mesures d'atténuation,16,fairnessImplementationPanel-MS,MS,mitigation,implementation,radiogroup,N,,2,2,Does the system only consider input data and information relevant to the decision?  ,Le système ne s'appuie-t-il que sur les données d'entrée et l'information se rapportant à la décision?  ,,
264,1.0.1,fairnessImplementation20,fairnessImplementation,De-Risking and Mitigation Measures,Élimination des risques et mesures d'atténuation,16,fairnessImplementationPanel-MS,MS,mitigation,implementation,radiogroup,N,,2,2,Are the system rules directly relevant to the administrative decision? ,Les règles du système sont-elles directement liées aux décisions administratives?,,
265,1.0.1,fairnessImplementation21,fairnessImplementation,De-Risking and Mitigation Measures,Élimination des risques et mesures d'atténuation,16,fairnessImplementationPanel-MS,MS,mitigation,implementation,checkbox,N,,5,5,Indicate additional procedural fairness protections in place (check all that apply): ,Veuillez indiquer toute autre mesure prise pour garantir l'équité procédurale (cochez toutes les réponses qui s'appliquent) : ,,
266,1.0.1,fairnessImplementation21A,fairnessImplementation,De-Risking and Mitigation Measures,Élimination des risques et mesures d'atténuation,16,fairnessImplementationPanel-MS,MS,mitigation,implementation,comment,N,"{fairnessImplementation21} contains ""item5-1""",0,0,Describe,Précisez,,
267,1.0.1,fairnessImplementation22,fairnessImplementation,De-Risking and Mitigation Measures,Élimination des risques et mesures d'atténuation,16,fairnessImplementationPanel-MS,MS,mitigation,implementation,radiogroup,N,,2,2,Are there processes in place to ensure impartiality and ethical conduct by the decision-maker in the use of the system and its outputs? ,Des processus visant à garantir l'impartialité et l'éthique de la personne responsable de prendre les décisions quant à l'utilisation du système et à ses résultats ont-ils été mis en place? ,,
268,1.0.1,fairnessImplementation22A,fairnessImplementation,De-Risking and Mitigation Measures,Élimination des risques et mesures d'atténuation,16,fairnessImplementationPanel-MS,MS,mitigation,implementation,radiogroup,N,,2,2,Have you undertaken training on appropriate use and awareness of risks associated with automation bias?,Avez-vous suivi une formation sur l'utilisation appropriée et la sensibilisation aux risques associés aux biais d'automatisation?  ,,
269,1.0.1,fairnessImplementation23,fairnessImplementation,De-Risking and Mitigation Measures,Élimination des risques et mesures d'atténuation,16,fairnessImplementationPanel-MS,MS,mitigation,implementation,radiogroup,N,,2,2,Will your team be regularly retraining the model or reviewing the rules? ,Votre équipe procédera-t-elle régulièrement à la mise à jour du modèle ou à l'examen des règles? ,,
270,1.0.1,fairnessImplementation24,fairnessImplementation,De-Risking and Mitigation Measures,Élimination des risques et mesures d'atténuation,16,fairnessImplementationPanel-MS,MS,mitigation,implementation,radiogroup,N,,2,2,Do you have monitoring processes in place to detect changes in system performance over time? ,Disposez-vous de processus de surveillance qui vous permettront de déceler les changements liés au rendement du système au fil du temps?,,
271,1.0.1,fairnessImplementation24A,fairnessImplementation,De-Risking and Mitigation Measures,Élimination des risques et mesures d'atténuation,16,fairnessImplementationPanel-MS,MS,mitigation,implementation,radiogroup,N,"{fairnessImplementation24} = ""item1-2""",2,1,Do you have a process in place to update the system based on the monitoring results? ,Disposez-vous d'un processus de mise à jour du système fondé sur les résultats du processus de surveillance?,,
272,1.0.1,fairnessImplementation24AA,fairnessImplementation,De-Risking and Mitigation Measures,Élimination des risques et mesures d'atténuation,16,fairnessImplementationPanel-MS,MS,mitigation,implementation,comment,N,"{fairnessImplementation24} = ""item1-2"" and {fairnessImplementation24A} = ""item1-1"" ",0,0,Describe ,Veuillez expliquer votre réponse. ,,
273,1.0.1,fairnessImplementation24B,fairnessImplementation,De-Risking and Mitigation Measures,Élimination des risques et mesures d'atténuation,16,fairnessImplementationPanel-MS,MS,mitigation,implementation,comment,N,"{fairnessImplementation24} = ""item2-0""",0,0,Indicate why monitoring processes are not in place.,Indiquez pourquoi aucun processus de surveillance n'est en place.,,
274,1.0.1,privacyDesign1,privacyDesign,De-Risking and Mitigation Measures,Élimination des risques et mesures d'atténuation,17,privacyDesignPanel-MS,MS,mitigation,design,radiogroup,N,,2,2,"If your system uses or creates personal information, will you undertake a privacy impact assessment (PIA), or update an existing one prior to system launch?","Si votre système traite ou génère des renseignements personnels, avez-vous réalisé une évaluation des facteurs relatifs à la vie privée (EFVP) ou mis à jour une évaluation existante avant le lancement du système, ou avez-vous l'intention de le faire? ",,
275,1.0.1,privacyDesign5,privacyDesign,De-Risking and Mitigation Measures,Élimination des risques et mesures d'atténuation,17,privacyDesignPanel-MS,MS,mitigation,design,comment,N,"{privacyDesign1} = ""item1-2""",0,0,Indicate the following in your answer: Title and scope of the PIA; How the automation project fits into the program; and Date of PIA completion or modification. ,"Si oui, veuillez indiquer les éléments suivants dans votre réponse : le titre et la portée de l'EFVP; la manière dont le projet d'automatisation s'intègre au programme; la date d'achèvement ou de modification de l'EFVP.",,
276,1.0.1,privacyDesign6,privacyDesign,De-Risking and Mitigation Measures,Élimination des risques et mesures d'atténuation,17,privacyDesignPanel-MS,MS,mitigation,design,comment,N,"{privacyDesign1} = ""item2-0""",0,0,Have you undertaken other types of privacy assessments for your automation project?  Describe any relevant efforts.,"Si non, avez-vous réalisé d'autres types d'EFVP pour votre projet d'automatisation? Veuillez décrire toute mesure pertinente.  ",,
277,1.0.1,privacyDesign2,privacyDesign,De-Risking and Mitigation Measures,Élimination des risques et mesures d'atténuation,17,privacyDesignPanel-MS,MS,mitigation,design,radiogroup,N,,2,2,Will you design and build security into your systems from the concept stage of the project?,"Avez-vous conçu des mesures de sécurité et les avez-vous intégrées dans vos systèmes dès l'étape de la conception du projet, ou avez-vous l'intention de le faire?",,
278,1.0.1,privacyDesign2A,privacyDesign,De-Risking and Mitigation Measures,Élimination des risques et mesures d'atténuation,17,privacyDesignPanel-MS,MS,mitigation,design,comment,N,"{privacyDesign2} = ""item1-2""",0,0,Describe,Veuillez préciser.,,
279,1.0.1,privacyDesign9,privacyDesign,De-Risking and Mitigation Measures,Élimination des risques et mesures d'atténuation,17,privacyDesignPanel-MS,MS,mitigation,design,radiogroup,N,,2,2,Will you design and build privacy into your systems from the concept stage of the project?,"Avez-vous conçu des mesures de la protection des renseignements personnels et les avez-vous intégrées dans vos systèmes dès l'étape de la conception du projet, ou avez-vous l'intention de le faire?",,
280,1.0.1,privacyDesign9A,privacyDesign,De-Risking and Mitigation Measures,Élimination des risques et mesures d'atténuation,17,privacyDesignPanel-MS,MS,mitigation,design,comment,N,"{privacyDesign9} = ""item1-2""",0,0,Describe,Veuillez préciser.,,
281,1.0.1,privacyDesign3,privacyDesign,De-Risking and Mitigation Measures,Élimination des risques et mesures d'atténuation,17,privacyDesignPanel-MS,MS,mitigation,design,radiogroup,N,,2,1,"Will information be used within a closed system (no connections to the Internet, Intranet or any other system)?","L'information est-elle utilisée dans un système fermé (c'est-à-dire sans connexion à Internet, à l'intranet ou à tout autre système), ou le sera-t-elle?",,
282,1.0.1,privacyDesign4,privacyDesign,De-Risking and Mitigation Measures,Élimination des risques et mesures d'atténuation,17,privacyDesignPanel-MS,MS,mitigation,design,radiogroup,N,,2,1,"If the disclosing of personal information is involved, has an agreement or arrangement with appropriate safeguards been established?","Si la transmission de renseignements personnels est prévue, un accord ou un arrangement prévoyant des mesures de sécurité appropriées a-t-il été conclu?",,
283,1.0.1,privacyDesign7,privacyDesign,De-Risking and Mitigation Measures,Élimination des risques et mesures d'atténuation,17,privacyDesignPanel-MS,MS,mitigation,design,radiogroup,N,,2,1,Will you de-identify any personal information used or created by the system at any point in the lifecycle? ,Les renseignements personnels traités ou créés par le système seront-ils dépersonnalisés à toutes les étapes du cycle de vie?,,
284,1.0.1,privacyDesign8,privacyDesign,De-Risking and Mitigation Measures,Élimination des risques et mesures d'atténuation,17,privacyDesignPanel-MS,MS,mitigation,design,comment,N,"{privacyDesign7} = ""item1-1""",0,0,Describe your de-identification method(s).,Veuillez décrire les méthodes de dépersonnalisation que vous utiliserez.  ,,
285,1.0.1,privacyImplementation1,privacyImplementation,De-Risking and Mitigation Measures,Élimination des risques et mesures d'atténuation,18,privacyImplementationPanel-MS,MS,mitigation,implementation,radiogroup,N,,2,2,"If your system uses or creates personal information, have you undertaken a PIA, or updated an existing one? ","Si votre système traite ou génère des renseignements personnels, avez-vous réalisé une évaluation des facteurs relatifs à la vie privée (EFVP) ou mis à jour une évaluation existante avant le lancement du système?",,
286,1.0.1,privacyImplementation5,privacyImplementation,De-Risking and Mitigation Measures,Élimination des risques et mesures d'atténuation,18,privacyImplementationPanel-MS,MS,mitigation,implementation,comment,N,"{privacyImplementation1} = ""item1-2""",0,0,Indicate the following in your answer: Title and scope of the PIA; How the automation project fits into the program; and Date of PIA completion or modification.,"Si oui, veuillez indiquer les éléments suivants dans votre réponse : le titre et la portée de l'EFVP; la manière dont le projet d'automatisation s'intègre au programme; la date d'achèvement ou de modification de l'EFVP.",,
287,1.0.1,privacyImplementation6,privacyImplementation,De-Risking and Mitigation Measures,Élimination des risques et mesures d'atténuation,18,privacyImplementationPanel-MS,MS,mitigation,implementation,comment,N,"{privacyImplementation1} = ""item2-0""",0,0,Have you undertaken other types of privacy assessments for your automation project? Describe any relevant efforts. ,"Si non, avez-vous réalisé d'autres types d'EFVP pour votre projet d'automatisation? Veuillez décrire toute mesure pertinente.",,
288,1.0.1,privacyImplementation2,privacyImplementation,De-Risking and Mitigation Measures,Élimination des risques et mesures d'atténuation,18,privacyImplementationPanel-MS,MS,mitigation,implementation,radiogroup,N,,2,2,Have you designed and built security into your systems from the concept stage of the project?,Avez-vous conçu des mesures de sécurité et les avez-vous intégrées dans vos systèmes dès l'étape de la conception du projet?,,
289,1.0.1,privacyImplementation2A,privacyImplementation,De-Risking and Mitigation Measures,Élimination des risques et mesures d'atténuation,18,privacyImplementationPanel-MS,MS,mitigation,implementation,comment,N,"{privacyImplementation2} = ""item1-2""",0,0,Describe,Veuillez préciser.,,
290,1.0.1,privacyImplementation9,privacyImplementation,De-Risking and Mitigation Measures,Élimination des risques et mesures d'atténuation,18,privacyImplementationPanel-MS,MS,mitigation,implementation,radiogroup,N,,2,2,Have you designed and built privacy into your systems from the concept stage of the project?,Avez-vous conçu des mesures de la protection des renseignements personnels et les avez-vous intégrées dans vos systèmes dès l'étape de la conception du projet? ,,
291,1.0.1,privacyImplementation9A,privacyImplementation,De-Risking and Mitigation Measures,Élimination des risques et mesures d'atténuation,18,privacyImplementationPanel-MS,MS,mitigation,implementation,comment,N,"{privacyImplementation9} = ""item1-2""",0,0,Describe,Veuillez préciser.,,
292,1.0.1,privacyImplementation3,privacyImplementation,De-Risking and Mitigation Measures,Élimination des risques et mesures d'atténuation,18,privacyImplementationPanel-MS,MS,mitigation,implementation,radiogroup,N,,2,1,"Is the information used within a closed system (no connections to the Internet, Intranet or any other system)?","L'information est-elle utilisée dans un système fermé (c'est-à-dire sans connexion à Internet, à l'intranet ou à tout autre système)?",,
293,1.0.1,privacyImplementation4,privacyImplementation,De-Risking and Mitigation Measures,Élimination des risques et mesures d'atténuation,18,privacyImplementationPanel-MS,MS,mitigation,implementation,radiogroup,N,,2,1,"If the disclosing of personal information is involved, has an agreement or arrangement with appropriate safeguards been established?","Si la transmission de renseignements personnels est prévue, un accord ou un arrangement prévoyant des mesures de sécurité appropriées a-t-il été conclu? ",,
294,1.0.1,privacyImplementation7,privacyImplementation,De-Risking and Mitigation Measures,Élimination des risques et mesures d'atténuation,18,privacyImplementationPanel-MS,MS,mitigation,implementation,radiogroup,N,,2,1,Will you de-identify any personal information used or created by the system at any point in the lifecycle? ,Les renseignements personnels traités ou créés par le système seront-ils dépersonnalisés à toutes les étapes du cycle de vie? ,,
295,1.0.1,privacyImplementation8,privacyImplementation,De-Risking and Mitigation Measures,Élimination des risques et mesures d'atténuation,18,privacyImplementationPanel-MS,MS,mitigation,implementation,comment,N,"{privacyImplementation7} = ""item1-1""",0,0,Describe your de-identification method(s).,Veuillez décrire les méthodes de dépersonnalisation que vous utiliserez.,,
