option_id,field_id,catalog_version,field_name,option_value,option_index,points,text_en,text_fr
1,5,1.0.0,projectDetailsDepartment-NS,001,0,0,Agriculture and Agri-Food (Department of),Agriculture et de l'Agroalimentaire (Ministère de l')
2,5,1.0.0,projectDetailsDepartment-NS,002,1,0,Office of the Auditor General,Bureau du vérificateur général
3,5,1.0.0,projectDetailsDepartment-NS,004,2,0,Public Service Commission,Commission de la fonction publique
4,5,1.0.0,projectDetailsDepartment-NS,005,3,0,"Foreign Affairs, Trade and Development (Department of)","Affaires étrangères, du Commerce et du Développement (Ministère des)"
5,5,1.0.0,projectDetailsDepartment-NS,006,4,0,Finance (Department of),Finances (Ministère des)
6,5,1.0.0,projectDetailsDepartment-NS,007,5,0,Environment (Department of the),Environnement (Ministère de l')
7,5,1.0.0,projectDetailsDepartment-NS,008,6,0,Office of the Governor General's Secretary,Bureau du secrétaire du gouverneur général
8,5,1.0.0,projectDetailsDepartment-NS,009,7,0,Senate,Sénat
9,5,1.0.0,projectDetailsDepartment-NS,011,8,0,Office of the Superintendent of Financial Institutions,Bureau du surintendant des institutions financières
10,5,1.0.0,projectDetailsDepartment-NS,012,9,0,Economic Development Agency of Canada for the Regions of Quebec,Agence de développement économique du Canada pour les régions du Québec
11,5,1.0.0,projectDetailsDepartment-NS,013,10,0,Justice (Department of),Justice (Ministère de la)
12,5,1.0.0,projectDetailsDepartment-NS,014,11,0,Employment and Social Development (Department of),Emploi et du Développement social (Ministère de l')
13,5,1.0.0,projectDetailsDepartment-NS,015,12,0,Office of the Chief Electoral Officer,Bureau du directeur général des élections
14,5,1.0.0,projectDetailsDepartment-NS,016,13,0,Canadian Radio-television and Telecommunications Commission,Conseil de la radiodiffusion et des télécommunications canadiennes
15,5,1.0.0,projectDetailsDepartment-NS,017,14,0,Library of Parliament,Bibliothèque du Parlement
16,5,1.0.0,projectDetailsDepartment-NS,018,15,0,National Defence (Department of),Défense nationale (Ministère de la)
17,5,1.0.0,projectDetailsDepartment-NS,019,16,0,Office of the Director of Public Prosecutions,Bureau du directeur des poursuites pénales
18,5,1.0.0,projectDetailsDepartment-NS,021,17,0,Veterans Affairs (Department of),Anciens Combattants (Ministère des)
19,5,1.0.0,projectDetailsDepartment-NS,022,18,0,Health (Department of),Santé (Ministère de la)
20,5,1.0.0,projectDetailsDepartment-NS,023,19,0,Atlantic Canada Opportunities Agency,Agence de promotion économique du Canada atlantique
21,5,1.0.0,projectDetailsDepartment-NS,024,20,0,International Joint Commission (Canadian Section),Commission mixte internationale (section canadienne)
22,5,1.0.0,projectDetailsDepartment-NS,025,21,0,Privy Council Office,Bureau du Conseil privé
23,5,1.0.0,projectDetailsDepartment-NS,027,22,0,Natural Sciences and Engineering Research Council,Conseil de recherches en sciences naturelles et en génie
24,5,1.0.0,projectDetailsDepartment-NS,030,23,0,Royal Canadian Mounted Police,Gendarmerie royale du Canada
25,5,1.0.0,projectDetailsDepartment-NS,032,24,0,Immigration and Refugee Board,Commission de l'immigration et du statut de réfugié
26,5,1.0.0,projectDetailsDepartment-NS,033,25,0,Industry (Department of),Industrie (Ministère de l')
27,5,1.0.0,projectDetailsDepartment-NS,034,26,0,Transport (Department of),Transports (Ministère des)
28,5,1.0.0,projectDetailsDepartment-NS,035,27,0,National Research Council of Canada,Conseil national de recherches du Canada
29,5,1.0.0,projectDetailsDepartment-NS,037,28,0,Telefilm Canada,Téléfilm Canada
30,5,1.0.0,projectDetailsDepartment-NS,038,29,0,Canada Border Services Agency - (Administered Activities),Agence des services frontaliers du Canada - (activités administrées)
31,5,1.0.0,projectDetailsDepartment-NS,039,30,0,National Film Board,Office national du film
32,5,1.0.0,projectDetailsDepartment-NS,040,31,0,Canadian Transportation Agency,Office des transports du Canada
33,5,1.0.0,projectDetailsDepartment-NS,041,32,0,Natural Resources (Department of),Ressources naturelles (Ministère des)
34,5,1.0.0,projectDetailsDepartment-NS,042,33,0,Indian Affairs and Northern Development (Department of),Affaires indiennes et du Nord canadien (Ministère des)
35,5,1.0.0,projectDetailsDepartment-NS,043,34,0,Canadian Intergovernmental Conference Secretariat,Secrétariat des conférences intergouvernementales canadiennes
36,5,1.0.0,projectDetailsDepartment-NS,044,35,0,Western Economic Diversification (Department of),Diversification de l'économie de l'Ouest canadien (Ministère de la)
37,5,1.0.0,projectDetailsDepartment-NS,046,36,0,Office of the Public Sector Integrity Commissioner,Commissariat à l'intégrité du secteur public
38,5,1.0.0,projectDetailsDepartment-NS,047,37,0,Canadian Nuclear Safety Commission,Commission canadienne de sûreté nucléaire
39,5,1.0.0,projectDetailsDepartment-NS,050,38,0,Citizenship and Immigration (Department of),Citoyenneté et de l'Immigration (Ministère de la)
40,5,1.0.0,projectDetailsDepartment-NS,051,39,0,Office of the Commissioner for Federal Judicial Affairs,Bureau du commissaire à la magistrature fédérale
41,5,1.0.0,projectDetailsDepartment-NS,052,40,0,Canada School of Public Service,École de la fonction publique du Canada
42,5,1.0.0,projectDetailsDepartment-NS,053,41,0,Correctional Service of Canada,Service correctionnel du Canada
43,5,1.0.0,projectDetailsDepartment-NS,054,42,0,Statistics Canada,Statistique Canada
44,5,1.0.0,projectDetailsDepartment-NS,055,43,0,Office of the Communications Security Establishment Commissioner,Bureau du commissaire du Centre de la sécurité des télécommunications
45,5,1.0.0,projectDetailsDepartment-NS,056,44,0,Treasury Board Secretariat,Secrétariat du Conseil du Trésor
46,5,1.0.0,projectDetailsDepartment-NS,057,45,0,Parole Board of Canada,Commission des libérations conditionnelles du Canada
47,5,1.0.0,projectDetailsDepartment-NS,061,46,0,Canadian Institutes of Health Research,Instituts de recherche en santé du Canada
48,5,1.0.0,projectDetailsDepartment-NS,062,47,0,Federal Economic Development Agency for Southern Ontario,Agence fédérale de développement économique pour le Sud de l'Ontario
49,5,1.0.0,projectDetailsDepartment-NS,063,48,0,Social Sciences and Humanities Research Council,Conseil de recherches en sciences humaines
50,5,1.0.0,projectDetailsDepartment-NS,066,49,0,Northern Pipeline Agency,Administration du pipe-line du Nord
51,5,1.0.0,projectDetailsDepartment-NS,067,50,0,House of Commons,Chambre des communes
52,5,1.0.0,projectDetailsDepartment-NS,074,51,0,National Energy Board,Office national de l'énergie
53,5,1.0.0,projectDetailsDepartment-NS,075,52,0,Canadian Human Rights Commission,Commission canadienne des droits de la personne
54,5,1.0.0,projectDetailsDepartment-NS,076,53,0,Office of the Commissioner of Official Languages,Commissariat aux langues officielles
55,5,1.0.0,projectDetailsDepartment-NS,078,54,0,Canadian Northern Economic Development Agency,Agence canadienne de développement économique du Nord
56,5,1.0.0,projectDetailsDepartment-NS,079,55,0,Payroll System General Ledger,Grand livre général du système de la paye
57,5,1.0.0,projectDetailsDepartment-NS,080,56,0,Registrar of the Supreme Court of Canada,Registraire de la Cour suprême du Canada
58,5,1.0.0,projectDetailsDepartment-NS,083,57,0,"Office of the Co-ordinator, Status of Women",Bureau de la coordonnatrice de la situation de la femme
59,5,1.0.0,projectDetailsDepartment-NS,085,58,0,Canada Border Services Agency,Agence des services frontaliers du Canada
60,5,1.0.0,projectDetailsDepartment-NS,086,59,0,Fisheries and Oceans (Department of),Pêches et des Océans (Ministère des)
61,5,1.0.0,projectDetailsDepartment-NS,087,60,0,Public Service Superannuation,Pension de retraite de la fonction publique
62,5,1.0.0,projectDetailsDepartment-NS,088,61,0,Public Safety and Emergency Preparedness (Department of),Sécurité publique et de la Protection civile (Ministère de la)
63,5,1.0.0,projectDetailsDepartment-NS,091,62,0,Canada Mortgage and Housing Corporation (Crown Corporation),Société canadienne d'hypothèques et de logement (Société d'État)
64,5,1.0.0,projectDetailsDepartment-NS,095,63,0,Canadian Security Intelligence Service,Service canadien du renseignement de sécurité
65,5,1.0.0,projectDetailsDepartment-NS,096,64,0,Offices of the Information and Privacy Commissioners of Canada,Commissariats à l'information et à la protection de la vie privée au Canada
66,5,1.0.0,projectDetailsDepartment-NS,097,65,0,Receiver General,Receveur général
67,5,1.0.0,projectDetailsDepartment-NS,100,66,0,Canadian Centre for Occupational Health and Safety,Centre canadien d'hygiène et de sécurité au travail
68,5,1.0.0,projectDetailsDepartment-NS,101,67,0,Canadian Transportation Accident Investigation and Safety Board,Bureau canadien d'enquête sur les accidents de transport et de la sécurité des transports
69,5,1.0.0,projectDetailsDepartment-NS,102,68,0,The National Battlefields Commission,Commission des champs de bataille nationaux
70,5,1.0.0,projectDetailsDepartment-NS,103,69,0,Security Intelligence Review Committee,Comité de surveillance des activités de renseignement de sécurité
71,5,1.0.0,projectDetailsDepartment-NS,109,70,0,Patented Medicine Prices Review Board,Conseil d'examen du prix des médicaments brevetés
72,5,1.0.0,projectDetailsDepartment-NS,116,71,0,Copyright Board,Commission du droit d'auteur
73,5,1.0.0,projectDetailsDepartment-NS,119,72,0,Canadian Space Agency,Agence spatiale canadienne
74,5,1.0.0,projectDetailsDepartment-NS,122,73,0,Canada Revenue Agency - (Administered Activities),Agence du revenu du Canada - (activités administrées)
75,5,1.0.0,projectDetailsDepartment-NS,123,74,0,Export Development Canada (Crown Corporation),Exportation et développement Canada (Société d'État)
76,5,1.0.0,projectDetailsDepartment-NS,124,75,0,Parks Canada Agency,Agence Parcs Canada
77,5,1.0.0,projectDetailsDepartment-NS,127,76,0,Public Works and Government Services (Department of),Travaux publics et des Services gouvernementaux (Ministère des)
78,5,1.0.0,projectDetailsDepartment-NS,130,77,0,Canada Revenue Agency,Agence du revenu du Canada
79,5,1.0.0,projectDetailsDepartment-NS,133,78,0,Canadian Grain Commission,Commission canadienne des grains
80,5,1.0.0,projectDetailsDepartment-NS,134,79,0,Canadian Dairy Commission,Commission canadienne du lait
81,5,1.0.0,projectDetailsDepartment-NS,135,80,0,Canadian Heritage (Department of),Patrimoine canadien (Ministère du)
82,5,1.0.0,projectDetailsDepartment-NS,136,81,0,Canadian Food Inspection Agency,Agence canadienne d'inspection des aliments
83,5,1.0.0,projectDetailsDepartment-NS,137,82,0,Military Police Complaints Commission,Commission d'examen des plaintes concernant la police militaire
84,5,1.0.0,projectDetailsDepartment-NS,138,83,0,Military Grievances External Review Committee,Comité externe d'examen des griefs militaires
85,5,1.0.0,projectDetailsDepartment-NS,139,84,0,Financial Transactions and Reports Analysis Centre of Canada,Centre d'analyse des opérations et déclarations financières du Canada
86,5,1.0.0,projectDetailsDepartment-NS,141,85,0,Financial Consumer Agency of Canada,Agence de la consommation en matière financière du Canada
87,5,1.0.0,projectDetailsDepartment-NS,142,86,0,Office of Infrastructure of Canada,Bureau de l'infrastructure du Canada
88,5,1.0.0,projectDetailsDepartment-NS,144,87,0,Courts Administration Service,Service administratif des tribunaux judiciaires
89,5,1.0.0,projectDetailsDepartment-NS,145,88,0,Library and Archives of Canada,Bibliothèque et Archives du Canada
90,5,1.0.0,projectDetailsDepartment-NS,147,89,0,Office of the Conflict of Interest and Ethics Commissioner,Commissariat aux conflits d'intérêts et à l'éthique
91,5,1.0.0,projectDetailsDepartment-NS,148,90,0,Public Health Agency of Canada,Agence de la santé publique du Canada
92,5,1.0.0,projectDetailsDepartment-NS,151,91,0,Office of the Senate Ethics Officer,Bureau du conseiller sénatorial en éthique
93,5,1.0.0,projectDetailsDepartment-NS,154,92,0,Office of the Commissioner of Lobbying,Commissariat au lobbying
94,5,1.0.0,projectDetailsDepartment-NS,163,93,0,Shared Services Canada,Services partagés Canada
95,5,1.0.0,projectDetailsDepartment-NS,165,94,0,Communications Security Establishment,Centre de la sécurité des télécommunications
96,5,1.0.0,projectDetailsDepartment-NS,170,95,0,Administrative Tribunals Support Service of Canada,Service canadien d'appui aux tribunaux administratifs
97,5,1.0.0,projectDetailsDepartment-NS,171,96,0,Canadian High Arctic Research Station,Station canadienne de recherche dans l'Extrême-Arctique
98,5,1.0.0,projectDetailsDepartment-NS,176,97,0,Parliamentary Protective Service,Service de protection parlementaire
99,5,1.0.0,projectDetailsDepartment-NS,180,98,0,Invest in Canada Hub,Investir au Canada
100,5,1.0.0,projectDetailsDepartment-NS,183,99,0,Office of the Parliamentary Budget Officer,Bureau du directeur parlementaire du budget
101,5,1.0.0,projectDetailsDepartment-NS,192,100,0,Secretariat of the National Security and Intelligence Committee of Parliamentarians,Secrétariat du Comité des parlementaires sur la sécurité nationale et le renseignement
102,12,1.0.0,projectDetailsPhase,item1,0,0,Design,Conception
103,12,1.0.0,projectDetailsPhase,item2,1,0,Implementation,Mise en oeuvre
104,14,1.0.0,businessDrivers1,item1,0,0,Reduce existing backlog of work or cases,Arriéré de travail ou de cas existant
105,14,1.0.0,businessDrivers1,item2,1,0,Improve overall quality of decisions,Amélioration de la qualité générale des décisions
106,14,1.0.0,businessDrivers1,item3,2,0,Lower transaction costs of an existing program,Réduction des coûts de transaction d'un programme existant
107,14,1.0.0,businessDrivers1,item4,3,0,Perform tasks that humans could not accomplish in a reasonable period of time,Exécution par le système de tâches qu'une personne n'est pas en mesure d'accomplir dans un délai raisonnable
108,14,1.0.0,businessDrivers1,item5,4,0,Use innovative approaches,Utilisation d'approches novatrices
109,14,1.0.0,businessDrivers1,item6,5,0,Other (specify),Autre (veuillez préciser)
110,18,1.0.0,businessDrivers5,item1-2,0,2,Slightly effective,Légèrement efficace
111,18,1.0.0,businessDrivers5,item2-1,1,1,Moderately effective,Modérément efficace
112,18,1.0.0,businessDrivers5,item3-0,2,0,Very effective,Très efficace
113,26,1.0.0,businessDrivers9,item1-0,0,0,Yes,Oui
114,26,1.0.0,businessDrivers9,item2-1,1,1,No,Non
115,28,1.0.0,businessDrivers11,item1-2,0,2,Service cannot be delivered at all,La prestation du service serait impossible
116,28,1.0.0,businessDrivers11,item2-0,1,0,Service cannot be delivered in a timely or efficient manner,La prestation du service ne pourrait pas être effectuée en temps voulu ou de manière efficace
117,28,1.0.0,businessDrivers11,item3-0,2,0,Service costs are too high,Les coûts du service seraient trop élevés
118,28,1.0.0,businessDrivers11,item4-0,3,0,Service quality is not as high,La qualité du service ne serait pas aussi élevée
119,28,1.0.0,businessDrivers11,item5-0,4,0,Service delivery cannot achieve performance targets,Les objectifs de rendement liés à la prestation du service ne pourraient pas être atteints
120,28,1.0.0,businessDrivers11,item6-0,5,0,Other (specify),Autre (veuillez préciser)
121,30,1.0.0,riskProfile1,item1-3,0,3,Yes,Oui
122,30,1.0.0,riskProfile1,item2-0,1,0,No,Non
123,31,1.0.0,riskProfile2,item1-3,0,3,Yes,Oui
124,31,1.0.0,riskProfile2,item2-0,1,0,No,Non
125,33,1.0.0,riskProfile3,item1-1,0,1,Yes,Oui
126,33,1.0.0,riskProfile3,item2-0,1,0,No,Non
127,35,1.0.0,riskProfile4,item1-0,0,0,"Assessment has been conducted, and no barriers were identified.",Une évaluation a été effectuée et aucune difficulté n’a été cernée.
128,35,1.0.0,riskProfile4,item2-0,1,0,"Assessment has been conducted, barriers were identified, and measures are in place or planned to remove or prevent them.","Une évaluation a été effectuée, des difficultés ont été cernées et des mesures sont en place ou prévues pour les éliminer ou les prévenir."
129,35,1.0.0,riskProfile4,item3-4,2,4,"Assessment was conducted, barriers were identified, and no measures were put in place or planned to remove or prevent them.","Une évaluation a été effectuée, des difficultés ont été cernées et aucune mesure n’a été mise en place ou n’est prévue pour les éliminer ou les prévenir."
130,35,1.0.0,riskProfile4,item4-4,3,4,No assessment has been conducted.,Aucune évaluation n’a été effectuée.
131,37,1.0.0,riskProfile7,item1-3,0,3,Yes,Oui
132,37,1.0.0,riskProfile7,item2-0,1,0,No,Non
133,38,1.0.0,riskProfile8,item1-1,0,1,Yes,Oui
134,38,1.0.0,riskProfile8,item2-0,1,0,No,Non
135,40,1.0.0,riskProfile9,item1-0,0,0,Yes,Oui
136,40,1.0.0,riskProfile9,item2-0,1,0,No,Non
137,41,1.0.0,riskProfile10,item1-0,0,0,Yes,Oui
138,41,1.0.0,riskProfile10,item2-0,1,0,No,Non
139,42,1.0.0,projectAuthority1,item1-2,0,2,Yes,Oui
140,42,1.0.0,projectAuthority1,item2-0,1,0,No,Non
141,44,1.0.0,aboutSystem1,item1,0,0,"Image and object recognition: Analyzing large data sets to automate the recognition, classification, and context associated with an image or object","Reconnaissance d'images et d'objets : Analyse de vastes jeux de données pour l'automatisation de la reconnaissance, de la classification et du contexte associés à une image ou à un objet"
142,44,1.0.0,aboutSystem1,item2,1,0,"Text and speech analysis: Analyzing large data sets to recognize, process, and categorize text, speech and voice, and make recommendations based on the categorization","Analyse du texte et de la parole : Analyse de vastes jeux de données pour la reconnaissance, le traitement et la catégorisation de textes, de la parole et de la voix, ainsi que la formulation de recommandations fondées sur la catégorisation"
143,44,1.0.0,aboutSystem1,item3,2,0,Risk assessment: Analyzing large data sets to identify patterns and recommend courses of action and in some cases trigger specific actions,"Évaluation des risques : Analyse de vastes jeux de données pour la détermination des tendances, la recommandation de plans d'action et, dans certains cas, la prise de mesures précises"
144,44,1.0.0,aboutSystem1,item4,3,0,"Content generation: Analyzing large data sets to categorize, process, triage, personalize, and serve specific content for specific contexts","Génération de contenu : Analyse de vastes jeux de données pour l'établissement de catégories, le traitement, le triage, la personnalisation et la présentation de contenus adaptés à des contextes particuliers"
145,44,1.0.0,aboutSystem1,item5,4,0,"Process optimization and workflow automation: Analyzing large data sets to identify any anomalies, cluster patterns, predict outcomes or ways to optimize; and automate specific workflows","Optimisation des processus et automatisation des flux de travail : Analyse de vastes jeux de données pour le recensement d'anomalies ou de modèles de grappes, la prévision des résultats ou de méthodes d'optimisation et l'automatisation de flux de travail particuliers"
146,44,1.0.0,aboutSystem1,item6,5,0,Other (Specify),Autre (veuillez préciser)
147,46,1.0.0,aboutSystem3,item1-0,0,0,Your institution,Votre organisation
148,46,1.0.0,aboutSystem3,item2-0,1,0,Another federal institution,Une autre organisation fédérale
149,46,1.0.0,aboutSystem3,item3-1,2,1,Another government,Une autre administration publique
150,46,1.0.0,aboutSystem3,item4-1,3,1,A non-government third party,Un organisme tiers non gouvernemental
151,50,1.0.0,aboutSystem4,item1-0,0,0,Your institution,Votre organisation
152,50,1.0.0,aboutSystem4,item2-0,1,0,Another federal institution,Une autre organisation fédérale
153,50,1.0.0,aboutSystem4,item3-1,2,1,Another government,Une autre administration publique
154,50,1.0.0,aboutSystem4,item4-1,3,1,A non-government third party,Un organisme tiers non gouvernemental
155,54,1.0.0,aboutSystem5,item1-0,0,0,Open source,à code source ouvert
156,54,1.0.0,aboutSystem5,item2-1,1,1,Custom built,conçu sur mesure
157,54,1.0.0,aboutSystem5,item3-2,2,2,Commercial off the shelf (COTS),disponible sur le marché (COTS)
158,56,1.0.0,aboutSystem5B,item1-0,0,0,Yes,Oui
159,56,1.0.0,aboutSystem5B,item2-0,1,0,No,Non
160,58,1.0.0,aboutSystem6,item1-0,0,0,Yes,Oui
161,58,1.0.0,aboutSystem6,item2-2,1,2,No,Non
162,59,1.0.0,aboutSystem7,item1-0,0,0,Yes,Oui
163,59,1.0.0,aboutSystem7,item2-2,1,2,No,Non
164,60,1.0.0,aboutSystem8,item1-0,0,0,Yes,Oui
165,60,1.0.0,aboutSystem8,item2-1,1,1,No,Non
166,62,1.0.0,aboutSystem9,item1-0,0,0,Yes,Oui
167,62,1.0.0,aboutSystem9,item2-2,1,2,No,Non
168,63,1.0.0,aboutSystem10A,item1-0,0,0,Yes,Oui
169,63,1.0.0,aboutSystem10A,item2-2,1,2,No,Non
170,64,1.0.0,aboutSystem11,item1-1,0,1,Little to no impact,"faible, voire nulle"
171,64,1.0.0,aboutSystem11,item2-2,1,2,Moderate impact,modérée
172,64,1.0.0,aboutSystem11,item3-3,2,3,High impact,élevée
173,64,1.0.0,aboutSystem11,item4-4,3,4,Very high impact,très élevée
174,66,1.0.0,aboutAlgorithm1,item1-1,0,1,Yes,Oui
175,66,1.0.0,aboutAlgorithm1,item2-0,1,0,No,Non
176,67,1.0.0,aboutAlgorithm2,item1-3,0,3,Yes,Oui
177,67,1.0.0,aboutAlgorithm2,item2-0,1,0,No,Non
178,68,1.0.0,aboutAlgorithm3,item1-0,0,0,"Based on rules developed from laws and policy and/or using human expertise (for example, if/then statements)","fondé sur des règles établies en fonction des lois et des politiques ou à l'aide de l'expertise humaine (par exemple, des énoncés de type «si» ou «alors»)"
179,68,1.0.0,aboutAlgorithm3,item2-1,1,1,"Based on patterns in data identified by the AI model (for example, neural network, deep learning)","fondé sur des modèles de données déterminés par le modèle d'IA (par exemple, réseau neuronal et apprentissage profond)"
180,69,1.0.0,aboutAlgorithm4,item1-0,0,0,Deterministic (follow precise rules and generate single outcome),déterministe (suit des règles précises et produit un résultat unique) 
181,69,1.0.0,aboutAlgorithm4,item2-1,1,1,Probabilistic (infer several models to explain data),probabiliste (explique les données en appliquant plusieurs modèles)
182,70,1.0.0,aboutAlgorithm5,item1-0,0,0,"Discriminative (for example, regression analyses, decision trees)","discriminatif (par exemple, analyses de régression et arbres de décision)"
183,70,1.0.0,aboutAlgorithm5,item2-1,1,1,"Generative (for example, linear discriminant analysis, naïve Bayes)","génératif (par exemple, analyse discriminante linéaire et classification naïve bayésienne)"
184,73,1.0.0,aboutAlgorithm8,item1-3,0,3,Yes,Oui
185,73,1.0.0,aboutAlgorithm8,item2-0,1,0,No,Non
186,74,1.0.0,aboutAlgorithm8A,item1-0,0,0,Yes,Oui
187,74,1.0.0,aboutAlgorithm8A,item2-1,1,1,No,Non
188,75,1.0.0,aboutAlgorithm9,item1-2,0,2,Yes,Oui
189,75,1.0.0,aboutAlgorithm9,item2-0,1,0,No,Non
190,77,1.0.0,aboutAlgorithm11,item1-0,0,0,Yes,Oui
191,77,1.0.0,aboutAlgorithm11,item2-2,1,2,No,Non
192,81,1.0.0,decisionSector1,item1-1,0,1,"Health-related services (environmental and workplace health, product and food safety, drug regulation)","Services liés à la santé (santé de l'environnement et du milieu de travail, sécurité des produits et des aliments et réglementation des médicaments)"
193,81,1.0.0,decisionSector1,item2-1,1,1,"Economic interests (grants and contributions, tax benefits, debt collection)","Intérêts économiques (subventions et contributions, avantages fiscaux, recouvrement de dettes) "
194,81,1.0.0,decisionSector1,item3-1,2,1,"Social assistance (employment insurance, disability or housing benefits, children or seniors programs)","Aide sociale (prestations d'assurance-emploi, d'invalidité ou pour le logement et programmes pour les enfants ou les aînés)"
195,81,1.0.0,decisionSector1,item4-1,3,1,"Access and mobility (security clearances, border management, immigration)","Accès et mobilité (habitations de sécurité, gestion des frontières, immigration)"
196,81,1.0.0,decisionSector1,item5-1,4,1,"Licensing and issuance of permits (possession and acquisition licence, export permits, commercial fishing licence)","Accréditation et délivrance de permis (permis de possession et d'acquisition, d'exportation et de pêche commerciale)"
197,81,1.0.0,decisionSector1,item7-1,5,1,"Employment (recruitment, hiring, promotion, performance evaluation, monitoring, security clearance)","Emploi (recrutement, embauche, promotion, évaluation de rendement, surveillance, habilitation de sécurité)"
198,81,1.0.0,decisionSector1,item8-1,6,1,Public safety and law enforcement (investigating criminal acts),Sécurité publique et application de la loi (enquêtes sur les actes criminels)
199,81,1.0.0,decisionSector1,item6-1,7,1,Other (specify),Autre (veuillez préciser)
200,83,1.0.0,impact30,item1-4,0,4,Full automation (the system will make an administrative decision) ,Automatisation complète (le système prendra une décision administrative)
201,83,1.0.0,impact30,item2-2,1,2,"Partial automation (the system will contribute to administrative decision-making by supporting an officer with assessments, recommendations, intermediate decisions, or other outputs)","Automatisation partielle (le système contribuera à la prise de décision administrative en fournissant aux fonctionnaires des évaluations, des recommandations, des décisions intermédiaires ou d'autres extrants)"
202,85,1.0.0,impact3,item1-4,0,4,Yes,Oui
203,85,1.0.0,impact3,item2-0,1,0,No,Non
204,87,1.0.0,impact4A,item1-2,0,2,Yes,Oui
205,87,1.0.0,impact4A,item2-0,1,0,No,Non
206,90,1.0.0,impact22,item1-2,0,2,Yes,Oui
207,90,1.0.0,impact22,item2-0,1,0,No,Non
208,92,1.0.0,impact5,item1-2,0,2,Yes,Oui
209,92,1.0.0,impact5,item2-0,1,0,No,Non
210,93,1.0.0,impact6,item1-1,0,1,Reversible,Réversible
211,93,1.0.0,impact6,item2-2,1,2,Likely reversible,Probablement réversible
212,93,1.0.0,impact6,item3-3,2,3,Difficult to reverse,Difficile à inverser
213,93,1.0.0,impact6,item4-4,3,4,Irreversible,Irréversible
214,94,1.0.0,impact7,item1-1,0,1,Impacts are most likely to be brief,Les incidences risquent fort probablement d'être brèves
215,94,1.0.0,impact7,item2-2,1,2,"Some impacts may last a matter of months, but some lingering impacts may last longer",Certaines incidences peuvent durer quelques mois ou plus longtemps.
216,94,1.0.0,impact7,item3-3,2,3,Impacts can last years,Les incidences peuvent durer des années.
217,94,1.0.0,impact7,item4-4,3,4,Most impacts are perpetual,La plupart des incidences sont sans limite dans le temps.
218,96,1.0.0,impact9,item1-1,0,1,Little to no impact,Incidence faible ou nulle
219,96,1.0.0,impact9,item2-2,1,2,Moderate impact,Incidence modérée
220,96,1.0.0,impact9,item3-3,2,3,High impact,Incidence élevée
221,96,1.0.0,impact9,item4-4,3,4,Very high impact,Incidence très élevée
222,98,1.0.0,impact24,item1-1,0,1,Little to no impact,Incidence faible ou nulle
223,98,1.0.0,impact24,item2-2,1,2,Moderate impact,Incidence modérée
224,98,1.0.0,impact24,item3-3,2,3,High impact,Incidence élevée
225,98,1.0.0,impact24,item4-4,3,4,Very high impact,Incidence très élevée
226,100,1.0.0,impact11,item1-1,0,1,Little to no impact,Incidence faible ou nulle
227,100,1.0.0,impact11,item2-2,1,2,Moderate impact,Incidence modérée
228,100,1.0.0,impact11,item3-3,2,3,High impact,Incidence élevée
229,100,1.0.0,impact11,item4-4,3,4,Very high impact,Incidence très élevée
230,102,1.0.0,impact13,item1-1,0,1,Little to no impact,Incidence faible ou nulle
231,102,1.0.0,impact13,item2-2,1,2,Moderate impact,Incidence modérée
232,102,1.0.0,impact13,item3-3,2,3,High impact,Incidence élevée
233,102,1.0.0,impact13,item4-4,3,4,Very high impact,Incidence très élevée
234,104,1.0.0,impact15,item1-1,0,1,Little to no impact,Incidence faible ou nulle
235,104,1.0.0,impact15,item2-2,1,2,Moderate impact,Incidence modérée
236,104,1.0.0,impact15,item3-3,2,3,High impact,Incidence élevée
237,104,1.0.0,impact15,item4-4,3,4,Very high impact,Incidence très élevée
238,106,1.0.0,impact18,item1-3,0,3,No assessment has been conducted,Aucune évaluation n’a été effectuée.
239,106,1.0.0,impact18,item2-0,1,0,Assessment conducted; no performance differences identified.,Une évaluation a été effectuée et aucune différence de rendement n’a été relevée.
240,106,1.0.0,impact18,item3-2,2,2,Assessment conducted; performance differences identified and are justified. Downstream impacts of performance difference have not been considered or addressed.,Une évaluation a été effectuée et les différences de rendement ont été relevées et sont justifiées. Les répercussions en aval de ces différences n’ont pas été prises en compte ou traitées.
241,106,1.0.0,impact18,item4-2,3,2,Assessment conducted; performance differences identified which are not justified. Downstream impacts of the performance difference considered and addressed.,Une évaluation a été effectuée et les différences de rendement ont été relevées et sont injustifiées. Les répercussions en aval de ces différences ont été prises en compte et traitées.
242,106,1.0.0,impact18,item5-1,4,1,Assessment conducted; performance differences identified and are justified. Downstream impacts have been considered and addressed.,Une évaluation a été effectuée et les différences de rendement ont été relevées et sont justifiées. Les répercussions en aval de ces différences ont été prises en compte et traitées.
243,106,1.0.0,impact18,item6-3,5,3,Assessment conducted; performance differences are identified and are not justified. Downstream impacts of the performance differences not considered or addressed.,Une évaluation a été effectuée et les différences de rendement ont été relevées et sont injustifiées. Les répercussions en aval de ces différences n’ont pas été prises en compte ou traitées.
244,110,1.0.0,impact19I,item1-0,0,0,Yes,Oui
245,110,1.0.0,impact19I,item2-1,1,1,No,Non
246,113,1.0.0,impact23,item1-1,0,1,Yes,Oui
247,113,1.0.0,impact23,item2-0,1,0,No,Non
248,116,1.0.0,impact26,item1-0,0,0,0 to 25% ,0 à 25 %
249,116,1.0.0,impact26,item2-0,1,0,26 to 50%,26 % à 50 %
250,116,1.0.0,impact26,item3-0,2,0,51 to 75%,51 % à 75 %
251,116,1.0.0,impact26,item4-0,3,0,76 to 99%,76 % à 99 %
252,116,1.0.0,impact26,item5-0,4,0,100% ,100 %
253,116,1.0.0,impact26,item6-0,5,0,Unknown,Inconnue
254,118,1.0.0,impact27,item1-1,0,1,Yes,Oui
255,118,1.0.0,impact27,item2-0,1,0,No,Non
256,120,1.0.0,impact28,item1-1,0,1,Little to no impact  ,"faible, voire nulle"
257,120,1.0.0,impact28,item2-2,1,2,Moderate impact ,modérée 
258,120,1.0.0,impact28,item3-3,2,3,High impact,élevée 
259,120,1.0.0,impact28,item4-4,3,4,Very high impact ,très élevée 
260,122,1.0.0,aboutDataSource1,item1-2,0,2,Yes,Oui
261,122,1.0.0,aboutDataSource1,item2-0,1,0,No,Non
262,123,1.0.0,aboutDataSource9,item1-0,0,0,Yes,Oui
263,123,1.0.0,aboutDataSource9,item2-2,1,2,No,Non
264,124,1.0.0,aboutDataSource10,item1-2,0,2,Yes,Oui
265,124,1.0.0,aboutDataSource10,item2-0,1,0,No,Non
266,125,1.0.0,aboutDataSource11,item1-0,0,0,Yes,Oui
267,125,1.0.0,aboutDataSource11,item2-1,1,1,No,Non
268,127,1.0.0,aboutDataSource14,item1-0,0,0,No sharing ,Non 
269,127,1.0.0,aboutDataSource14,item2-1,1,1,Within your department,"Oui, au sein de votre organisation "
270,127,1.0.0,aboutDataSource14,item3-1,2,1,With another federal department,"Oui, à une autre organisation fédérale"
271,127,1.0.0,aboutDataSource14,item4-3,3,3,With a government from another jurisdiction,"Oui, à une autre administration publique "
272,127,1.0.0,aboutDataSource14,item5-3,4,3,With a third party (private sector/NGO),"Oui, à un tiers (secteur privé/ONG) "
273,127,1.0.0,aboutDataSource14,item6-1,5,1,Other,Autre
274,129,1.0.0,aboutDataSource15,item1-0,0,0,Yes,Oui
275,129,1.0.0,aboutDataSource15,item2-2,1,2,No,Non
276,129,1.0.0,aboutDataSource15,item3-1,2,1,Unsure,Indéterminé
277,133,1.0.0,aboutDataSource16,item1-2,0,2,Yes,Oui
278,133,1.0.0,aboutDataSource16,item2-0,1,0,No,Non
279,133,1.0.0,aboutDataSource16,item3-1,2,1,Unsure,Indéterminé
280,137,1.0.0,aboutDataSource2,item1-0,0,0,None,Aucun
281,137,1.0.0,aboutDataSource2,item2-1,1,1,Protected A,Protégé A
282,137,1.0.0,aboutDataSource2,item4-3,2,3,Protected B,Protégé B
283,137,1.0.0,aboutDataSource2,item6-3,3,3,Protected C,Protégé C
284,137,1.0.0,aboutDataSource2,item3-2,4,2,Confidential,Confidentiel
285,137,1.0.0,aboutDataSource2,item5-4,5,4,Secret,Secret
286,137,1.0.0,aboutDataSource2,item7-4,6,4,Top Secret,Très Secret
287,137,1.0.0,aboutDataSource2,item8-0,7,0,Other,Autre
288,139,1.0.0,aboutDataSource17,item1-0,0,0,Yes,Oui
289,139,1.0.0,aboutDataSource17,item2-2,1,2,No,Non
290,139,1.0.0,aboutDataSource17,item3-0,2,0,Not applicable,Sans objet
291,143,1.0.0,aboutDataSource3,item1-1,0,1,Federal Government,Le gouvernement fédéral
292,143,1.0.0,aboutDataSource3,item2-2,1,2,Other Canadian Government (province/territorial/municipal),Une autre administration publique canadienne (provinciale/territoriale/municipale)
293,143,1.0.0,aboutDataSource3,item3-3,2,3,Private sector / NGO / academia,"Le secteur privé, une ONG ou un organisme universitaire"
294,144,1.0.0,aboutDataSource4,item1-2,0,2,Yes,Oui
295,144,1.0.0,aboutDataSource4,item2-0,1,0,No,Non
296,145,1.0.0,aboutDataSource5,item1-4,0,4,Yes,Oui
297,145,1.0.0,aboutDataSource5,item2-0,1,0,No,Non
298,146,1.0.0,aboutDataSource6,item1-4,0,4,Yes,Oui
299,146,1.0.0,aboutDataSource6,item2-0,1,0,No,Non
300,147,1.0.0,aboutDataSource7,item1-1,0,1,Your institution,Votre institution
301,147,1.0.0,aboutDataSource7,item2-2,1,2,Another federal institution,Une autre institution fédérale
302,147,1.0.0,aboutDataSource7,item3-3,2,3,Another level of government,Autre niveau de gouvernement
303,147,1.0.0,aboutDataSource7,item4-4,3,4,A foreign government or non-government third party,Un gouvernement étranger ou un tiers non gouvernemental
304,148,1.0.0,aboutDataSource8,item1-1,0,1,Your institution,Votre institution
305,148,1.0.0,aboutDataSource8,item2-2,1,2,Another federal institution,Une autre institution fédérale
306,148,1.0.0,aboutDataSource8,item3-3,2,3,Another level of government,Autre niveau de gouvernement
307,148,1.0.0,aboutDataSource8,item4-4,3,4,A foreign government or non-government third party,Un gouvernement étranger ou un tiers non gouvernemental
308,150,1.0.0,aboutDataSourceType1,item1-0,0,0,Yes,Oui
309,150,1.0.0,aboutDataSourceType1,item2-0,1,0,No,Non
310,151,1.0.0,aboutDataSourceType2,item1-2,0,2,Audio and text files,Fichiers audio et textuels
311,151,1.0.0,aboutDataSourceType2,item2-4,1,4,Images and videos,Images et vidéos
312,152,1.0.0,aboutDataSourceType3,item1-0,0,0,Yes,Oui
313,152,1.0.0,aboutDataSourceType3,item2-0,1,0,No,Non
314,154,1.0.0,consultationDesign1,item1-2,0,2,Yes,Oui
315,154,1.0.0,consultationDesign1,item2-0,1,0,No,Non
316,155,1.0.0,consultationDesign2,item2,0,0,Strategic Policy and Planning,Politique et planification stratégique
317,155,1.0.0,consultationDesign2,item3,1,0,Data Governance,Gouvernance des données
318,155,1.0.0,consultationDesign2,item4,2,0,Program Policy,Politique du programme
319,155,1.0.0,consultationDesign2,item5,3,0,Legal Services,Services juridiques
320,155,1.0.0,consultationDesign2,item6,4,0,Access to Information and Privacy,Bureau de l'accès à l'information et de la protection des renseignements personnels
321,155,1.0.0,consultationDesign2,item7,5,0,Communications services,Services des communications
322,155,1.0.0,consultationDesign2,item8,6,0,Client Experience / Client Relationship Management,Expérience de la clientèle et gestion de la relation avec celle-ci 
323,155,1.0.0,consultationDesign2,item10,7,0,Digital Policy,Politique sur le numérique
324,155,1.0.0,consultationDesign2,item11,8,0,Human Resources,Ressources humaines
325,155,1.0.0,consultationDesign2,item12,9,0,TBS Office of the Chief Human Resources Officer,Bureau de la dirigeante principale des ressources humaines du SCT
326,155,1.0.0,consultationDesign2,item13,10,0,TBS Office of the Chief Information Officer,Bureau du dirigeant principal de l'information du SCT
327,155,1.0.0,consultationDesign2,item14,11,0,Office of the Privacy Commissioner of Canada,Commissariat à la protection de la vie privée du Canada
328,155,1.0.0,consultationDesign2,item15,12,0,Networks for Equity-seeking Employees,Réseaux pour les employés visés par l'équité
329,155,1.0.0,consultationDesign2,item16,13,0,Accessibility Working Groups,Groupes de travail sur l'accessibilité
330,155,1.0.0,consultationDesign2,item17,14,0,2SLGBTQI+ Secretariat,Secrétariat 2ELGBTQI+
331,155,1.0.0,consultationDesign2,item9,15,0,Other (describe),Autre (décrire)
332,157,1.0.0,consultationDesign3,item1-2,0,2,Yes,Oui
333,157,1.0.0,consultationDesign3,item2-0,1,0,No,Non
334,158,1.0.0,consultationDesign4,item2,0,0,General Public,Grand public
335,158,1.0.0,consultationDesign4,item7,1,0,Academia,Milieu universitaire
336,158,1.0.0,consultationDesign4,item8,2,0,Industry,Industrie
337,158,1.0.0,consultationDesign4,item11,3,0,Bargaining Agents,Agents négociateurs
338,158,1.0.0,consultationDesign4,item12,4,0,Governments in other Jurisdictions,Gouvernements d'autres administrations
339,158,1.0.0,consultationDesign4,item13,5,0,International Organizations,Organisations internationales
340,158,1.0.0,consultationDesign4,item14,6,0,Clients or their Representatives,Clientèle ou les personnes qui la représentent
341,158,1.0.0,consultationDesign4,item15,7,0,"Indigenous organizations, Elders, and leadership","Organisations, aînés et leadership autochtones "
342,158,1.0.0,consultationDesign4,item16,8,0,Non-governmental organizations ,Organisations non gouvernementales 
343,158,1.0.0,consultationDesign4,item19,9,0,Professional associations  ,Associations professionnelles  
344,158,1.0.0,consultationDesign4,item9,10,0,Other (describe),Autre (décrire)
345,161,1.0.0,consultationDesign6,item1-3,0,3,Yes,Oui
346,161,1.0.0,consultationDesign6,item2-0,1,0,No,Non
347,161,1.0.0,consultationDesign6,item3-0,2,0,Unsure,Je ne sais pas
348,164,1.0.0,consultationDesign7,item1-3,0,3,Yes,Oui
349,164,1.0.0,consultationDesign7,item2-0,1,0,No,Non
350,164,1.0.0,consultationDesign7,item3-0,2,0,Unsure,Je ne sais pas
351,167,1.0.0,consultationDesign8,item1,0,0,Fairness of outputs,Équité des résultats
352,167,1.0.0,consultationDesign8,item2,1,0,Transparency of the system,Transparence du système
353,167,1.0.0,consultationDesign8,item3,2,0,Barriers to access,Obstacles à l'accès
354,167,1.0.0,consultationDesign8,item4,3,0,Surveillance,Surveillance.
355,167,1.0.0,consultationDesign8,item5,4,0,Protection of personal information and/or other privacy concerns,Protection des renseignements personnels ou autres préoccupations en la matière
356,167,1.0.0,consultationDesign8,item6,5,0,Human rights,Droits de la personne
357,167,1.0.0,consultationDesign8,item7,6,0,Accessibility,Accessibilité
358,167,1.0.0,consultationDesign8,item8,7,0,Accuracy,Exactitude
359,167,1.0.0,consultationDesign8,item9,8,0,Other,Autres
360,170,1.0.0,consultationImplementation1,item1-2,0,2,Yes,Oui
361,170,1.0.0,consultationImplementation1,item2-0,1,0,No,Non
362,171,1.0.0,consultationImplementation2,item2,0,0,Strategic Policy and Planning,Politique et planification stratégiques
363,171,1.0.0,consultationImplementation2,item3,1,0,Data Governance,Gouvernance des données
364,171,1.0.0,consultationImplementation2,item4,2,0,Program Policy,Politique du programme
365,171,1.0.0,consultationImplementation2,item5,3,0,Legal Services,Services juridiques
366,171,1.0.0,consultationImplementation2,item6,4,0,Access to Information and Privacy,Bureau de l'accès à l'information et de la protection des renseignements personnels
367,171,1.0.0,consultationImplementation2,item7,5,0,Communications services,Services des communications
368,171,1.0.0,consultationImplementation2,item8,6,0,Client Experience / Client Relationship Management,Expérience de la clientèle et gestion de la relation avec celle-ci 
369,171,1.0.0,consultationImplementation2,item10,7,0,Digital Policy,Politique sur le numérique
370,171,1.0.0,consultationImplementation2,item11,8,0,Human Resources,Ressources humaines
371,171,1.0.0,consultationImplementation2,item12,9,0,TBS Office of the Chief Human Resources Officer,Bureau de la dirigeante principale des ressources humaines du SCT
372,171,1.0.0,consultationImplementation2,item13,10,0,TBS Office of the Chief Information Officer,Bureau du dirigeant principal de l'information du SCT
373,171,1.0.0,consultationImplementation2,item14,11,0,Office of the Privacy Commissioner of Canada,Commissariat à la protection de la vie privée du Canada
374,171,1.0.0,consultationImplementation2,item15,12,0,Networks for Equity-seeking Employees,Réseaux pour les employés visés par l'équité
375,171,1.0.0,consultationImplementation2,item16,13,0,Accessibility Working Groups,Groupes de travail sur l'accessibilité
376,171,1.0.0,consultationImplementation2,item17,14,0,2SLGBTQI+ Secretariat,Secrétariat 2ELGBTQI+
377,171,1.0.0,consultationImplementation2,item9,15,0,Other (describe),Autre (décrire)
378,173,1.0.0,consultationImplementation3,item1-2,0,2,Yes,Oui
379,173,1.0.0,consultationImplementation3,item2-0,1,0,No,Non
380,174,1.0.0,consultationImplementation4,item2,0,0,General Public,Grand public
381,174,1.0.0,consultationImplementation4,item7,1,0,Academia,Milieu universitaire
382,174,1.0.0,consultationImplementation4,item8,2,0,Industry,Industrie
383,174,1.0.0,consultationImplementation4,item11,3,0,Bargaining Agents,Agents négociateurs
384,174,1.0.0,consultationImplementation4,item12,4,0,Governments in other Jurisdictions,Gouvernements d'autres administrations
385,174,1.0.0,consultationImplementation4,item13,5,0,International Organizations,Organisations internationales
386,174,1.0.0,consultationImplementation4,item14,6,0,Clients or their Representatives,Clientèle ou les personnes qui la représentent
387,174,1.0.0,consultationImplementation4,item15,7,0,"Indigenous organizations, Elders, and leadership","Organisations, aînés et leadership autochtones "
388,174,1.0.0,consultationImplementation4,item16,8,0,Non-governmental organizations ,Organisations non gouvernementales 
389,174,1.0.0,consultationImplementation4,item19,9,0,Professional associations  ,Associations professionnelles  
390,174,1.0.0,consultationImplementation4,item9,10,0,Other (describe),Autre (décrire)
391,177,1.0.0,consultationImplementation6,item1-3,0,3,Yes,Oui
392,177,1.0.0,consultationImplementation6,item2-0,1,0,No,Non
393,177,1.0.0,consultationImplementation6,item3-0,2,0,Unsure,Je ne sais pas
394,180,1.0.0,consultationImplementation7,item1-3,0,3,Yes,Oui
395,180,1.0.0,consultationImplementation7,item2-0,1,0,No,Non
396,180,1.0.0,consultationImplementation7,item3-0,2,0,Unsure,Je ne sais pas
397,183,1.0.0,consultationImplementation8,item1,0,0,Fairness of outputs,Équité des résultats
398,183,1.0.0,consultationImplementation8,item2,1,0,Transparency of the system,Transparence du système
399,183,1.0.0,consultationImplementation8,item3,2,0,Barriers to access,Obstacles à l'accès
400,183,1.0.0,consultationImplementation8,item4,3,0,Surveillance,Surveillance.
401,183,1.0.0,consultationImplementation8,item5,4,0,Protection of personal information and/or other privacy concerns,Protection des renseignements personnels ou autres préoccupations en la matière
402,183,1.0.0,consultationImplementation8,item6,5,0,Human rights,Droits de la personne
403,183,1.0.0,consultationImplementation8,item7,6,0,Accessibility,Accessibilité
404,183,1.0.0,consultationImplementation8,item8,7,0,Accuracy,Exactitude
405,183,1.0.0,consultationImplementation8,item9,8,0,Other,Autres
406,186,1.0.0,dataQualityDesign1,item1-3,0,3,Yes,Oui
407,186,1.0.0,dataQualityDesign1,item2-0,1,0,No,Non
408,187,1.0.0,dataQualityDesign2,item1-1,0,1,Yes,Oui
409,187,1.0.0,dataQualityDesign2,item2-0,1,0,No,Non
410,189,1.0.0,dataQualityDesign3,item1-1,0,1,Yes,Oui
411,189,1.0.0,dataQualityDesign3,item2-0,1,0,No,Non
412,190,1.0.0,dataQualityDesign4,item1-1,0,1,Yes,Oui
413,190,1.0.0,dataQualityDesign4,item2-0,1,0,No,Non
414,192,1.0.0,dataQualityDesign5,item1-2,0,2,Yes,Oui
415,192,1.0.0,dataQualityDesign5,item2-0,1,0,No,Non
416,192,1.0.0,dataQualityDesign5,item3-1,2,1,Not applicable,Sans objet
417,194,1.0.0,dataQualityDesign7,item1-1,0,1,Yes,Oui
418,194,1.0.0,dataQualityDesign7,item2-0,1,0,No,Non
419,196,1.0.0,dataQualityDesign8,item1-2,0,2,Yes,Oui
420,196,1.0.0,dataQualityDesign8,item2-0,1,0,No,Non
421,197,1.0.0,dataQualityDesign9,item1-1,0,1,Yes,Oui
422,197,1.0.0,dataQualityDesign9,item2-0,1,0,No,Non
423,199,1.0.0,dataQualityDesign10,item1-2,0,2,Yes,Oui
424,199,1.0.0,dataQualityDesign10,item2-0,1,0,No,Non
425,200,1.0.0,dataQualityImplementation1,item1-3,0,3,Yes,Oui
426,200,1.0.0,dataQualityImplementation1,item2-0,1,0,No,Non
427,201,1.0.0,dataQualityImplementation2,item1-1,0,1,Yes,Oui
428,201,1.0.0,dataQualityImplementation2,item2-0,1,0,No,Non
429,203,1.0.0,dataQualityImplementation3,item1-1,0,1,Yes,Oui
430,203,1.0.0,dataQualityImplementation3,item2-0,1,0,No,Non
431,204,1.0.0,dataQualityImplementation4,item1-1,0,1,Yes,Oui
432,204,1.0.0,dataQualityImplementation4,item2-0,1,0,No,Non
433,206,1.0.0,dataQualityImplementation5,item1-2,0,2,Yes,Oui
434,206,1.0.0,dataQualityImplementation5,item2-0,1,0,No,Non
435,206,1.0.0,dataQualityImplementation5,item3-1,2,1,Not applicable,Sans objet
436,208,1.0.0,dataQualityImplementation7,item1-1,0,1,Yes,Oui
437,208,1.0.0,dataQualityImplementation7,item2-0,1,0,No,Non
438,210,1.0.0,dataQualityImplementation8,item1-2,0,2,Yes,Oui
439,210,1.0.0,dataQualityImplementation8,item2-0,1,0,No,Non
440,211,1.0.0,dataQualityImplementation9,item1-1,0,1,Yes,Oui
441,211,1.0.0,dataQualityImplementation9,item2-0,1,0,No,Non
442,213,1.0.0,dataQualityImplementation10,item1-2,0,2,Yes,Oui
443,213,1.0.0,dataQualityImplementation10,item2-0,1,0,No,Non
444,214,1.0.0,fairnessDesign1,item1-1,0,1,Yes,Oui
445,214,1.0.0,fairnessDesign1,item2-0,1,0,No,Non
446,215,1.0.0,fairnessDesign1A,item1-1,0,1,Yes,Oui
447,215,1.0.0,fairnessDesign1A,item2-0,1,0,No,Non
448,216,1.0.0,fairnessDesign2,item1-2,0,2,Yes,Oui
449,216,1.0.0,fairnessDesign2,item2-0,1,0,No,Non
450,217,1.0.0,fairnessDesign3,item1-2,0,2,Yes,Oui
451,217,1.0.0,fairnessDesign3,item2-0,1,0,No,Non
452,218,1.0.0,fairnessDesign4,item1-2,0,2,Yes,Oui
453,218,1.0.0,fairnessDesign4,item2-0,1,0,No,Non
454,219,1.0.0,fairnessDesign5,item1-2,0,2,Yes,Oui
455,219,1.0.0,fairnessDesign5,item2-0,1,0,No,Non
456,220,1.0.0,fairnessDesign7,item1-1,0,1,Yes,Oui
457,220,1.0.0,fairnessDesign7,item2-0,1,0,No,Non
458,221,1.0.0,fairnessDesign10,item1-2,0,2,Yes,Oui
459,221,1.0.0,fairnessDesign10,item2-0,1,0,No,Non
460,222,1.0.0,fairnessDesign8,item1-2,0,2,Yes,Oui
461,222,1.0.0,fairnessDesign8,item2-0,1,0,No,Non
462,223,1.0.0,fairnessDesign9,item1-1,0,1,Yes,Oui
463,223,1.0.0,fairnessDesign9,item2-0,1,0,No,Non
464,224,1.0.0,fairnessDesign12,item1-2,0,2,Yes,Oui
465,224,1.0.0,fairnessDesign12,item2-0,1,0,No,Non
466,227,1.0.0,fairnessDesign13,item1-2,0,2,Yes,Oui
467,227,1.0.0,fairnessDesign13,item2-0,1,0,No,Non
468,229,1.0.0,fairnessDesign16,item1-2,0,2,Yes,Oui
469,229,1.0.0,fairnessDesign16,item2-0,1,0,No,Non
470,230,1.0.0,fairnessDesign17,item1-2,0,2,Yes,Oui
471,230,1.0.0,fairnessDesign17,item2-0,1,0,No,Non
472,230,1.0.0,fairnessDesign17,item3-0,2,0,Not applicable,Sans objet 
473,231,1.0.0,fairnessDesign18,item1-2,0,2,Yes,Oui
474,231,1.0.0,fairnessDesign18,item2-0,1,0,No,Non
475,233,1.0.0,fairnessDesign19,item1-2,0,2,Yes,Oui
476,233,1.0.0,fairnessDesign19,item2-0,1,0,No,Non
477,234,1.0.0,fairnessDesign20,item1-2,0,2,Yes,Oui
478,234,1.0.0,fairnessDesign20,item2-0,1,0,No,Non
479,235,1.0.0,fairnessDesign21,item1-1,0,1,Clear time frame or service standards for timeliness ,Des délais clairs ou des normes de service en matière de rapidité d'exécution ont été établis 
480,235,1.0.0,fairnessDesign21,item2-1,1,1,Clients are provided with adequate information about the decision-making process and have the opportunity to meaningfully participate,La clientèle reçoit toute l'information dont elle a besoin sur le processus décisionnel et a la possibilité d'y participer activement
481,235,1.0.0,fairnessDesign21,item3-1,2,1,Clients are provided with all documents and information in which the administrative decision was based ,La clientèle reçoit tous les documents et l'information sur lesquels reposent les décisions administratives 
482,235,1.0.0,fairnessDesign21,item4-1,3,1,Mechanism for assessing and responding to client feedback ,Un mécanisme permettant l'analyse et la prise en compte des commentaires de la clientèle a été mis en place
483,235,1.0.0,fairnessDesign21,item5-1,4,1,Other,Autre
484,237,1.0.0,fairnessDesign22,item1-2,0,2,Yes,Oui
485,237,1.0.0,fairnessDesign22,item2-0,1,0,No,Non
486,238,1.0.0,fairnessDesign22A,item1-2,0,2,Yes,Oui
487,238,1.0.0,fairnessDesign22A,item2-0,1,0,No,Non
488,239,1.0.0,fairnessDesign23,item1-2,0,2,Yes,Oui
489,239,1.0.0,fairnessDesign23,item2-0,1,0,No,Non
490,240,1.0.0,fairnessDesign24,item1-2,0,2,Yes,Oui
491,240,1.0.0,fairnessDesign24,item2-0,1,0,No,Non
492,241,1.0.0,fairnessDesign24A,item1-1,0,1,Yes,Oui
493,241,1.0.0,fairnessDesign24A,item2-0,1,0,No,Non
494,244,1.0.0,fairnessImplementation1,item1-1,0,1,Yes,Oui
495,244,1.0.0,fairnessImplementation1,item2-0,1,0,No,Non
496,245,1.0.0,fairnessImplementation1A,item1-1,0,1,Yes,Oui
497,245,1.0.0,fairnessImplementation1A,item2-0,1,0,No,Non
498,246,1.0.0,fairnessImplementation2,item1-2,0,2,Yes,Oui
499,246,1.0.0,fairnessImplementation2,item2-0,1,0,No,Non
500,247,1.0.0,fairnessImplementation3,item1-2,0,2,Yes,Oui
501,247,1.0.0,fairnessImplementation3,item2-0,1,0,No,Non
502,248,1.0.0,fairnessImplementation4,item1-2,0,2,Yes,Oui
503,248,1.0.0,fairnessImplementation4,item2-0,1,0,No,Non
504,249,1.0.0,fairnessImplementation5,item1-2,0,2,Yes,Oui
505,249,1.0.0,fairnessImplementation5,item2-0,1,0,No,Non
506,250,1.0.0,fairnessImplementation7,item1-1,0,1,Yes,Oui
507,250,1.0.0,fairnessImplementation7,item2-0,1,0,No,Non
508,251,1.0.0,fairnessImplementation10,item1-2,0,2,Yes,Oui
509,251,1.0.0,fairnessImplementation10,item2-0,1,0,No,Non
510,252,1.0.0,fairnessImplementation8,item1-2,0,2,Yes,Oui
511,252,1.0.0,fairnessImplementation8,item2-0,1,0,No,Non
512,253,1.0.0,fairnessImplementation9,item1-1,0,1,Yes,Oui
513,253,1.0.0,fairnessImplementation9,item2-0,1,0,No,Non
514,254,1.0.0,fairnessImplementation12,item1-2,0,2,Yes,Oui
515,254,1.0.0,fairnessImplementation12,item2-0,1,0,No,Non
516,257,1.0.0,fairnessImplementation13,item1-2,0,2,Yes,Oui
517,257,1.0.0,fairnessImplementation13,item2-0,1,0,No,Non
518,259,1.0.0,fairnessImplementation16,item1-2,0,2,Yes,Oui
519,259,1.0.0,fairnessImplementation16,item2-0,1,0,No,Non
520,260,1.0.0,fairnessImplementation17,item1-2,0,2,Yes,Oui
521,260,1.0.0,fairnessImplementation17,item2-0,1,0,No,Non
522,260,1.0.0,fairnessImplementation17,item3-0,2,0,Not applicable,Sans objet 
523,261,1.0.0,fairnessImplementation18,item1-2,0,2,Yes,Oui
524,261,1.0.0,fairnessImplementation18,item2-0,1,0,No,Non
525,263,1.0.0,fairnessImplementation19,item1-2,0,2,Yes,Oui
526,263,1.0.0,fairnessImplementation19,item2-0,1,0,No,Non
527,264,1.0.0,fairnessImplementation20,item1-2,0,2,Yes,Oui
528,264,1.0.0,fairnessImplementation20,item2-0,1,0,No,Non
529,265,1.0.0,fairnessImplementation21,item1-1,0,1,Clear time frame or service standards for timeliness ,Des délais clairs ou des normes de service en matière de rapidité d'exécution ont été établis 
530,265,1.0.0,fairnessImplementation21,item2-1,1,1,Clients are provided with adequate information about the decision-making process and have the opportunity to meaningfully participate,La clientèle reçoit toute l'information dont elle a besoin sur le processus décisionnel et a la possibilité d'y participer activement
531,265,1.0.0,fairnessImplementation21,item3-1,2,1,Clients are provided with all documents and information in which the administrative decision was based ,La clientèle reçoit tous les documents et l'information sur lesquels reposent les décisions administratives 
532,265,1.0.0,fairnessImplementation21,item4-1,3,1,Mechanism for assessing and responding to client feedback ,Un mécanisme permettant l'analyse et la prise en compte des commentaires de la clientèle a été mis en place
533,265,1.0.0,fairnessImplementation21,item5-1,4,1,Other,Autre
534,267,1.0.0,fairnessImplementation22,item1-2,0,2,Yes,Oui
535,267,1.0.0,fairnessImplementation22,item2-0,1,0,No,Non
536,268,1.0.0,fairnessImplementation22A,item1-2,0,2,Yes,Oui
537,268,1.0.0,fairnessImplementation22A,item2-0,1,0,No,Non
538,269,1.0.0,fairnessImplementation23,item1-2,0,2,Yes,Oui
539,269,1.0.0,fairnessImplementation23,item2-0,1,0,No,Non
540,270,1.0.0,fairnessImplementation24,item1-2,0,2,Yes,Oui
541,270,1.0.0,fairnessImplementation24,item2-0,1,0,No,Non
542,271,1.0.0,fairnessImplementation24A,item1-1,0,1,Yes,Oui
543,271,1.0.0,fairnessImplementation24A,item2-0,1,0,No,Non
544,274,1.0.0,privacyDesign1,item1-2,0,2,Yes,Oui
545,274,1.0.0,privacyDesign1,item2-0,1,0,No,Non
546,277,1.0.0,privacyDesign2,item1-2,0,2,Yes,Oui
547,277,1.0.0,privacyDesign2,item2-0,1,0,No,Non
548,279,1.0.0,privacyDesign9,item1-2,0,2,Yes,Oui
549,279,1.0.0,privacyDesign9,item2-0,1,0,No,Non
550,281,1.0.0,privacyDesign3,item1-1,0,1,Yes,Oui
551,281,1.0.0,privacyDesign3,item2-0,1,0,No,Non
552,282,1.0.0,privacyDesign4,item1-1,0,1,Yes,Oui
553,282,1.0.0,privacyDesign4,item2-0,1,0,No,Non
554,283,1.0.0,privacyDesign7,item1-1,0,1,Yes,Oui
555,283,1.0.0,privacyDesign7,item2-0,1,0,No,Non
556,285,1.0.0,privacyImplementation1,item1-2,0,2,Yes,Oui
557,285,1.0.0,privacyImplementation1,item2-0,1,0,No,Non
558,288,1.0.0,privacyImplementation2,item1-2,0,2,Yes,Oui
559,288,1.0.0,privacyImplementation2,item2-0,1,0,No,Non
560,290,1.0.0,privacyImplementation9,item1-2,0,2,Yes,Oui
561,290,1.0.0,privacyImplementation9,item2-0,1,0,No,Non
562,292,1.0.0,privacyImplementation3,item1-1,0,1,Yes,Oui
563,292,1.0.0,privacyImplementation3,item2-0,1,0,No,Non
564,293,1.0.0,privacyImplementation4,item1-1,0,1,Yes,Oui
565,293,1.0.0,privacyImplementation4,item2-0,1,0,No,Non
566,294,1.0.0,privacyImplementation7,item1-1,0,1,Yes,Oui
567,294,1.0.0,privacyImplementation7,item2-0,1,0,No,Non
1,3,0.10.0,projectDetailsDepartment-NS,001,0,0,Agriculture and Agri-Food (Department of),Agriculture et de l'Agroalimentaire (Ministère de l')
2,3,0.10.0,projectDetailsDepartment-NS,002,1,0,Office of the Auditor General,Bureau du vérificateur général
3,3,0.10.0,projectDetailsDepartment-NS,004,2,0,Public Service Commission,Commission de la fonction publique
4,3,0.10.0,projectDetailsDepartment-NS,005,3,0,"Foreign Affairs, Trade and Development (Department of)","Affaires étrangères, du Commerce et du Développement (Ministère des)"
5,3,0.10.0,projectDetailsDepartment-NS,006,4,0,Finance (Department of),Finances (Ministère des)
6,3,0.10.0,projectDetailsDepartment-NS,007,5,0,Environment (Department of the),Environnement (Ministère de l')
7,3,0.10.0,projectDetailsDepartment-NS,008,6,0,Office of the Governor General's Secretary,Bureau du secrétaire du gouverneur général
8,3,0.10.0,projectDetailsDepartment-NS,009,7,0,Senate,Sénat
9,3,0.10.0,projectDetailsDepartment-NS,011,8,0,Office of the Superintendent of Financial Institutions,Bureau du surintendant des institutions financières
10,3,0.10.0,projectDetailsDepartment-NS,012,9,0,Economic Development Agency of Canada for the Regions of Quebec,Agence de développement économique du Canada pour les régions du Québec
11,3,0.10.0,projectDetailsDepartment-NS,013,10,0,Justice (Department of),Justice (Ministère de la)
12,3,0.10.0,projectDetailsDepartment-NS,014,11,0,Employment and Social Development (Department of),Emploi et du Développement social (Ministère de l')
13,3,0.10.0,projectDetailsDepartment-NS,015,12,0,Office of the Chief Electoral Officer,Bureau du directeur général des élections
14,3,0.10.0,projectDetailsDepartment-NS,016,13,0,Canadian Radio-television and Telecommunications Commission,Conseil de la radiodiffusion et des télécommunications canadiennes
15,3,0.10.0,projectDetailsDepartment-NS,017,14,0,Library of Parliament,Bibliothèque du Parlement
16,3,0.10.0,projectDetailsDepartment-NS,018,15,0,National Defence (Department of),Défense nationale (Ministère de la)
17,3,0.10.0,projectDetailsDepartment-NS,019,16,0,Office of the Director of Public Prosecutions,Bureau du directeur des poursuites pénales
18,3,0.10.0,projectDetailsDepartment-NS,021,17,0,Veterans Affairs (Department of),Anciens Combattants (Ministère des)
19,3,0.10.0,projectDetailsDepartment-NS,022,18,0,Health (Department of),Santé (Ministère de la)
20,3,0.10.0,projectDetailsDepartment-NS,023,19,0,Atlantic Canada Opportunities Agency,Agence de promotion économique du Canada atlantique
21,3,0.10.0,projectDetailsDepartment-NS,024,20,0,International Joint Commission (Canadian Section),Commission mixte internationale (section canadienne)
22,3,0.10.0,projectDetailsDepartment-NS,025,21,0,Privy Council Office,Bureau du Conseil privé
23,3,0.10.0,projectDetailsDepartment-NS,027,22,0,Natural Sciences and Engineering Research Council,Conseil de recherches en sciences naturelles et en génie
24,3,0.10.0,projectDetailsDepartment-NS,030,23,0,Royal Canadian Mounted Police,Gendarmerie royale du Canada
25,3,0.10.0,projectDetailsDepartment-NS,032,24,0,Immigration and Refugee Board,Commission de l'immigration et du statut de réfugié
26,3,0.10.0,projectDetailsDepartment-NS,033,25,0,Industry (Department of),Industrie (Ministère de l')
27,3,0.10.0,projectDetailsDepartment-NS,034,26,0,Transport (Department of),Transports (Ministère des)
28,3,0.10.0,projectDetailsDepartment-NS,035,27,0,National Research Council of Canada,Conseil national de recherches du Canada
29,3,0.10.0,projectDetailsDepartment-NS,037,28,0,Telefilm Canada,Téléfilm Canada
30,3,0.10.0,projectDetailsDepartment-NS,038,29,0,Canada Border Services Agency - (Administered Activities),Agence des services frontaliers du Canada - (activités administrées)
31,3,0.10.0,projectDetailsDepartment-NS,039,30,0,National Film Board,Office national du film
32,3,0.10.0,projectDetailsDepartment-NS,040,31,0,Canadian Transportation Agency,Office des transports du Canada
33,3,0.10.0,projectDetailsDepartment-NS,041,32,0,Natural Resources (Department of),Ressources naturelles (Ministère des)
34,3,0.10.0,projectDetailsDepartment-NS,042,33,0,Indian Affairs and Northern Development (Department of),Affaires indiennes et du Nord canadien (Ministère des)
35,3,0.10.0,projectDetailsDepartment-NS,043,34,0,Canadian Intergovernmental Conference Secretariat,Secrétariat des conférences intergouvernementales canadiennes
36,3,0.10.0,projectDetailsDepartment-NS,044,35,0,Western Economic Diversification (Department of),Diversification de l'économie de l'Ouest canadien (Ministère de la)
37,3,0.10.0,projectDetailsDepartment-NS,046,36,0,Office of the Public Sector Integrity Commissioner,Commissariat à l'intégrité du secteur public
38,3,0.10.0,projectDetailsDepartment-NS,047,37,0,Canadian Nuclear Safety Commission,Commission canadienne de sûreté nucléaire
39,3,0.10.0,projectDetailsDepartment-NS,050,38,0,Citizenship and Immigration (Department of),Citoyenneté et de l'Immigration (Ministère de la)
40,3,0.10.0,projectDetailsDepartment-NS,051,39,0,Office of the Commissioner for Federal Judicial Affairs,Bureau du commissaire à la magistrature fédérale
41,3,0.10.0,projectDetailsDepartment-NS,052,40,0,Canada School of Public Service,École de la fonction publique du Canada
42,3,0.10.0,projectDetailsDepartment-NS,053,41,0,Correctional Service of Canada,Service correctionnel du Canada
43,3,0.10.0,projectDetailsDepartment-NS,054,42,0,Statistics Canada,Statistique Canada
44,3,0.10.0,projectDetailsDepartment-NS,055,43,0,Office of the Communications Security Establishment Commissioner,Bureau du commissaire du Centre de la sécurité des télécommunications
45,3,0.10.0,projectDetailsDepartment-NS,056,44,0,Treasury Board Secretariat,Secrétariat du Conseil du Trésor
46,3,0.10.0,projectDetailsDepartment-NS,057,45,0,Parole Board of Canada,Commission des libérations conditionnelles du Canada
47,3,0.10.0,projectDetailsDepartment-NS,061,46,0,Canadian Institutes of Health Research,Instituts de recherche en santé du Canada
48,3,0.10.0,projectDetailsDepartment-NS,062,47,0,Federal Economic Development Agency for Southern Ontario,Agence fédérale de développement économique pour le Sud de l'Ontario
49,3,0.10.0,projectDetailsDepartment-NS,063,48,0,Social Sciences and Humanities Research Council,Conseil de recherches en sciences humaines
50,3,0.10.0,projectDetailsDepartment-NS,066,49,0,Northern Pipeline Agency,Administration du pipe-line du Nord
51,3,0.10.0,projectDetailsDepartment-NS,067,50,0,House of Commons,Chambre des communes
52,3,0.10.0,projectDetailsDepartment-NS,074,51,0,National Energy Board,Office national de l'énergie
53,3,0.10.0,projectDetailsDepartment-NS,075,52,0,Canadian Human Rights Commission,Commission canadienne des droits de la personne
54,3,0.10.0,projectDetailsDepartment-NS,076,53,0,Office of the Commissioner of Official Languages,Commissariat aux langues officielles
55,3,0.10.0,projectDetailsDepartment-NS,078,54,0,Canadian Northern Economic Development Agency,Agence canadienne de développement économique du Nord
56,3,0.10.0,projectDetailsDepartment-NS,079,55,0,Payroll System General Ledger,Grand livre général du système de la paye
57,3,0.10.0,projectDetailsDepartment-NS,080,56,0,Registrar of the Supreme Court of Canada,Registraire de la Cour suprême du Canada
58,3,0.10.0,projectDetailsDepartment-NS,083,57,0,"Office of the Co-ordinator, Status of Women",Bureau de la coordonnatrice de la situation de la femme
59,3,0.10.0,projectDetailsDepartment-NS,085,58,0,Canada Border Services Agency,Agence des services frontaliers du Canada
60,3,0.10.0,projectDetailsDepartment-NS,086,59,0,Fisheries and Oceans (Department of),Pêches et des Océans (Ministère des)
61,3,0.10.0,projectDetailsDepartment-NS,087,60,0,Public Service Superannuation,Pension de retraite de la fonction publique
62,3,0.10.0,projectDetailsDepartment-NS,088,61,0,Public Safety and Emergency Preparedness (Department of),Sécurité publique et de la Protection civile (Ministère de la)
63,3,0.10.0,projectDetailsDepartment-NS,091,62,0,Canada Mortgage and Housing Corporation (Crown Corporation),Société canadienne d'hypothèques et de logement (Société d'État)
64,3,0.10.0,projectDetailsDepartment-NS,095,63,0,Canadian Security Intelligence Service,Service canadien du renseignement de sécurité
65,3,0.10.0,projectDetailsDepartment-NS,096,64,0,Offices of the Information and Privacy Commissioners of Canada,Commissariats à l'information et à la protection de la vie privée au Canada
66,3,0.10.0,projectDetailsDepartment-NS,097,65,0,Receiver General,Receveur général
67,3,0.10.0,projectDetailsDepartment-NS,100,66,0,Canadian Centre for Occupational Health and Safety,Centre canadien d'hygiène et de sécurité au travail
68,3,0.10.0,projectDetailsDepartment-NS,101,67,0,Canadian Transportation Accident Investigation and Safety Board,Bureau canadien d'enquête sur les accidents de transport et de la sécurité des transports
69,3,0.10.0,projectDetailsDepartment-NS,102,68,0,The National Battlefields Commission,Commission des champs de bataille nationaux
70,3,0.10.0,projectDetailsDepartment-NS,103,69,0,Security Intelligence Review Committee,Comité de surveillance des activités de renseignement de sécurité
71,3,0.10.0,projectDetailsDepartment-NS,109,70,0,Patented Medicine Prices Review Board,Conseil d'examen du prix des médicaments brevetés
72,3,0.10.0,projectDetailsDepartment-NS,116,71,0,Copyright Board,Commission du droit d'auteur
73,3,0.10.0,projectDetailsDepartment-NS,119,72,0,Canadian Space Agency,Agence spatiale canadienne
74,3,0.10.0,projectDetailsDepartment-NS,122,73,0,Canada Revenue Agency - (Administered Activities),Agence du revenu du Canada - (activités administrées)
75,3,0.10.0,projectDetailsDepartment-NS,123,74,0,Export Development Canada (Crown Corporation),Exportation et développement Canada (Société d'État)
76,3,0.10.0,projectDetailsDepartment-NS,124,75,0,Parks Canada Agency,Agence Parcs Canada
77,3,0.10.0,projectDetailsDepartment-NS,127,76,0,Public Works and Government Services (Department of),Travaux publics et des Services gouvernementaux (Ministère des)
78,3,0.10.0,projectDetailsDepartment-NS,130,77,0,Canada Revenue Agency,Agence du revenu du Canada
79,3,0.10.0,projectDetailsDepartment-NS,133,78,0,Canadian Grain Commission,Commission canadienne des grains
80,3,0.10.0,projectDetailsDepartment-NS,134,79,0,Canadian Dairy Commission,Commission canadienne du lait
81,3,0.10.0,projectDetailsDepartment-NS,135,80,0,Canadian Heritage (Department of),Patrimoine canadien (Ministère du)
82,3,0.10.0,projectDetailsDepartment-NS,136,81,0,Canadian Food Inspection Agency,Agence canadienne d'inspection des aliments
83,3,0.10.0,projectDetailsDepartment-NS,137,82,0,Military Police Complaints Commission,Commission d'examen des plaintes concernant la police militaire
84,3,0.10.0,projectDetailsDepartment-NS,138,83,0,Military Grievances External Review Committee,Comité externe d'examen des griefs militaires
85,3,0.10.0,projectDetailsDepartment-NS,139,84,0,Financial Transactions and Reports Analysis Centre of Canada,Centre d'analyse des opérations et déclarations financières du Canada
86,3,0.10.0,projectDetailsDepartment-NS,141,85,0,Financial Consumer Agency of Canada,Agence de la consommation en matière financière du Canada
87,3,0.10.0,projectDetailsDepartment-NS,142,86,0,Office of Infrastructure of Canada,Bureau de l'infrastructure du Canada
88,3,0.10.0,projectDetailsDepartment-NS,144,87,0,Courts Administration Service,Service administratif des tribunaux judiciaires
89,3,0.10.0,projectDetailsDepartment-NS,145,88,0,Library and Archives of Canada,Bibliothèque et Archives du Canada
90,3,0.10.0,projectDetailsDepartment-NS,147,89,0,Office of the Conflict of Interest and Ethics Commissioner,Commissariat aux conflits d'intérêts et à l'éthique
91,3,0.10.0,projectDetailsDepartment-NS,148,90,0,Public Health Agency of Canada,Agence de la santé publique du Canada
92,3,0.10.0,projectDetailsDepartment-NS,151,91,0,Office of the Senate Ethics Officer,Bureau du conseiller sénatorial en éthique
93,3,0.10.0,projectDetailsDepartment-NS,154,92,0,Office of the Commissioner of Lobbying,Commissariat au lobbying
94,3,0.10.0,projectDetailsDepartment-NS,163,93,0,Shared Services Canada,Services partagés Canada
95,3,0.10.0,projectDetailsDepartment-NS,165,94,0,Communications Security Establishment,Centre de la sécurité des télécommunications
96,3,0.10.0,projectDetailsDepartment-NS,170,95,0,Administrative Tribunals Support Service of Canada,Service canadien d'appui aux tribunaux administratifs
97,3,0.10.0,projectDetailsDepartment-NS,171,96,0,Canadian High Arctic Research Station,Station canadienne de recherche dans l'Extrême-Arctique
98,3,0.10.0,projectDetailsDepartment-NS,176,97,0,Parliamentary Protective Service,Service de protection parlementaire
99,3,0.10.0,projectDetailsDepartment-NS,180,98,0,Invest in Canada Hub,Investir au Canada
100,3,0.10.0,projectDetailsDepartment-NS,183,99,0,Office of the Parliamentary Budget Officer,Bureau du directeur parlementaire du budget
101,3,0.10.0,projectDetailsDepartment-NS,192,100,0,Secretariat of the National Security and Intelligence Committee of Parliamentarians,Secrétariat du Comité des parlementaires sur la sécurité nationale et le renseignement
102,8,0.10.0,projectDetailsPhase,item1,0,0,Design,Conception
103,8,0.10.0,projectDetailsPhase,item2,1,0,Implementation,Mise en oeuvre
104,10,0.10.0,businessDrivers1,item1,0,0,Existing backlog of work or cases,Arriéré de travail ou de cas existant
105,10,0.10.0,businessDrivers1,item2,1,0,Improve overall quality of decisions,Amélioration de la qualité générale des décisions
106,10,0.10.0,businessDrivers1,item3,2,0,Lower transaction costs of an existing program,Réduction des coûts de transaction d'un programme existant
107,10,0.10.0,businessDrivers1,item4,3,0,The system is performing tasks that humans could not accomplish in a reasonable period of time,Le système exécute des tâches que les humains ne sont pas en mesure d'accomplir dans un délai raisonnable
108,10,0.10.0,businessDrivers1,item5,4,0,Use innovative approaches,Utilisation d'approches novatrices
109,10,0.10.0,businessDrivers1,item6,5,0,Other (please specify),Autre (veuillez préciser)
110,14,0.10.0,businessDrivers5,item1-2,0,2,Slightly effective,Légèrement efficace
111,14,0.10.0,businessDrivers5,item2-1,1,1,Moderately effective,Modérément efficace
112,14,0.10.0,businessDrivers5,item3-0,2,0,Very effective,Très efficace
113,18,0.10.0,businessDrivers9,item1-0,0,0,Yes,Oui
114,18,0.10.0,businessDrivers9,item2-1,1,1,No,Non
115,20,0.10.0,businessDrivers11,item1-3,0,3,Service cannot be delivered at all,La prestation du service est impossible
116,20,0.10.0,businessDrivers11,item2-2,1,2,Service cannot be delivered in a timely or efficient manner,La prestation du service ne peut pas être effectuée en temps voulu ou de manière efficace
117,20,0.10.0,businessDrivers11,item3-0,2,0,Service costs are too high,Les coûts du service sont trop élevés
118,20,0.10.0,businessDrivers11,item4-0,3,0,Service quality is not as high,La qualité du service n’est pas aussi élevée
119,20,0.10.0,businessDrivers11,item5-0,4,0,Service delivery cannot achieve performance targets,La prestation du service ne parvient pas à atteindre les objectifs de rendement
120,20,0.10.0,businessDrivers11,item6-0,5,0,Other (please specify),Autre (veuillez préciser)
121,22,0.10.0,riskProfile1,item1-3,0,3,Yes,Oui
122,22,0.10.0,riskProfile1,item2-0,1,0,No,Non
123,23,0.10.0,riskProfile2,item1-3,0,3,Yes,Oui
124,23,0.10.0,riskProfile2,item2-0,1,0,No,Non
125,24,0.10.0,riskProfile3,item1-4,0,4,Yes,Oui
126,24,0.10.0,riskProfile3,item2-0,1,0,No,Non
127,25,0.10.0,riskProfile4,item1-3,0,3,Yes,Oui
128,25,0.10.0,riskProfile4,item2-0,1,0,No,Non
129,26,0.10.0,riskProfile5,item1-4,0,4,Yes,Oui
130,26,0.10.0,riskProfile5,item2-0,1,0,No,Non
131,28,0.10.0,projectAuthority1,item1-2,0,2,Yes,Oui
132,28,0.10.0,projectAuthority1,item2-0,1,0,No,Non
133,29,0.10.0,aboutSystem1,item1,0,0,"Image and object recognition: Analyzing very large data sets to automate the recognition, classification, and context associated with an image or object.","Reconnaissance d'images et d'objets: Analyser de volumineux jeux de donnée pour automatiser la reconnaissance, la classification et le context associés à une image ou à un objet."
134,29,0.10.0,aboutSystem1,item2,1,0,"Text and speech analysis: Analyzing large data sets to recognize, process, and tag text, speech, voice, and make recommendations based on the tagging","Analyse du texte et de la parole: Analyser de vastes jeux de données pour reconnaître, traiter et étiqueter le texte, la parole, la voix et faire des recommendations en fonction du marquage."
135,29,0.10.0,aboutSystem1,item3,2,0,Risk assessment: Analyzing very large data sets to identify patterns and recommend courses of action and in some cases trigger specific actions,"Évaluation des risques: Analyser de volumineux jeux de données pour déterminer les tendances et recommander des mesures et, dans certains cas, déclencher la prise de mesures précises. "
136,29,0.10.0,aboutSystem1,item4,3,0,"Content generation: Analyzing large data sets to categorize, process, triage, personalize, and serve specific content for specific contexts","Génération de contenu: Analyser de vastes jeux de données pour créer des catégories, traiter, trier, personnaliser et servir un contenu spécifique destiné à des contextes particuliers."
137,29,0.10.0,aboutSystem1,item5,4,0,"Process optimization and workflow automation: Analyzing large data sets to identify and anomalies, cluster patterns, predict outcomes or ways to optimize; and automate specific workflows","Optimisation des processus et automatisation des flux de travail: Analyser de vastes jeux de données pour déterminer et corriger les anomalies, les modèles de grappes, prévoir les résultats ou les façons d'optimiser; et d'automatiser des flux de travail spécifique."
138,29,0.10.0,aboutSystem1,item6,5,0,Other (please specify),Autre (veuillez préciser)
139,31,0.10.0,aboutAlgorithm1,item1-3,0,3,Yes,Oui
140,31,0.10.0,aboutAlgorithm1,item2-0,1,0,No,Non
141,32,0.10.0,aboutAlgorithm2,item1-3,0,3,Yes,Oui
142,32,0.10.0,aboutAlgorithm2,item2-0,1,0,No,Non
143,34,0.10.0,decisionSector1,item1-1,0,1,Health related services,Services liés à la santé
144,34,0.10.0,decisionSector1,item2-1,1,1,"Economic interests (grants and contributions, tax benefits, debt collection)","Intérêts économiques (subventions et contributions, avantages fiscaux, recouvrement de dettes)"
145,34,0.10.0,decisionSector1,item3-1,2,1,"Social assistance (employment insurance, disability claims)","Aide sociales (assurance-emploi, demandes de prestations d'invalidité)"
146,34,0.10.0,decisionSector1,item4-1,3,1,"Access and mobility (security clearances, border crossings)","Accès et mobilité (habitations de sécurité, passages frontaliers)"
147,34,0.10.0,decisionSector1,item5-1,4,1,Licensing and issuance of permits,Accréditation et délivrance de permis
148,34,0.10.0,decisionSector1,item7-1,5,1,"Employment (recruitment, hiring, promotion, performance evaluation, monitoring, security clearance)","Emploi (recrutement, embauche, promotion, évaluation de rendement, surveillance, habilitation de sécurité)"
149,34,0.10.0,decisionSector1,item6-1,6,1,Other (please specify),Autre (veuillez préciser)
150,36,0.10.0,impact30,item1-4,0,4,Full automation (the system will make an administrative decision) ,Automatisation complète (le système prendra une décision administrative)
151,36,0.10.0,impact30,item2-2,1,2,"Partial automation (the system will contribute to administrative decision-making by supporting an officer through assessments, recommendations, intermediate decisions, or other outputs)","Automatisation partielle (le système facilitera la prise de décisions administratives en appuyant un agent au moyen d’évaluations, de recommandations, de décisions provisoires ou d’autres résultats)"
152,38,0.10.0,impact3,item1-4,0,4,Yes,Oui
153,38,0.10.0,impact3,item2-0,1,0,No,Non
154,41,0.10.0,impact22,item1-2,0,2,Yes,Oui
155,41,0.10.0,impact22,item2-0,1,0,No,Non
156,43,0.10.0,impact5,item1-4,0,4,Yes,Oui
157,43,0.10.0,impact5,item2-0,1,0,No,Non
158,44,0.10.0,impact6,item1-1,0,1,Reversible,Réversible
159,44,0.10.0,impact6,item2-2,1,2,Likely reversible,Probablement réversible
160,44,0.10.0,impact6,item3-3,2,3,Difficult to reverse,Difficile à inverser
161,44,0.10.0,impact6,item4-4,3,4,Irreversible,Irréversible
162,45,0.10.0,impact7,item1-1,0,1,Impacts are most likely to be brief,Les incidences risquent fort probablement d’être brèves
163,45,0.10.0,impact7,item2-2,1,2,"Some impacts may last a matter of months, but some lingering impacts may last longer",Certaines incidences peuvent durer quelques mois ou plus longtemps.
164,45,0.10.0,impact7,item3-3,2,3,Impacts can last years,Les incidences peuvent durer des années.
165,45,0.10.0,impact7,item4-4,3,4,Most impacts are perpetual,La plupart des incidences sont sans limite dans le temps.
166,47,0.10.0,impact9,item1-1,0,1,Little to no impact,Incidence faible ou nulle
167,47,0.10.0,impact9,item2-2,1,2,Moderate impact,Incidence modérée
168,47,0.10.0,impact9,item3-3,2,3,High impact,Incidence élevée
169,47,0.10.0,impact9,item4-4,3,4,Very high impact,Incidence très élevée
170,49,0.10.0,impact24,item1-1,0,1,Little to no impact,Incidence faible ou nulle
171,49,0.10.0,impact24,item2-2,1,2,Moderate impact,Incidence modérée
172,49,0.10.0,impact24,item3-3,2,3,High impact,Incidence élevée
173,49,0.10.0,impact24,item4-4,3,4,Very high impact,Incidence très élevée
174,51,0.10.0,impact11,item1-1,0,1,Little to no impact,Incidence faible ou nulle
175,51,0.10.0,impact11,item2-2,1,2,Moderate impact,Incidence modérée
176,51,0.10.0,impact11,item3-3,2,3,High impact,Incidence élevée
177,51,0.10.0,impact11,item4-4,3,4,Very high impact,Incidence très élevée
178,53,0.10.0,impact13,item1-1,0,1,Little to no impact,Incidence faible ou nulle
179,53,0.10.0,impact13,item2-2,1,2,Moderate impact,Incidence modérée
180,53,0.10.0,impact13,item3-3,2,3,High impact,Incidence élevée
181,53,0.10.0,impact13,item4-4,3,4,Very high impact,Incidence très élevée
182,55,0.10.0,impact15,item1-1,0,1,Little to no impact,Incidence faible ou nulle
183,55,0.10.0,impact15,item2-2,1,2,Moderate impact,Incidence modérée
184,55,0.10.0,impact15,item3-3,2,3,High impact,Incidence élevée
185,55,0.10.0,impact15,item4-4,3,4,Very high impact,Incidence très élevée
186,57,0.10.0,aboutDataSource1,item1-4,0,4,Yes,Oui
187,57,0.10.0,aboutDataSource1,item2-0,1,0,No,Non
188,58,0.10.0,aboutDataSource9,item1-0,0,0,Yes,Oui
189,58,0.10.0,aboutDataSource9,item2-4,1,4,No,Non
190,59,0.10.0,aboutDataSource10,item1-2,0,2,Yes,Oui
191,59,0.10.0,aboutDataSource10,item2-0,1,0,No,Non
192,60,0.10.0,aboutDataSource11,item1-0,0,0,Yes,Oui
193,60,0.10.0,aboutDataSource11,item2-1,1,1,No,Non
194,62,0.10.0,aboutDataSource2,item1-0,0,0,None,Aucun
195,62,0.10.0,aboutDataSource2,item2-1,1,1,Protected A,Protégé A
196,62,0.10.0,aboutDataSource2,item3-2,2,2,Classified / Confidential,Classifié/confidentiel
197,62,0.10.0,aboutDataSource2,item4-3,3,3,Protected B / Protected C,Protégé B/Protégé C
198,62,0.10.0,aboutDataSource2,item5-4,4,4,Secret / Top Secret,Secret/Très Secret
199,63,0.10.0,aboutDataSource3,item1-0,0,0,Open Data Source,Source de données ouvertes
200,63,0.10.0,aboutDataSource3,item2-1,1,1,Federal government,Gouvernement fédéral
201,63,0.10.0,aboutDataSource3,item3-2,2,2,Other Canadian Government (prov/municipal),Autre gouvernement canadien (provincial/municipal)
202,63,0.10.0,aboutDataSource3,item4-3,3,3,Private Sector / NGO,Secteur privé / ONG
203,64,0.10.0,aboutDataSource4,item1-4,0,4,Yes,Oui
204,64,0.10.0,aboutDataSource4,item2-0,1,0,No,Non
205,65,0.10.0,aboutDataSource5,item1-4,0,4,Yes,Oui
206,65,0.10.0,aboutDataSource5,item2-0,1,0,No,Non
207,66,0.10.0,aboutDataSource6,item1-4,0,4,Yes,Oui
208,66,0.10.0,aboutDataSource6,item2-0,1,0,No,Non
209,67,0.10.0,aboutDataSource7,item1-1,0,1,Your institution,Votre institution
210,67,0.10.0,aboutDataSource7,item2-2,1,2,Another federal institution,Une autre institution fédérale
211,67,0.10.0,aboutDataSource7,item3-3,2,3,Another level of government,Autre niveau de gouvernement
212,67,0.10.0,aboutDataSource7,item4-4,3,4,A foreign government or non-government third party,Un gouvernement étranger ou un tiers non gouvernemental
213,68,0.10.0,aboutDataSource8,item1-1,0,1,Your institution,Votre institution
214,68,0.10.0,aboutDataSource8,item2-2,1,2,Another federal institution,Une autre institution fédérale
215,68,0.10.0,aboutDataSource8,item3-3,2,3,Another level of government,Autre niveau de gouvernement
216,68,0.10.0,aboutDataSource8,item4-4,3,4,A foreign government or non-government third party,Un gouvernement étranger ou un tiers non gouvernemental
217,70,0.10.0,aboutDataType1,item1,0,0,Yes,Oui
218,70,0.10.0,aboutDataType1,item2,1,0,No,Non
219,71,0.10.0,aboutDataType2,item1-2,0,2,Audio and text files,Fichiers audio et textuels
220,71,0.10.0,aboutDataType2,item2-4,1,4,Images and videos,Images et vidéos
221,72,0.10.0,consultationDesign1,item1-1,0,1,Yes,Oui
222,72,0.10.0,consultationDesign1,item2-0,1,0,No,Non
223,73,0.10.0,consultationDesign2,item2,0,0,Strategic Policy and Planning,Politique et planification stratégique
224,73,0.10.0,consultationDesign2,item3,1,0,Data Governance,Gouvernance des données
225,73,0.10.0,consultationDesign2,item4,2,0,Program Policy,Politique du programme
226,73,0.10.0,consultationDesign2,item5,3,0,Legal Services,Services légaux
227,73,0.10.0,consultationDesign2,item6,4,0,Access to Information and Privacy Office,Bureau de l'accès à l'information et de la protection des renseignements personnels
228,73,0.10.0,consultationDesign2,item7,5,0,Communications services,Services des communications
229,73,0.10.0,consultationDesign2,item8,6,0,Client Experience / Client Relationship Management,Expérience client / Gestion de la relation client
230,73,0.10.0,consultationDesign2,item10,7,0,Digital Policy,Politique sur le numérique
231,73,0.10.0,consultationDesign2,item11,8,0,Human Resources,Ressources humaines
232,73,0.10.0,consultationDesign2,item12,9,0,TBS Office of the Chief Human Resources Officer,Bureau de la dirigeante principale des ressources humaines du SCT
233,73,0.10.0,consultationDesign2,item13,10,0,TBS Office of the Chief Information Officer,Bureau de la dirigeante principale de l’information du SCT
234,73,0.10.0,consultationDesign2,item14,11,0,Office of the Privacy Commissioner of Canada,Commissariat à la protection de la vie privée du Canada
235,73,0.10.0,consultationDesign2,item15,12,0,Networks for Equity-seeking Employees,Réseaux pour les employés visés par l’équité
236,73,0.10.0,consultationDesign2,item16,13,0,Accessibility Working Groups,Groupes de travail sur l’accessibilité
237,73,0.10.0,consultationDesign2,item17,14,0,2SLGBTQI+ Secretariat,Secrétariat 2ELGBTQI+
238,73,0.10.0,consultationDesign2,item9,15,0,Other (describe),Autre (décrire)
239,75,0.10.0,consultationDesign3,item1-1,0,1,Yes,Oui
240,75,0.10.0,consultationDesign3,item2-0,1,0,No,Non
241,76,0.10.0,consultationDesign4,item2,0,0,Civil Society,Société civile
242,76,0.10.0,consultationDesign4,item7,1,0,Academia,Milieu universitaire
243,76,0.10.0,consultationDesign4,item8,2,0,Industry,Industrie
244,76,0.10.0,consultationDesign4,item11,3,0,Bargaining Agents,Agents négociateurs
245,76,0.10.0,consultationDesign4,item12,4,0,Governments in other Jurisdictions,Gouvernements d’autres administrations
246,76,0.10.0,consultationDesign4,item13,5,0,International Organizations,Organisations internationales
247,76,0.10.0,consultationDesign4,item14,6,0,Clients or their Representatives,Clients ou leurs représentants
248,76,0.10.0,consultationDesign4,item15,7,0,Indigenous Groups,Groupes autochtones
249,76,0.10.0,consultationDesign4,item9,8,0,Other (describe),Autre (décrire)
250,78,0.10.0,consultationImplementation1,item1-1,0,1,Yes,Oui
251,78,0.10.0,consultationImplementation1,item2-0,1,0,No,Non
252,79,0.10.0,consultationImplementation2,item2,0,0,Strategic Policy and Planning,Politique et planification stratégiques
253,79,0.10.0,consultationImplementation2,item3,1,0,Data Governance,Gouvernance des données
254,79,0.10.0,consultationImplementation2,item4,2,0,Program Policy,Politique du programme
255,79,0.10.0,consultationImplementation2,item5,3,0,Legal Services,Services légaux
256,79,0.10.0,consultationImplementation2,item6,4,0,Access to Information and Privacy Office,Bureau de l'accès à l'information et de la protection des renseignements personnels
257,79,0.10.0,consultationImplementation2,item7,5,0,Communications services,Services des communications
258,79,0.10.0,consultationImplementation2,item8,6,0,Client Experience / Client Relationship Management,Expérience client / Gestion de la relation client
259,79,0.10.0,consultationImplementation2,item10,7,0,Digital Policy,Politique sur le numérique
260,79,0.10.0,consultationImplementation2,item11,8,0,Human Resources,Ressources humaines
261,79,0.10.0,consultationImplementation2,item12,9,0,TBS Office of the Chief Human Resources Officer,Bureau de la dirigeante principale des ressources humaines du SCT
262,79,0.10.0,consultationImplementation2,item13,10,0,TBS Office of the Chief Information Officer,Bureau de la dirigeante principale de l’information du SCT
263,79,0.10.0,consultationImplementation2,item14,11,0,Office of the Privacy Commissioner of Canada,Commissariat à la protection de la vie privée du Canada
264,79,0.10.0,consultationImplementation2,item15,12,0,Networks for Equity-seeking Employees,Réseaux pour les employés visés par l’équité
265,79,0.10.0,consultationImplementation2,item16,13,0,Accessibility Working Groups,Groupes de travail sur l’accessibilité
266,79,0.10.0,consultationImplementation2,item17,14,0,2SLGBTQI+ Secretariat,Secrétariat 2ELGBTQI+
267,79,0.10.0,consultationImplementation2,item9,15,0,Other (describe),Autre (décrire)
268,81,0.10.0,consultationImplementation3,item1-1,0,1,Yes,Oui
269,81,0.10.0,consultationImplementation3,item2-0,1,0,No,Non
270,82,0.10.0,consultationImplementation4,item2,0,0,Civil Society,Société civile
271,82,0.10.0,consultationImplementation4,item7,1,0,Academia,Milieu universitaire
272,82,0.10.0,consultationImplementation4,item8,2,0,Industry,Industrie
273,82,0.10.0,consultationImplementation4,item11,3,0,Bargaining Agents,Agents négociateurs
274,82,0.10.0,consultationImplementation4,item12,4,0,Governments in other Jurisdictions,Gouvernements d’autres administrations
275,82,0.10.0,consultationImplementation4,item13,5,0,International Organizations,Organisations internationales
276,82,0.10.0,consultationImplementation4,item14,6,0,Clients or their Representatives,Clients ou leurs représentants
277,82,0.10.0,consultationImplementation4,item15,7,0,Indigenous Groups,Groupes autochtones
278,82,0.10.0,consultationImplementation4,item9,8,0,Other (describe),Autre (décrire)
279,84,0.10.0,dataQualityDesign1,item1-2,0,2,Yes,Oui
280,84,0.10.0,dataQualityDesign1,item2-0,1,0,No,Non
281,85,0.10.0,dataQualityDesign2,item1-1,0,1,Yes,Oui
282,85,0.10.0,dataQualityDesign2,item2-0,1,0,No,Non
283,86,0.10.0,dataQualityDesign3,item1-1,0,1,Yes,Oui
284,86,0.10.0,dataQualityDesign3,item2-0,1,0,No,Non
285,87,0.10.0,dataQualityDesign4,item1-1,0,1,Yes,Oui
286,87,0.10.0,dataQualityDesign4,item2-0,1,0,No,Non
287,88,0.10.0,dataQualityDesign5,item1-1,0,1,Yes,Oui
288,88,0.10.0,dataQualityDesign5,item2-0,1,0,No,Non
289,89,0.10.0,dataQualityDesign6,item1-1,0,1,Yes,Oui
290,89,0.10.0,dataQualityDesign6,item2-0,1,0,No,Non
291,90,0.10.0,dataQualityDesign7,item1-2,0,2,Yes,Oui
292,90,0.10.0,dataQualityDesign7,item2-0,1,0,No,Non
293,91,0.10.0,dataQualityDesign8,item1-2,0,2,Yes,Oui
294,91,0.10.0,dataQualityDesign8,item2-0,1,0,No,Non
295,92,0.10.0,dataQualityDesign9,item1-1,0,1,Yes,Oui
296,92,0.10.0,dataQualityDesign9,item2-0,1,0,No,Non
297,93,0.10.0,dataQualityDesign10,item1-2,0,2,Yes,Oui
298,93,0.10.0,dataQualityDesign10,item2-0,1,0,No,Non
299,94,0.10.0,dataQualityImplementation1,item1-2,0,2,Yes,Oui
300,94,0.10.0,dataQualityImplementation1,item2-0,1,0,No,Non
301,95,0.10.0,dataQualityImplementation2,item1-1,0,1,Yes,Oui
302,95,0.10.0,dataQualityImplementation2,item2-0,1,0,No,Non
303,96,0.10.0,dataQualityImplementation3,item1-1,0,1,Yes,Oui
304,96,0.10.0,dataQualityImplementation3,item2-0,1,0,No,Non
305,97,0.10.0,dataQualityImplementation4,item1-1,0,1,Yes,Oui
306,97,0.10.0,dataQualityImplementation4,item2-0,1,0,No,Non
307,98,0.10.0,dataQualityImplementation5,item1-1,0,1,Yes,Oui
308,98,0.10.0,dataQualityImplementation5,item2-0,1,0,No,Non
309,99,0.10.0,dataQualityImplementation6,item1-1,0,1,Yes,Oui
310,99,0.10.0,dataQualityImplementation6,item2-0,1,0,No,Non
311,100,0.10.0,dataQualityImplementation7,item1-2,0,2,Yes,Oui
312,100,0.10.0,dataQualityImplementation7,item2-0,1,0,No,Non
313,101,0.10.0,dataQualityImplementation8,item1-2,0,2,Yes,Oui
314,101,0.10.0,dataQualityImplementation8,item2-0,1,0,No,Non
315,102,0.10.0,dataQualityImplementation9,item1-1,0,1,Yes,Oui
316,102,0.10.0,dataQualityImplementation9,item2-0,1,0,No,Non
317,103,0.10.0,dataQualityImplementation10,item1-2,0,2,Yes,Oui
318,103,0.10.0,dataQualityImplementation10,item2-0,1,0,No,Non
319,104,0.10.0,fairnessDesign1,item1-1,0,1,Yes,Oui
320,104,0.10.0,fairnessDesign1,item2-0,1,0,No,Non
321,105,0.10.0,fairnessDesign2,item1-2,0,2,Yes,Oui
322,105,0.10.0,fairnessDesign2,item2-0,1,0,No,Non
323,106,0.10.0,fairnessDesign3,item1-2,0,2,Yes,Oui
324,106,0.10.0,fairnessDesign3,item2-0,1,0,No,Non
325,107,0.10.0,fairnessDesign4,item1-1,0,1,Yes,Oui
326,107,0.10.0,fairnessDesign4,item2-0,1,0,No,Non
327,108,0.10.0,fairnessDesign5,item1-2,0,2,Yes,Oui
328,108,0.10.0,fairnessDesign5,item2-0,1,0,No,Non
329,109,0.10.0,fairnessDesign6,item1-1,0,1,Yes,Oui
330,109,0.10.0,fairnessDesign6,item2-0,1,0,No,Non
331,110,0.10.0,fairnessDesign7,item1-1,0,1,Yes,Oui
332,110,0.10.0,fairnessDesign7,item2-0,1,0,No,Non
333,111,0.10.0,fairnessDesign8,item1-2,0,2,Yes,Oui
334,111,0.10.0,fairnessDesign8,item2-0,1,0,No,Non
335,112,0.10.0,fairnessDesign9,item1-1,0,1,Yes,Oui
336,112,0.10.0,fairnessDesign9,item2-0,1,0,No,Non
337,113,0.10.0,fairnessDesign10,item1-2,0,2,Yes,Oui
338,113,0.10.0,fairnessDesign10,item2-0,1,0,No,Non
339,114,0.10.0,fairnessDesign11,item1-1,0,1,Yes,Oui
340,114,0.10.0,fairnessDesign11,item2-0,1,0,No,Non
341,115,0.10.0,fairnessDesign12,item1-1,0,1,Yes,Oui
342,115,0.10.0,fairnessDesign12,item2-0,1,0,No,Non
343,116,0.10.0,fairnessDesign13,item1-2,0,2,Yes,Oui
344,116,0.10.0,fairnessDesign13,item2-0,1,0,No,Non
345,117,0.10.0,fairnessDesign14,item1-2,0,2,Yes,Oui
346,117,0.10.0,fairnessDesign14,item2-0,1,0,No,Non
347,118,0.10.0,fairnessDesign15,item1-1,0,1,Yes,Oui
348,118,0.10.0,fairnessDesign15,item2-0,1,0,No,Non
349,119,0.10.0,fairnessDesign16,item1-2,0,2,Yes,Oui
350,119,0.10.0,fairnessDesign16,item2-0,1,0,No,Non
351,120,0.10.0,fairnessDesign17,item1-1,0,1,Yes,Oui
352,120,0.10.0,fairnessDesign17,item2-0,1,0,No,Non
353,121,0.10.0,fairnessImplementation1,item1-1,0,1,Yes,Oui
354,121,0.10.0,fairnessImplementation1,item2-0,1,0,No,Non
355,122,0.10.0,fairnessImplementation2,item1-2,0,2,Yes,Oui
356,122,0.10.0,fairnessImplementation2,item2-0,1,0,No,Non
357,123,0.10.0,fairnessImplementation3,item1-2,0,2,Yes,Oui
358,123,0.10.0,fairnessImplementation3,item2-0,1,0,No,Non
359,124,0.10.0,fairnessImplementation4,item1-1,0,1,Yes,Oui
360,124,0.10.0,fairnessImplementation4,item2-0,1,0,No,Non
361,125,0.10.0,fairnessImplementation5,item1-2,0,2,Yes,Oui
362,125,0.10.0,fairnessImplementation5,item2-0,1,0,No,Non
363,126,0.10.0,fairnessImplementation6,item1-1,0,1,Yes,Oui
364,126,0.10.0,fairnessImplementation6,item2-0,1,0,No,Non
365,127,0.10.0,fairnessImplementation7,item1-1,0,1,Yes,Oui
366,127,0.10.0,fairnessImplementation7,item2-0,1,0,No,Non
367,128,0.10.0,fairnessImplementation8,item1-2,0,2,Yes,Oui
368,128,0.10.0,fairnessImplementation8,item2-0,1,0,No,Non
369,129,0.10.0,fairnessImplementation9,item1-1,0,1,Yes,Oui
370,129,0.10.0,fairnessImplementation9,item2-0,1,0,No,Non
371,130,0.10.0,fairnessImplementation10,item1-2,0,2,Yes,Oui
372,130,0.10.0,fairnessImplementation10,item2-0,1,0,No,Non
373,131,0.10.0,fairnessImplementation11,item1-1,0,1,Yes,Oui
374,131,0.10.0,fairnessImplementation11,item2-0,1,0,No,Non
375,132,0.10.0,fairnessImplementation12,item1-1,0,1,Yes,Oui
376,132,0.10.0,fairnessImplementation12,item2-0,1,0,No,Non
377,133,0.10.0,fairnessImplementation13,item1-2,0,2,Yes,Oui
378,133,0.10.0,fairnessImplementation13,item2-0,1,0,No,Non
379,134,0.10.0,fairnessImplementation14,item1-2,0,2,Yes,Oui
380,134,0.10.0,fairnessImplementation14,item2-0,1,0,No,Non
381,135,0.10.0,fairnessImplementation15,item1-1,0,1,Yes,Oui
382,135,0.10.0,fairnessImplementation15,item2-0,1,0,No,Non
383,136,0.10.0,fairnessImplementation16,item1-2,0,2,Yes,Oui
384,136,0.10.0,fairnessImplementation16,item2-0,1,0,No,Non
385,137,0.10.0,fairnessImplementation17,item1-1,0,1,Yes,Oui
386,137,0.10.0,fairnessImplementation17,item2-0,1,0,No,Non
387,138,0.10.0,privacyDesign1,item1-1,0,1,Yes,Oui
388,138,0.10.0,privacyDesign1,item2-0,1,0,No,Non
389,141,0.10.0,privacyDesign2,item1-1,0,1,Yes,Oui
390,141,0.10.0,privacyDesign2,item2-0,1,0,No,Non
391,142,0.10.0,privacyDesign3,item1-1,0,1,Yes,Oui
392,142,0.10.0,privacyDesign3,item2-0,1,0,No,Non
393,143,0.10.0,privacyDesign4,item1-1,0,1,Yes,Oui
394,143,0.10.0,privacyDesign4,item2-0,1,0,No,Non
395,144,0.10.0,privacyDesign7,item1-1,0,1,Yes,Oui
396,144,0.10.0,privacyDesign7,item2-0,1,0,No,Non
397,146,0.10.0,privacyImplementation1,item1-1,0,1,Yes,Oui
398,146,0.10.0,privacyImplementation1,item2-0,1,0,No,Non
399,149,0.10.0,privacyImplementation2,item1-1,0,1,Yes,Oui
400,149,0.10.0,privacyImplementation2,item2-0,1,0,No,Non
401,150,0.10.0,privacyImplementation3,item1-1,0,1,Yes,Oui
402,150,0.10.0,privacyImplementation3,item2-0,1,0,No,Non
403,151,0.10.0,privacyImplementation4,item1-1,0,1,Yes,Oui
404,151,0.10.0,privacyImplementation4,item2-0,1,0,No,Non
405,152,0.10.0,privacyImplementation7,item1-1,0,1,Yes,Oui
406,152,0.10.0,privacyImplementation7,item2-0,1,0,No,Non
1,3,0.9.1,projectDetailsDepartment-NS,001,0,0,Agriculture and Agri-Food (Department of),Agriculture et de l'Agroalimentaire (Ministère de l')
2,3,0.9.1,projectDetailsDepartment-NS,002,1,0,Office of the Auditor General,Bureau du vérificateur général
3,3,0.9.1,projectDetailsDepartment-NS,004,2,0,Public Service Commission,Commission de la fonction publique
4,3,0.9.1,projectDetailsDepartment-NS,005,3,0,"Foreign Affairs, Trade and Development (Department of)","Affaires étrangères, du Commerce et du Développement (Ministère des)"
5,3,0.9.1,projectDetailsDepartment-NS,006,4,0,Finance (Department of),Finances (Ministère des)
6,3,0.9.1,projectDetailsDepartment-NS,007,5,0,Environment (Department of the),Environnement (Ministère de l')
7,3,0.9.1,projectDetailsDepartment-NS,008,6,0,Office of the Governor General's Secretary,Bureau du secrétaire du gouverneur général
8,3,0.9.1,projectDetailsDepartment-NS,009,7,0,Senate,Sénat
9,3,0.9.1,projectDetailsDepartment-NS,011,8,0,Office of the Superintendent of Financial Institutions,Bureau du surintendant des institutions financières
10,3,0.9.1,projectDetailsDepartment-NS,012,9,0,Economic Development Agency of Canada for the Regions of Quebec,Agence de développement économique du Canada pour les régions du Québec
11,3,0.9.1,projectDetailsDepartment-NS,013,10,0,Justice (Department of),Justice (Ministère de la)
12,3,0.9.1,projectDetailsDepartment-NS,014,11,0,Employment and Social Development (Department of),Emploi et du Développement social (Ministère de l')
13,3,0.9.1,projectDetailsDepartment-NS,015,12,0,Office of the Chief Electoral Officer,Bureau du directeur général des élections
14,3,0.9.1,projectDetailsDepartment-NS,016,13,0,Canadian Radio-television and Telecommunications Commission,Conseil de la radiodiffusion et des télécommunications canadiennes
15,3,0.9.1,projectDetailsDepartment-NS,017,14,0,Library of Parliament,Bibliothèque du Parlement
16,3,0.9.1,projectDetailsDepartment-NS,018,15,0,National Defence (Department of),Défense nationale (Ministère de la)
17,3,0.9.1,projectDetailsDepartment-NS,019,16,0,Office of the Director of Public Prosecutions,Bureau du directeur des poursuites pénales
18,3,0.9.1,projectDetailsDepartment-NS,021,17,0,Veterans Affairs (Department of),Anciens Combattants (Ministère des)
19,3,0.9.1,projectDetailsDepartment-NS,022,18,0,Health (Department of),Santé (Ministère de la)
20,3,0.9.1,projectDetailsDepartment-NS,023,19,0,Atlantic Canada Opportunities Agency,Agence de promotion économique du Canada atlantique
21,3,0.9.1,projectDetailsDepartment-NS,024,20,0,International Joint Commission (Canadian Section),Commission mixte internationale (section canadienne)
22,3,0.9.1,projectDetailsDepartment-NS,025,21,0,Privy Council Office,Bureau du Conseil privé
23,3,0.9.1,projectDetailsDepartment-NS,027,22,0,Natural Sciences and Engineering Research Council,Conseil de recherches en sciences naturelles et en génie
24,3,0.9.1,projectDetailsDepartment-NS,030,23,0,Royal Canadian Mounted Police,Gendarmerie royale du Canada
25,3,0.9.1,projectDetailsDepartment-NS,032,24,0,Immigration and Refugee Board,Commission de l'immigration et du statut de réfugié
26,3,0.9.1,projectDetailsDepartment-NS,033,25,0,Industry (Department of),Industrie (Ministère de l')
27,3,0.9.1,projectDetailsDepartment-NS,034,26,0,Transport (Department of),Transports (Ministère des)
28,3,0.9.1,projectDetailsDepartment-NS,035,27,0,National Research Council of Canada,Conseil national de recherches du Canada
29,3,0.9.1,projectDetailsDepartment-NS,037,28,0,Telefilm Canada,Téléfilm Canada
30,3,0.9.1,projectDetailsDepartment-NS,038,29,0,Canada Border Services Agency - (Administered Activities),Agence des services frontaliers du Canada - (activités administrées)
31,3,0.9.1,projectDetailsDepartment-NS,039,30,0,National Film Board,Office national du film
32,3,0.9.1,projectDetailsDepartment-NS,040,31,0,Canadian Transportation Agency,Office des transports du Canada
33,3,0.9.1,projectDetailsDepartment-NS,041,32,0,Natural Resources (Department of),Ressources naturelles (Ministère des)
34,3,0.9.1,projectDetailsDepartment-NS,042,33,0,Indian Affairs and Northern Development (Department of),Affaires indiennes et du Nord canadien (Ministère des)
35,3,0.9.1,projectDetailsDepartment-NS,043,34,0,Canadian Intergovernmental Conference Secretariat,Secrétariat des conférences intergouvernementales canadiennes
36,3,0.9.1,projectDetailsDepartment-NS,044,35,0,Western Economic Diversification (Department of),Diversification de l'économie de l'Ouest canadien (Ministère de la)
37,3,0.9.1,projectDetailsDepartment-NS,046,36,0,Office of the Public Sector Integrity Commissioner,Commissariat à l'intégrité du secteur public
38,3,0.9.1,projectDetailsDepartment-NS,047,37,0,Canadian Nuclear Safety Commission,Commission canadienne de sûreté nucléaire
39,3,0.9.1,projectDetailsDepartment-NS,050,38,0,Citizenship and Immigration (Department of),Citoyenneté et de l'Immigration (Ministère de la)
40,3,0.9.1,projectDetailsDepartment-NS,051,39,0,Office of the Commissioner for Federal Judicial Affairs,Bureau du commissaire à la magistrature fédérale
41,3,0.9.1,projectDetailsDepartment-NS,052,40,0,Canada School of Public Service,École de la fonction publique du Canada
42,3,0.9.1,projectDetailsDepartment-NS,053,41,0,Correctional Service of Canada,Service correctionnel du Canada
43,3,0.9.1,projectDetailsDepartment-NS,054,42,0,Statistics Canada,Statistique Canada
44,3,0.9.1,projectDetailsDepartment-NS,055,43,0,Office of the Communications Security Establishment Commissioner,Bureau du commissaire du Centre de la sécurité des télécommunications
45,3,0.9.1,projectDetailsDepartment-NS,056,44,0,Treasury Board Secretariat,Secrétariat du Conseil du Trésor
46,3,0.9.1,projectDetailsDepartment-NS,057,45,0,Parole Board of Canada,Commission des libérations conditionnelles du Canada
47,3,0.9.1,projectDetailsDepartment-NS,061,46,0,Canadian Institutes of Health Research,Instituts de recherche en santé du Canada
48,3,0.9.1,projectDetailsDepartment-NS,062,47,0,Federal Economic Development Agency for Southern Ontario,Agence fédérale de développement économique pour le Sud de l'Ontario
49,3,0.9.1,projectDetailsDepartment-NS,063,48,0,Social Sciences and Humanities Research Council,Conseil de recherches en sciences humaines
50,3,0.9.1,projectDetailsDepartment-NS,066,49,0,Northern Pipeline Agency,Administration du pipe-line du Nord
51,3,0.9.1,projectDetailsDepartment-NS,067,50,0,House of Commons,Chambre des communes
52,3,0.9.1,projectDetailsDepartment-NS,074,51,0,National Energy Board,Office national de l'énergie
53,3,0.9.1,projectDetailsDepartment-NS,075,52,0,Canadian Human Rights Commission,Commission canadienne des droits de la personne
54,3,0.9.1,projectDetailsDepartment-NS,076,53,0,Office of the Commissioner of Official Languages,Commissariat aux langues officielles
55,3,0.9.1,projectDetailsDepartment-NS,078,54,0,Canadian Northern Economic Development Agency,Agence canadienne de développement économique du Nord
56,3,0.9.1,projectDetailsDepartment-NS,079,55,0,Payroll System General Ledger,Grand livre général du système de la paye
57,3,0.9.1,projectDetailsDepartment-NS,080,56,0,Registrar of the Supreme Court of Canada,Registraire de la Cour suprême du Canada
58,3,0.9.1,projectDetailsDepartment-NS,083,57,0,"Office of the Co-ordinator, Status of Women",Bureau de la coordonnatrice de la situation de la femme
59,3,0.9.1,projectDetailsDepartment-NS,085,58,0,Canada Border Services Agency,Agence des services frontaliers du Canada
60,3,0.9.1,projectDetailsDepartment-NS,086,59,0,Fisheries and Oceans (Department of),Pêches et des Océans (Ministère des)
61,3,0.9.1,projectDetailsDepartment-NS,087,60,0,Public Service Superannuation,Pension de retraite de la fonction publique
62,3,0.9.1,projectDetailsDepartment-NS,088,61,0,Public Safety and Emergency Preparedness (Department of),Sécurité publique et de la Protection civile (Ministère de la)
63,3,0.9.1,projectDetailsDepartment-NS,091,62,0,Canada Mortgage and Housing Corporation (Crown Corporation),Société canadienne d'hypothèques et de logement (Société d'État)
64,3,0.9.1,projectDetailsDepartment-NS,095,63,0,Canadian Security Intelligence Service,Service canadien du renseignement de sécurité
65,3,0.9.1,projectDetailsDepartment-NS,096,64,0,Offices of the Information and Privacy Commissioners of Canada,Commissariats à l'information et à la protection de la vie privée au Canada
66,3,0.9.1,projectDetailsDepartment-NS,097,65,0,Receiver General,Receveur général
67,3,0.9.1,projectDetailsDepartment-NS,100,66,0,Canadian Centre for Occupational Health and Safety,Centre canadien d'hygiène et de sécurité au travail
68,3,0.9.1,projectDetailsDepartment-NS,101,67,0,Canadian Transportation Accident Investigation and Safety Board,Bureau canadien d'enquête sur les accidents de transport et de la sécurité des transports
69,3,0.9.1,projectDetailsDepartment-NS,102,68,0,The National Battlefields Commission,Commission des champs de bataille nationaux
70,3,0.9.1,projectDetailsDepartment-NS,103,69,0,Security Intelligence Review Committee,Comité de surveillance des activités de renseignement de sécurité
71,3,0.9.1,projectDetailsDepartment-NS,109,70,0,Patented Medicine Prices Review Board,Conseil d'examen du prix des médicaments brevetés
72,3,0.9.1,projectDetailsDepartment-NS,116,71,0,Copyright Board,Commission du droit d'auteur
73,3,0.9.1,projectDetailsDepartment-NS,119,72,0,Canadian Space Agency,Agence spatiale canadienne
74,3,0.9.1,projectDetailsDepartment-NS,122,73,0,Canada Revenue Agency - (Administered Activities),Agence du revenu du Canada - (activités administrées)
75,3,0.9.1,projectDetailsDepartment-NS,123,74,0,Export Development Canada (Crown Corporation),Exportation et développement Canada (Société d'État)
76,3,0.9.1,projectDetailsDepartment-NS,124,75,0,Parks Canada Agency,Agence Parcs Canada
77,3,0.9.1,projectDetailsDepartment-NS,127,76,0,Public Works and Government Services (Department of),Travaux publics et des Services gouvernementaux (Ministère des)
78,3,0.9.1,projectDetailsDepartment-NS,130,77,0,Canada Revenue Agency,Agence du revenu du Canada
79,3,0.9.1,projectDetailsDepartment-NS,133,78,0,Canadian Grain Commission,Commission canadienne des grains
80,3,0.9.1,projectDetailsDepartment-NS,134,79,0,Canadian Dairy Commission,Commission canadienne du lait
81,3,0.9.1,projectDetailsDepartment-NS,135,80,0,Canadian Heritage (Department of),Patrimoine canadien (Ministère du)
82,3,0.9.1,projectDetailsDepartment-NS,136,81,0,Canadian Food Inspection Agency,Agence canadienne d'inspection des aliments
83,3,0.9.1,projectDetailsDepartment-NS,137,82,0,Military Police Complaints Commission,Commission d'examen des plaintes concernant la police militaire
84,3,0.9.1,projectDetailsDepartment-NS,138,83,0,Military Grievances External Review Committee,Comité externe d'examen des griefs militaires
85,3,0.9.1,projectDetailsDepartment-NS,139,84,0,Financial Transactions and Reports Analysis Centre of Canada,Centre d'analyse des opérations et déclarations financières du Canada
86,3,0.9.1,projectDetailsDepartment-NS,141,85,0,Financial Consumer Agency of Canada,Agence de la consommation en matière financière du Canada
87,3,0.9.1,projectDetailsDepartment-NS,142,86,0,Office of Infrastructure of Canada,Bureau de l'infrastructure du Canada
88,3,0.9.1,projectDetailsDepartment-NS,144,87,0,Courts Administration Service,Service administratif des tribunaux judiciaires
89,3,0.9.1,projectDetailsDepartment-NS,145,88,0,Library and Archives of Canada,Bibliothèque et Archives du Canada
90,3,0.9.1,projectDetailsDepartment-NS,147,89,0,Office of the Conflict of Interest and Ethics Commissioner,Commissariat aux conflits d'intérêts et à l'éthique
91,3,0.9.1,projectDetailsDepartment-NS,148,90,0,Public Health Agency of Canada,Agence de la santé publique du Canada
92,3,0.9.1,projectDetailsDepartment-NS,151,91,0,Office of the Senate Ethics Officer,Bureau du conseiller sénatorial en éthique
93,3,0.9.1,projectDetailsDepartment-NS,154,92,0,Office of the Commissioner of Lobbying,Commissariat au lobbying
94,3,0.9.1,projectDetailsDepartment-NS,163,93,0,Shared Services Canada,Services partagés Canada
95,3,0.9.1,projectDetailsDepartment-NS,165,94,0,Communications Security Establishment,Centre de la sécurité des télécommunications
96,3,0.9.1,projectDetailsDepartment-NS,170,95,0,Administrative Tribunals Support Service of Canada,Service canadien d'appui aux tribunaux administratifs
97,3,0.9.1,projectDetailsDepartment-NS,171,96,0,Canadian High Arctic Research Station,Station canadienne de recherche dans l'Extrême-Arctique
98,3,0.9.1,projectDetailsDepartment-NS,176,97,0,Parliamentary Protective Service,Service de protection parlementaire
99,3,0.9.1,projectDetailsDepartment-NS,180,98,0,Invest in Canada Hub,Investir au Canada
100,3,0.9.1,projectDetailsDepartment-NS,183,99,0,Office of the Parliamentary Budget Officer,Bureau du directeur parlementaire du budget
101,3,0.9.1,projectDetailsDepartment-NS,192,100,0,Secretariat of the National Security and Intelligence Committee of Parliamentarians,Secrétariat du Comité des parlementaires sur la sécurité nationale et le renseignement
102,8,0.9.1,projectDetailsPhase,item1,0,0,Design,Conception
103,8,0.9.1,projectDetailsPhase,item2,1,0,Implementation,Implémentation
104,10,0.9.1,businessDrivers1,item1,0,0,Existing backlog of work or cases,Arriéré de travail ou de cas existant
105,10,0.9.1,businessDrivers1,item2,1,0,Improve overall quality of decisions,Amélioration de la qualité générale des décisions
106,10,0.9.1,businessDrivers1,item3,2,0,Lower transaction costs of an existing program,Réduction des coûts de transaction d'un programme existant
107,10,0.9.1,businessDrivers1,item4,3,0,The system is performing tasks that humans could not accomplish in a reasonable period of time,Le système exécute des tâches que les humains ne sont pas en mesure d'accomplir dans un délai raisonnable
108,10,0.9.1,businessDrivers1,item5,4,0,Use innovative approaches,Utilisation d'approches novatrices
109,10,0.9.1,businessDrivers1,item6,5,0,Other (please specify),Autre (veuillez préciser)
110,12,0.9.1,riskProfile1,item1-3,0,3,Yes,Oui
111,12,0.9.1,riskProfile1,item2-0,1,0,No,Non
112,13,0.9.1,riskProfile2,item1-3,0,3,Yes,Oui
113,13,0.9.1,riskProfile2,item2-0,1,0,No,Non
114,14,0.9.1,riskProfile3,item1-4,0,4,Yes,Oui
115,14,0.9.1,riskProfile3,item2-0,1,0,No,Non
116,15,0.9.1,riskProfile4,item1-3,0,3,Yes,Oui
117,15,0.9.1,riskProfile4,item2-0,1,0,No,Non
118,16,0.9.1,projectAuthority1,item1-2,0,2,Yes,Oui
119,16,0.9.1,projectAuthority1,item2-0,1,0,No,Non
120,17,0.9.1,aboutSystem1,item1,0,0,"Image and object recognition: Analyzing very large data sets to automate the recognition, classification, and context associated with an image or object.","Reconnaissance d'images et d'objets: Analyser de volumineux jeux de donnée pour automatiser la reconnaissance, la classification et le context associés à une image ou à un objet."
121,17,0.9.1,aboutSystem1,item2,1,0,"Text and speech analysis: Analyzing large data sets to recognize, process, and tag text, speech, voice, and make recommendations based on the tagging","Analyse du texte et de la parole: Analyser de vastes jeux de données pour reconnaître, traiter et étiqueter le texte, la parole, la voix et faire des recommendations en fonction du marquage."
122,17,0.9.1,aboutSystem1,item3,2,0,Risk assessment: Analyzing very large data sets to identify patterns and recommend courses of action and in some cases trigger specific actions,"Évaluation des risques: Analyser de volumineux jeux de données pour déterminer les tendances et recommander des mesures et, dans certains cas, déclencher la prise de mesures précises. "
123,17,0.9.1,aboutSystem1,item4,3,0,"Content generation: Analyzing large data sets to categorize, process, triage, personalize, and serve specific content for specific contexts","Génération de contenu: Analyser de vastes jeux de données pour créer des catégories, traiter, trier, personnaliser et servir un contenu spécifique destiné à des contextes particuliers."
124,17,0.9.1,aboutSystem1,item5,4,0,"Process optimization and workflow automation: Analyzing large data sets to identify and anomalies, cluster patterns, predict outcomes or ways to optimize; and automate specific workflows","Optimisation des processus et automatisation des flux de travail: Analyser de vastes jeux de données pour déterminer et corriger les anomalies, les modèles de grappes, prévoir les résultats ou les façons d'optimiser; et d'automatiser des flux de travail spécifique."
125,17,0.9.1,aboutSystem1,item6,5,0,Other (please specify),Autre (veuillez préciser)
126,19,0.9.1,aboutAlgorithm1,item1-3,0,3,Yes,Oui
127,19,0.9.1,aboutAlgorithm1,item2-0,1,0,No,Non
128,20,0.9.1,aboutAlgorithm2,item1-3,0,3,Yes,Oui
129,20,0.9.1,aboutAlgorithm2,item2-0,1,0,No,Non
130,21,0.9.1,decisionSector1,item1-1,0,1,Health related services,Services liés à la santé
131,21,0.9.1,decisionSector1,item2-1,1,1,"Economic interests (grants and contributions, tax benefits, debt collection)","Intérêts économiques (subventions et contributions, avantages fiscaux, recouvrement de dettes)"
132,21,0.9.1,decisionSector1,item3-1,2,1,"Social assistance (ei, disability claims, etc)","Aide sociales (assurance-emploi, demandes de prestations d'invalidité, etc.)"
133,21,0.9.1,decisionSector1,item4-1,3,1,"Access and mobility (security clearances, border crossings)","Accès et mobilité (habitations de sécurité, passages frontaliers)"
134,21,0.9.1,decisionSector1,item5-1,4,1,Licensing and issuance of permits,Accréditation et délivrance de permis
135,21,0.9.1,decisionSector1,item6-1,5,1,Other (please specify),Autre (veuillez préciser)
136,23,0.9.1,impact1,item1-1,0,1,Yes,Oui
137,23,0.9.1,impact1,item2-0,1,0,No,Non
138,24,0.9.1,impact2,item1-3,0,3,Yes,Oui
139,24,0.9.1,impact2,item2-0,1,0,No,Non
140,25,0.9.1,impact3,item1-4,0,4,Yes,Oui
141,25,0.9.1,impact3,item2-0,1,0,No,Non
142,27,0.9.1,impact5,item1-4,0,4,Yes,Oui
143,27,0.9.1,impact5,item2-0,1,0,No,Non
144,28,0.9.1,impact6,item1-1,0,1,Reversible,Réversible
145,28,0.9.1,impact6,item2-2,1,2,Likely reversible,Probablement réversible
146,28,0.9.1,impact6,item3-3,2,3,Difficult to reverse,Difficile à inverser
147,28,0.9.1,impact6,item4-4,3,4,Irreversible,Irréversible
148,29,0.9.1,impact7,item1-1,0,1,Impacts are most likely to be brief,Les incidences risquent fort probablement d’être brèves
149,29,0.9.1,impact7,item2-2,1,2,"Some impacts may last a matter of months, but some lingering impacts may last longer",Certaines incidences peuvent durer quelques mois ou plus longtemps.
150,29,0.9.1,impact7,item3-3,2,3,Impacts can last years,Les incidences peuvent durer des années.
151,29,0.9.1,impact7,item4-4,3,4,Most impacts are perpetual,La plupart des incidences sont sans limite dans le temps.
152,31,0.9.1,impact9,item1-1,0,1,Little to no impact,Incidence faible ou nulle
153,31,0.9.1,impact9,item2-2,1,2,Moderate impact,Incidence modérée
154,31,0.9.1,impact9,item3-3,2,3,High impact,Incidence élevée
155,31,0.9.1,impact9,item4-4,3,4,Very high impact,Incidence très élevée
156,33,0.9.1,impact11,item1-1,0,1,Little to no impact,Incidence faible ou nulle
157,33,0.9.1,impact11,item2-2,1,2,Moderate impact,Incidence modérée
158,33,0.9.1,impact11,item3-3,2,3,High impact,Incidence élevée
159,33,0.9.1,impact11,item4-4,3,4,Very high impact,Incidence très élevée
160,35,0.9.1,impact13,item1-1,0,1,Little to no impact,Incidence faible ou nulle
161,35,0.9.1,impact13,item2-2,1,2,Moderate impact,Incidence modérée
162,35,0.9.1,impact13,item3-3,2,3,High impact,Incidence élevée
163,35,0.9.1,impact13,item4-4,3,4,Very high impact,Incidence très élevée
164,37,0.9.1,impact15,item1-1,0,1,Little to no impact,Incidence faible ou nulle
165,37,0.9.1,impact15,item2-2,1,2,Moderate impact,Incidence modérée
166,37,0.9.1,impact15,item3-3,2,3,High impact,Incidence élevée
167,37,0.9.1,impact15,item4-4,3,4,Very high impact,Incidence très élevée
168,39,0.9.1,aboutDataSource1,item1-4,0,4,Yes,Oui
169,39,0.9.1,aboutDataSource1,item2-0,1,0,No,Non
170,40,0.9.1,aboutDataSource9,item1-0,0,0,Yes,Oui
171,40,0.9.1,aboutDataSource9,item2-4,1,4,No,Non
172,41,0.9.1,aboutDataSource10,item1-2,0,2,Yes,Oui
173,41,0.9.1,aboutDataSource10,item2-0,1,0,No,Non
174,42,0.9.1,aboutDataSource11,item1-0,0,0,Yes,Oui
175,42,0.9.1,aboutDataSource11,item2-1,1,1,No,Non
176,43,0.9.1,aboutDataSource2,item1-0,0,0,None,Aucun
177,43,0.9.1,aboutDataSource2,item2-1,1,1,Protected A,Protégé A
178,43,0.9.1,aboutDataSource2,item3-2,2,2,Classified / Confidential,Classifié/confidentiel
179,43,0.9.1,aboutDataSource2,item4-3,3,3,Protected B / Protected C,Protégé B/Protégé C
180,43,0.9.1,aboutDataSource2,item5-4,4,4,Secret / Top Secret,Secret/Très Secret
181,44,0.9.1,aboutDataSource3,item1-0,0,0,Open Data Source,Source de données ouvertes
182,44,0.9.1,aboutDataSource3,item2-1,1,1,Federal government,Gouvernement fédéral
183,44,0.9.1,aboutDataSource3,item3-2,2,2,Other Canadian Government (prov/municipal),Autre gouvernement canadien (provincial/municipal)
184,44,0.9.1,aboutDataSource3,item4-3,3,3,Private Sector / NGO,Secteur privé / ONG
185,45,0.9.1,aboutDataSource4,item1-4,0,4,Yes,Oui
186,45,0.9.1,aboutDataSource4,item2-0,1,0,No,Non
187,46,0.9.1,aboutDataSource5,item1-4,0,4,Yes,Oui
188,46,0.9.1,aboutDataSource5,item2-0,1,0,No,Non
189,47,0.9.1,aboutDataSource6,item1-4,0,4,Yes,Oui
190,47,0.9.1,aboutDataSource6,item2-0,1,0,No,Non
191,48,0.9.1,aboutDataSource7,item1-1,0,1,Your institution,Votre institution
192,48,0.9.1,aboutDataSource7,item2-2,1,2,Another federal institution,Une autre institution fédérale
193,48,0.9.1,aboutDataSource7,item3-3,2,3,Another level of government,Autre niveau de gouvernement
194,48,0.9.1,aboutDataSource7,item4-4,3,4,A foreign government or non-government third party,Un gouvernement étranger ou un tiers non gouvernemental
195,49,0.9.1,aboutDataSource8,item1-1,0,1,Your institution,Votre institution
196,49,0.9.1,aboutDataSource8,item2-2,1,2,Another federal institution,Une autre institution fédérale
197,49,0.9.1,aboutDataSource8,item3-3,2,3,Another level of government,Autre niveau de gouvernement
198,49,0.9.1,aboutDataSource8,item4-4,3,4,A foreign government or non-government third party,Un gouvernement étranger ou un tiers non gouvernemental
199,50,0.9.1,aboutDataType1,item1,0,0,Yes,Oui
200,50,0.9.1,aboutDataType1,item2,1,0,No,Non
201,51,0.9.1,aboutDataType2,item1-2,0,2,Audio and text files,Fichiers audio et textuels
202,51,0.9.1,aboutDataType2,item2-4,1,4,Images and videos,Images et vidéos
203,52,0.9.1,consultationDesign1,item1-1,0,1,Yes,Oui
204,52,0.9.1,consultationDesign1,item2-0,1,0,No,Non
205,53,0.9.1,consultationDesign2,item2,0,0,Strategic Policy and Planning,Politique et planification stratégique
206,53,0.9.1,consultationDesign2,item3,1,0,Data Governance,Gouvernance des données
207,53,0.9.1,consultationDesign2,item4,2,0,Program Policy,Politique du programme
208,53,0.9.1,consultationDesign2,item5,3,0,Legal Services,Services légaux
209,53,0.9.1,consultationDesign2,item6,4,0,Access to Information and Privacy Office,Bureau de l'accès à l'information et de la protection des renseignements personnels
210,53,0.9.1,consultationDesign2,item7,5,0,Communications,
211,53,0.9.1,consultationDesign2,item8,6,0,Client Experience / Client Relationship Management,Expérience client / Gestion de la relation client
212,53,0.9.1,consultationDesign2,item9,7,0,Other (describe),Autre (décrire)
213,55,0.9.1,consultationDesign3,item1-1,0,1,Yes,Oui
214,55,0.9.1,consultationDesign3,item2-0,1,0,No,Non
215,56,0.9.1,consultationDesign4,item2,0,0,Civil Society,Société civile
216,56,0.9.1,consultationDesign4,item7,1,0,Academia,Milieu universitaire
217,56,0.9.1,consultationDesign4,item8,2,0,Industry,Industrie
218,56,0.9.1,consultationDesign4,item10,3,0,Office of the Privacy Commissioner,Commissariat à la protection de la vie privée
219,56,0.9.1,consultationDesign4,item9,4,0,Other (describe),Autre (décrire)
220,58,0.9.1,consultationImplementation1,item1-1,0,1,Yes,Oui
221,58,0.9.1,consultationImplementation1,item2-0,1,0,No,Non
222,59,0.9.1,consultationImplementation2,item2,0,0,Strategic Policy and Planning,Politique et planification stratégiques
223,59,0.9.1,consultationImplementation2,item3,1,0,Data Governance,Gouvernance des données
224,59,0.9.1,consultationImplementation2,item4,2,0,Program Policy,Politique du programme
225,59,0.9.1,consultationImplementation2,item5,3,0,Legal Services,Services légaux
226,59,0.9.1,consultationImplementation2,item6,4,0,Access to Information and Privacy Office,Bureau de l'accès à l'information et de la protection des renseignements personnels
227,59,0.9.1,consultationImplementation2,item7,5,0,Communications,
228,59,0.9.1,consultationImplementation2,item8,6,0,Client Experience / Client Relationship Management,Expérience client / Gestion de la relation client
229,59,0.9.1,consultationImplementation2,item9,7,0,Other (describe),Autre (décrire)
230,61,0.9.1,consultationImplementation3,item1-1,0,1,Yes,Oui
231,61,0.9.1,consultationImplementation3,item2-0,1,0,No,Non
232,62,0.9.1,consultationImplementation4,item2,0,0,Civil Society,Société civile
233,62,0.9.1,consultationImplementation4,item7,1,0,Academia,Milieu universitaire
234,62,0.9.1,consultationImplementation4,item8,2,0,Industry,Industrie
235,62,0.9.1,consultationImplementation4,item10,3,0,Office of the Privacy Commissioner,Commissariat à la protection de la vie privée
236,62,0.9.1,consultationImplementation4,item9,4,0,Other (describe),Autre (décrire)
237,64,0.9.1,dataQualityDesign1,item1-2,0,2,Yes,Oui
238,64,0.9.1,dataQualityDesign1,item2-0,1,0,No,Non
239,65,0.9.1,dataQualityDesign2,item1-1,0,1,Yes,Oui
240,65,0.9.1,dataQualityDesign2,item2-0,1,0,No,Non
241,66,0.9.1,dataQualityDesign3,item1-1,0,1,Yes,Oui
242,66,0.9.1,dataQualityDesign3,item2-0,1,0,No,Non
243,67,0.9.1,dataQualityDesign4,item1-1,0,1,Yes,Oui
244,67,0.9.1,dataQualityDesign4,item2-0,1,0,No,Non
245,68,0.9.1,dataQualityDesign5,item1-1,0,1,Yes,Oui
246,68,0.9.1,dataQualityDesign5,item2-0,1,0,No,Non
247,69,0.9.1,dataQualityDesign6,item1-1,0,1,Yes,Oui
248,69,0.9.1,dataQualityDesign6,item2-0,1,0,No,Non
249,70,0.9.1,dataQualityDesign7,item1-2,0,2,Yes,Oui
250,70,0.9.1,dataQualityDesign7,item2-0,1,0,No,Non
251,71,0.9.1,dataQualityDesign8,item1-2,0,2,Yes,Oui
252,71,0.9.1,dataQualityDesign8,item2-0,1,0,No,Non
253,72,0.9.1,dataQualityDesign9,item1-1,0,1,Yes,Oui
254,72,0.9.1,dataQualityDesign9,item2-0,1,0,No,Non
255,73,0.9.1,dataQualityDesign10,item1-2,0,2,Yes,Oui
256,73,0.9.1,dataQualityDesign10,item2-0,1,0,No,Non
257,74,0.9.1,dataQualityImplementation1,item1-2,0,2,Yes,Oui
258,74,0.9.1,dataQualityImplementation1,item2-0,1,0,No,Non
259,75,0.9.1,dataQualityImplementation2,item1-1,0,1,Yes,Oui
260,75,0.9.1,dataQualityImplementation2,item2-0,1,0,No,Non
261,76,0.9.1,dataQualityImplementation3,item1-1,0,1,Yes,Oui
262,76,0.9.1,dataQualityImplementation3,item2-0,1,0,No,Non
263,77,0.9.1,dataQualityImplementation4,item1-1,0,1,Yes,Oui
264,77,0.9.1,dataQualityImplementation4,item2-0,1,0,No,Non
265,78,0.9.1,dataQualityImplementation5,item1-1,0,1,Yes,Oui
266,78,0.9.1,dataQualityImplementation5,item2-0,1,0,No,Non
267,79,0.9.1,dataQualityImplementation6,item1-1,0,1,Yes,Oui
268,79,0.9.1,dataQualityImplementation6,item2-0,1,0,No,Non
269,80,0.9.1,dataQualityImplementation7,item1-2,0,2,Yes,Oui
270,80,0.9.1,dataQualityImplementation7,item2-0,1,0,No,Non
271,81,0.9.1,dataQualityImplementation8,item1-2,0,2,Yes,Oui
272,81,0.9.1,dataQualityImplementation8,item2-0,1,0,No,Non
273,82,0.9.1,dataQualityImplementation9,item1-1,0,1,Yes,Oui
274,82,0.9.1,dataQualityImplementation9,item2-0,1,0,No,Non
275,83,0.9.1,dataQualityImplementation10,item1-2,0,2,Yes,Oui
276,83,0.9.1,dataQualityImplementation10,item2-0,1,0,No,Non
277,84,0.9.1,fairnessDesign1,item1-1,0,1,Yes,Oui
278,84,0.9.1,fairnessDesign1,item2-0,1,0,No,Non
279,85,0.9.1,fairnessDesign2,item1-2,0,2,Yes,Oui
280,85,0.9.1,fairnessDesign2,item2-0,1,0,No,Non
281,86,0.9.1,fairnessDesign3,item1-2,0,2,Yes,Oui
282,86,0.9.1,fairnessDesign3,item2-0,1,0,No,Non
283,87,0.9.1,fairnessDesign4,item1-1,0,1,Yes,Oui
284,87,0.9.1,fairnessDesign4,item2-0,1,0,No,Non
285,88,0.9.1,fairnessDesign5,item1-2,0,2,Yes,Oui
286,88,0.9.1,fairnessDesign5,item2-0,1,0,No,Non
287,89,0.9.1,fairnessDesign6,item1-1,0,1,Yes,Oui
288,89,0.9.1,fairnessDesign6,item2-0,1,0,No,Non
289,90,0.9.1,fairnessDesign7,item1-1,0,1,Yes,Oui
290,90,0.9.1,fairnessDesign7,item2-0,1,0,No,Non
291,91,0.9.1,fairnessDesign8,item1-2,0,2,Yes,Oui
292,91,0.9.1,fairnessDesign8,item2-0,1,0,No,Non
293,92,0.9.1,fairnessDesign9,item1-1,0,1,Yes,Oui
294,92,0.9.1,fairnessDesign9,item2-0,1,0,No,Non
295,93,0.9.1,fairnessDesign10,item1-2,0,2,Yes,Oui
296,93,0.9.1,fairnessDesign10,item2-0,1,0,No,Non
297,94,0.9.1,fairnessDesign11,item1-1,0,1,Yes,Oui
298,94,0.9.1,fairnessDesign11,item2-0,1,0,No,Non
299,95,0.9.1,fairnessDesign12,item1-1,0,1,Yes,Oui
300,95,0.9.1,fairnessDesign12,item2-0,1,0,No,Non
301,96,0.9.1,fairnessDesign13,item1-2,0,2,Yes,Oui
302,96,0.9.1,fairnessDesign13,item2-0,1,0,No,Non
303,97,0.9.1,fairnessDesign14,item1-2,0,2,Yes,Oui
304,97,0.9.1,fairnessDesign14,item2-0,1,0,No,Non
305,98,0.9.1,fairnessDesign15,item1-1,0,1,Yes,Oui
306,98,0.9.1,fairnessDesign15,item2-0,1,0,No,Non
307,99,0.9.1,fairnessDesign16,item1-2,0,2,Yes,Oui
308,99,0.9.1,fairnessDesign16,item2-0,1,0,No,Non
309,100,0.9.1,fairnessDesign17,item1-1,0,1,Yes,Oui
310,100,0.9.1,fairnessDesign17,item2-0,1,0,No,Non
311,101,0.9.1,fairnessImplementation1,item1-1,0,1,Yes,Oui
312,101,0.9.1,fairnessImplementation1,item2-0,1,0,No,Non
313,102,0.9.1,fairnessImplementation2,item1-2,0,2,Yes,Oui
314,102,0.9.1,fairnessImplementation2,item2-0,1,0,No,Non
315,103,0.9.1,fairnessImplementation3,item1-2,0,2,Yes,Oui
316,103,0.9.1,fairnessImplementation3,item2-0,1,0,No,Non
317,104,0.9.1,fairnessImplementation4,item1-1,0,1,Yes,Oui
318,104,0.9.1,fairnessImplementation4,item2-0,1,0,No,Non
319,105,0.9.1,fairnessImplementation5,item1-2,0,2,Yes,Oui
320,105,0.9.1,fairnessImplementation5,item2-0,1,0,No,Non
321,106,0.9.1,fairnessImplementation6,item1-1,0,1,Yes,Oui
322,106,0.9.1,fairnessImplementation6,item2-0,1,0,No,Non
323,107,0.9.1,fairnessImplementation7,item1-1,0,1,Yes,Oui
324,107,0.9.1,fairnessImplementation7,item2-0,1,0,No,Non
325,108,0.9.1,fairnessImplementation8,item1-2,0,2,Yes,Oui
326,108,0.9.1,fairnessImplementation8,item2-0,1,0,No,Non
327,109,0.9.1,fairnessImplementation9,item1-1,0,1,Yes,Oui
328,109,0.9.1,fairnessImplementation9,item2-0,1,0,No,Non
329,110,0.9.1,fairnessImplementation10,item1-2,0,2,Yes,Oui
330,110,0.9.1,fairnessImplementation10,item2-0,1,0,No,Non
331,111,0.9.1,fairnessImplementation11,item1-1,0,1,Yes,Oui
332,111,0.9.1,fairnessImplementation11,item2-0,1,0,No,Non
333,112,0.9.1,fairnessImplementation12,item1-1,0,1,Yes,Oui
334,112,0.9.1,fairnessImplementation12,item2-0,1,0,No,Non
335,113,0.9.1,fairnessImplementation13,item1-2,0,2,Yes,Oui
336,113,0.9.1,fairnessImplementation13,item2-0,1,0,No,Non
337,114,0.9.1,fairnessImplementation14,item1-2,0,2,Yes,Oui
338,114,0.9.1,fairnessImplementation14,item2-0,1,0,No,Non
339,115,0.9.1,fairnessImplementation15,item1-1,0,1,Yes,Oui
340,115,0.9.1,fairnessImplementation15,item2-0,1,0,No,Non
341,116,0.9.1,fairnessImplementation16,item1-2,0,2,Yes,Oui
342,116,0.9.1,fairnessImplementation16,item2-0,1,0,No,Non
343,117,0.9.1,fairnessImplementation17,item1-1,0,1,Yes,Oui
344,117,0.9.1,fairnessImplementation17,item2-0,1,0,No,Non
345,118,0.9.1,privacyDesign1,item1-1,0,1,Yes,Oui
346,118,0.9.1,privacyDesign1,item2-0,1,0,No,Non
347,119,0.9.1,privacyDesign2,item1-1,0,1,Yes,Oui
348,119,0.9.1,privacyDesign2,item2-0,1,0,No,Non
349,120,0.9.1,privacyDesign3,item1-1,0,1,Yes,Oui
350,120,0.9.1,privacyDesign3,item2-0,1,0,No,Non
351,121,0.9.1,privacyDesign4,item1-1,0,1,Yes,Oui
352,121,0.9.1,privacyDesign4,item2-0,1,0,No,Non
353,122,0.9.1,privacyImplementation1,item1-1,0,1,Yes,Oui
354,122,0.9.1,privacyImplementation1,item2-0,1,0,No,Non
355,123,0.9.1,privacyImplementation2,item1-1,0,1,Yes,Oui
356,123,0.9.1,privacyImplementation2,item2-0,1,0,No,Non
357,124,0.9.1,privacyImplementation3,item1-1,0,1,Yes,Oui
358,124,0.9.1,privacyImplementation3,item2-0,1,0,No,Non
359,125,0.9.1,privacyImplementation4,item1-1,0,1,Yes,Oui
360,125,0.9.1,privacyImplementation4,item2-0,1,0,No,Non
1,3,0.9,projectDetailsDepartment-NS,001,0,0,Agriculture and Agri-Food (Department of),Agriculture et de l'Agroalimentaire (Ministère de l')
2,3,0.9,projectDetailsDepartment-NS,002,1,0,Office of the Auditor General,Bureau du vérificateur général
3,3,0.9,projectDetailsDepartment-NS,004,2,0,Public Service Commission,Commission de la fonction publique
4,3,0.9,projectDetailsDepartment-NS,005,3,0,"Foreign Affairs, Trade and Development (Department of)","Affaires étrangères, du Commerce et du Développement (Ministère des)"
5,3,0.9,projectDetailsDepartment-NS,006,4,0,Finance (Department of),Finances (Ministère des)
6,3,0.9,projectDetailsDepartment-NS,007,5,0,Environment (Department of the),Environnement (Ministère de l')
7,3,0.9,projectDetailsDepartment-NS,008,6,0,Office of the Governor General's Secretary,Bureau du secrétaire du gouverneur général
8,3,0.9,projectDetailsDepartment-NS,009,7,0,Senate,Sénat
9,3,0.9,projectDetailsDepartment-NS,011,8,0,Office of the Superintendent of Financial Institutions,Bureau du surintendant des institutions financières
10,3,0.9,projectDetailsDepartment-NS,012,9,0,Economic Development Agency of Canada for the Regions of Quebec,Agence de développement économique du Canada pour les régions du Québec
11,3,0.9,projectDetailsDepartment-NS,013,10,0,Justice (Department of),Justice (Ministère de la)
12,3,0.9,projectDetailsDepartment-NS,014,11,0,Employment and Social Development (Department of),Emploi et du Développement social (Ministère de l')
13,3,0.9,projectDetailsDepartment-NS,015,12,0,Office of the Chief Electoral Officer,Bureau du directeur général des élections
14,3,0.9,projectDetailsDepartment-NS,016,13,0,Canadian Radio-television and Telecommunications Commission,Conseil de la radiodiffusion et des télécommunications canadiennes
15,3,0.9,projectDetailsDepartment-NS,017,14,0,Library of Parliament,Bibliothèque du Parlement
16,3,0.9,projectDetailsDepartment-NS,018,15,0,National Defence (Department of),Défense nationale (Ministère de la)
17,3,0.9,projectDetailsDepartment-NS,019,16,0,Office of the Director of Public Prosecutions,Bureau du directeur des poursuites pénales
18,3,0.9,projectDetailsDepartment-NS,021,17,0,Veterans Affairs (Department of),Anciens Combattants (Ministère des)
19,3,0.9,projectDetailsDepartment-NS,022,18,0,Health (Department of),Santé (Ministère de la)
20,3,0.9,projectDetailsDepartment-NS,023,19,0,Atlantic Canada Opportunities Agency,Agence de promotion économique du Canada atlantique
21,3,0.9,projectDetailsDepartment-NS,024,20,0,International Joint Commission (Canadian Section),Commission mixte internationale (section canadienne)
22,3,0.9,projectDetailsDepartment-NS,025,21,0,Privy Council Office,Bureau du Conseil privé
23,3,0.9,projectDetailsDepartment-NS,027,22,0,Natural Sciences and Engineering Research Council,Conseil de recherches en sciences naturelles et en génie
24,3,0.9,projectDetailsDepartment-NS,030,23,0,Royal Canadian Mounted Police,Gendarmerie royale du Canada
25,3,0.9,projectDetailsDepartment-NS,032,24,0,Immigration and Refugee Board,Commission de l'immigration et du statut de réfugié
26,3,0.9,projectDetailsDepartment-NS,033,25,0,Industry (Department of),Industrie (Ministère de l')
27,3,0.9,projectDetailsDepartment-NS,034,26,0,Transport (Department of),Transports (Ministère des)
28,3,0.9,projectDetailsDepartment-NS,035,27,0,National Research Council of Canada,Conseil national de recherches du Canada
29,3,0.9,projectDetailsDepartment-NS,037,28,0,Telefilm Canada,Téléfilm Canada
30,3,0.9,projectDetailsDepartment-NS,038,29,0,Canada Border Services Agency - (Administered Activities),Agence des services frontaliers du Canada - (activités administrées)
31,3,0.9,projectDetailsDepartment-NS,039,30,0,National Film Board,Office national du film
32,3,0.9,projectDetailsDepartment-NS,040,31,0,Canadian Transportation Agency,Office des transports du Canada
33,3,0.9,projectDetailsDepartment-NS,041,32,0,Natural Resources (Department of),Ressources naturelles (Ministère des)
34,3,0.9,projectDetailsDepartment-NS,042,33,0,Indian Affairs and Northern Development (Department of),Affaires indiennes et du Nord canadien (Ministère des)
35,3,0.9,projectDetailsDepartment-NS,043,34,0,Canadian Intergovernmental Conference Secretariat,Secrétariat des conférences intergouvernementales canadiennes
36,3,0.9,projectDetailsDepartment-NS,044,35,0,Western Economic Diversification (Department of),Diversification de l'économie de l'Ouest canadien (Ministère de la)
37,3,0.9,projectDetailsDepartment-NS,046,36,0,Office of the Public Sector Integrity Commissioner,Commissariat à l'intégrité du secteur public
38,3,0.9,projectDetailsDepartment-NS,047,37,0,Canadian Nuclear Safety Commission,Commission canadienne de sûreté nucléaire
39,3,0.9,projectDetailsDepartment-NS,050,38,0,Citizenship and Immigration (Department of),Citoyenneté et de l'Immigration (Ministère de la)
40,3,0.9,projectDetailsDepartment-NS,051,39,0,Office of the Commissioner for Federal Judicial Affairs,Bureau du commissaire à la magistrature fédérale
41,3,0.9,projectDetailsDepartment-NS,052,40,0,Canada School of Public Service,École de la fonction publique du Canada
42,3,0.9,projectDetailsDepartment-NS,053,41,0,Correctional Service of Canada,Service correctionnel du Canada
43,3,0.9,projectDetailsDepartment-NS,054,42,0,Statistics Canada,Statistique Canada
44,3,0.9,projectDetailsDepartment-NS,055,43,0,Office of the Communications Security Establishment Commissioner,Bureau du commissaire du Centre de la sécurité des télécommunications
45,3,0.9,projectDetailsDepartment-NS,056,44,0,Treasury Board Secretariat,Secrétariat du Conseil du Trésor
46,3,0.9,projectDetailsDepartment-NS,057,45,0,Parole Board of Canada,Commission des libérations conditionnelles du Canada
47,3,0.9,projectDetailsDepartment-NS,061,46,0,Canadian Institutes of Health Research,Instituts de recherche en santé du Canada
48,3,0.9,projectDetailsDepartment-NS,062,47,0,Federal Economic Development Agency for Southern Ontario,Agence fédérale de développement économique pour le Sud de l'Ontario
49,3,0.9,projectDetailsDepartment-NS,063,48,0,Social Sciences and Humanities Research Council,Conseil de recherches en sciences humaines
50,3,0.9,projectDetailsDepartment-NS,066,49,0,Northern Pipeline Agency,Administration du pipe-line du Nord
51,3,0.9,projectDetailsDepartment-NS,067,50,0,House of Commons,Chambre des communes
52,3,0.9,projectDetailsDepartment-NS,074,51,0,National Energy Board,Office national de l'énergie
53,3,0.9,projectDetailsDepartment-NS,075,52,0,Canadian Human Rights Commission,Commission canadienne des droits de la personne
54,3,0.9,projectDetailsDepartment-NS,076,53,0,Office of the Commissioner of Official Languages,Commissariat aux langues officielles
55,3,0.9,projectDetailsDepartment-NS,078,54,0,Canadian Northern Economic Development Agency,Agence canadienne de développement économique du Nord
56,3,0.9,projectDetailsDepartment-NS,079,55,0,Payroll System General Ledger,Grand livre général du système de la paye
57,3,0.9,projectDetailsDepartment-NS,080,56,0,Registrar of the Supreme Court of Canada,Registraire de la Cour suprême du Canada
58,3,0.9,projectDetailsDepartment-NS,083,57,0,"Office of the Co-ordinator, Status of Women",Bureau de la coordonnatrice de la situation de la femme
59,3,0.9,projectDetailsDepartment-NS,085,58,0,Canada Border Services Agency,Agence des services frontaliers du Canada
60,3,0.9,projectDetailsDepartment-NS,086,59,0,Fisheries and Oceans (Department of),Pêches et des Océans (Ministère des)
61,3,0.9,projectDetailsDepartment-NS,087,60,0,Public Service Superannuation,Pension de retraite de la fonction publique
62,3,0.9,projectDetailsDepartment-NS,088,61,0,Public Safety and Emergency Preparedness (Department of),Sécurité publique et de la Protection civile (Ministère de la)
63,3,0.9,projectDetailsDepartment-NS,091,62,0,Canada Mortgage and Housing Corporation (Crown Corporation),Société canadienne d'hypothèques et de logement (Société d'État)
64,3,0.9,projectDetailsDepartment-NS,095,63,0,Canadian Security Intelligence Service,Service canadien du renseignement de sécurité
65,3,0.9,projectDetailsDepartment-NS,096,64,0,Offices of the Information and Privacy Commissioners of Canada,Commissariats à l'information et à la protection de la vie privée au Canada
66,3,0.9,projectDetailsDepartment-NS,097,65,0,Receiver General,Receveur général
67,3,0.9,projectDetailsDepartment-NS,100,66,0,Canadian Centre for Occupational Health and Safety,Centre canadien d'hygiène et de sécurité au travail
68,3,0.9,projectDetailsDepartment-NS,101,67,0,Canadian Transportation Accident Investigation and Safety Board,Bureau canadien d'enquête sur les accidents de transport et de la sécurité des transports
69,3,0.9,projectDetailsDepartment-NS,102,68,0,The National Battlefields Commission,Commission des champs de bataille nationaux
70,3,0.9,projectDetailsDepartment-NS,103,69,0,Security Intelligence Review Committee,Comité de surveillance des activités de renseignement de sécurité
71,3,0.9,projectDetailsDepartment-NS,109,70,0,Patented Medicine Prices Review Board,Conseil d'examen du prix des médicaments brevetés
72,3,0.9,projectDetailsDepartment-NS,116,71,0,Copyright Board,Commission du droit d'auteur
73,3,0.9,projectDetailsDepartment-NS,119,72,0,Canadian Space Agency,Agence spatiale canadienne
74,3,0.9,projectDetailsDepartment-NS,122,73,0,Canada Revenue Agency - (Administered Activities),Agence du revenu du Canada - (activités administrées)
75,3,0.9,projectDetailsDepartment-NS,123,74,0,Export Development Canada (Crown Corporation),Exportation et développement Canada (Société d'État)
76,3,0.9,projectDetailsDepartment-NS,124,75,0,Parks Canada Agency,Agence Parcs Canada
77,3,0.9,projectDetailsDepartment-NS,127,76,0,Public Works and Government Services (Department of),Travaux publics et des Services gouvernementaux (Ministère des)
78,3,0.9,projectDetailsDepartment-NS,130,77,0,Canada Revenue Agency,Agence du revenu du Canada
79,3,0.9,projectDetailsDepartment-NS,133,78,0,Canadian Grain Commission,Commission canadienne des grains
80,3,0.9,projectDetailsDepartment-NS,134,79,0,Canadian Dairy Commission,Commission canadienne du lait
81,3,0.9,projectDetailsDepartment-NS,135,80,0,Canadian Heritage (Department of),Patrimoine canadien (Ministère du)
82,3,0.9,projectDetailsDepartment-NS,136,81,0,Canadian Food Inspection Agency,Agence canadienne d'inspection des aliments
83,3,0.9,projectDetailsDepartment-NS,137,82,0,Military Police Complaints Commission,Commission d'examen des plaintes concernant la police militaire
84,3,0.9,projectDetailsDepartment-NS,138,83,0,Military Grievances External Review Committee,Comité externe d'examen des griefs militaires
85,3,0.9,projectDetailsDepartment-NS,139,84,0,Financial Transactions and Reports Analysis Centre of Canada,Centre d'analyse des opérations et déclarations financières du Canada
86,3,0.9,projectDetailsDepartment-NS,141,85,0,Financial Consumer Agency of Canada,Agence de la consommation en matière financière du Canada
87,3,0.9,projectDetailsDepartment-NS,142,86,0,Office of Infrastructure of Canada,Bureau de l'infrastructure du Canada
88,3,0.9,projectDetailsDepartment-NS,144,87,0,Courts Administration Service,Service administratif des tribunaux judiciaires
89,3,0.9,projectDetailsDepartment-NS,145,88,0,Library and Archives of Canada,Bibliothèque et Archives du Canada
90,3,0.9,projectDetailsDepartment-NS,147,89,0,Office of the Conflict of Interest and Ethics Commissioner,Commissariat aux conflits d'intérêts et à l'éthique
91,3,0.9,projectDetailsDepartment-NS,148,90,0,Public Health Agency of Canada,Agence de la santé publique du Canada
92,3,0.9,projectDetailsDepartment-NS,151,91,0,Office of the Senate Ethics Officer,Bureau du conseiller sénatorial en éthique
93,3,0.9,projectDetailsDepartment-NS,154,92,0,Office of the Commissioner of Lobbying,Commissariat au lobbying
94,3,0.9,projectDetailsDepartment-NS,163,93,0,Shared Services Canada,Services partagés Canada
95,3,0.9,projectDetailsDepartment-NS,165,94,0,Communications Security Establishment,Centre de la sécurité des télécommunications
96,3,0.9,projectDetailsDepartment-NS,170,95,0,Administrative Tribunals Support Service of Canada,Service canadien d'appui aux tribunaux administratifs
97,3,0.9,projectDetailsDepartment-NS,171,96,0,Canadian High Arctic Research Station,Station canadienne de recherche dans l'Extrême-Arctique
98,3,0.9,projectDetailsDepartment-NS,176,97,0,Parliamentary Protective Service,Service de protection parlementaire
99,3,0.9,projectDetailsDepartment-NS,180,98,0,Invest in Canada Hub,Investir au Canada
100,3,0.9,projectDetailsDepartment-NS,183,99,0,Office of the Parliamentary Budget Officer,Bureau du directeur parlementaire du budget
101,3,0.9,projectDetailsDepartment-NS,192,100,0,Secretariat of the National Security and Intelligence Committee of Parliamentarians,Secrétariat du Comité des parlementaires sur la sécurité nationale et le renseignement
102,8,0.9,projectDetailsPhase,item1,0,0,Design,Conception
103,8,0.9,projectDetailsPhase,item2,1,0,Implementation,Implémentation
104,10,0.9,businessDrivers1,item1,0,0,Existing backlog of work or cases,Arriéré de travail ou de cas existant
105,10,0.9,businessDrivers1,item2,1,0,Improve overall quality of decisions,Amélioration de la qualité générale des décisions
106,10,0.9,businessDrivers1,item3,2,0,Lower transaction costs of an existing program,Réduction des coûts de transaction d'un programme existant
107,10,0.9,businessDrivers1,item4,3,0,The system is performing tasks that humans could not accomplish in a reasonable period of time,Le système exécute des taĉhes que les humans ne sont pas en mesure d'accomplir dans un délai raisonnable
108,10,0.9,businessDrivers1,item5,4,0,Use innovative approaches,Utilisation d'approches novatrices
109,10,0.9,businessDrivers1,item6,5,0,Other (please specify),Autre (veuillez préciser)
110,12,0.9,riskProfile1,item1-3,0,3,Yes,Oui
111,12,0.9,riskProfile1,item2-0,1,0,No,Non
112,13,0.9,riskProfile2,item1-3,0,3,Yes,Oui
113,13,0.9,riskProfile2,item2-0,1,0,No,Non
114,14,0.9,riskProfile3,item1-4,0,4,Yes,Oui
115,14,0.9,riskProfile3,item2-0,1,0,No,Non
116,15,0.9,riskProfile4,item1-3,0,3,Yes,Oui
117,15,0.9,riskProfile4,item2-0,1,0,No,Non
118,16,0.9,projectAuthority1,item1-2,0,2,Yes,Oui
119,16,0.9,projectAuthority1,item2-0,1,0,No,Non
120,17,0.9,aboutSystem1,item1,0,0,"Image and object recognition: Analyzing very large data sets to automate the recognition, classification, and context associated with an image or object.","Reconnaissance d'images et d'objets: Analyser de volumineux jeux de donnée pour automatiser la reconnaissance, la classification et le context associés à une image ou à un objet."
121,17,0.9,aboutSystem1,item2,1,0,"Text and speech analysis: Analyzing large data sets to recognize, process, and tag text, speech, voice, and make recommendations based on the tagging","Analyse du texte et de la parole: Analyser de vastes jeux de données pour reconnaître, traiter et étiqueter le texte, la parole, la voix et faire des recommendations en fonction du marquage."
122,17,0.9,aboutSystem1,item3,2,0,Risk assessment: Analyzing very large data sets to identify patterns and recommend courses of action and in some cases trigger specific actions,"Évaluation des risques: Analyser de volumineux jeux de données pour déterminer les tendances et recommander des mesures et, dans certains cas, déclencher la prise de mesures précises. "
123,17,0.9,aboutSystem1,item4,3,0,"Content generation: Analyzing large data sets to categorize, process, triage, personalize, and serve specific content for specific contexts","Génération de contenu: Analyser de vastes jeux de données pour créer des catégories, traiter, trier, personnaliser et servir un contenu spécifique destiné à des contextes particuliers."
124,17,0.9,aboutSystem1,item5,4,0,"Process optimization and workflow automation: Analyzing large data sets to identify and anomalies, cluster patterns, predict outcomes or ways to optimize; and automate specific workflows","Optimisation des processus et automatisation des flux de travail: Analyser de vastes jeux de données pour déterminer et corriger les anomalies, les modèles de grappes, prévoir les résultats ou les façons d'optimiser; et d'automatiser des flux de travail spécifique."
125,17,0.9,aboutSystem1,item6-1,5,1,Other (please specify),Autre (veuillez préciser)
126,19,0.9,aboutAlgorithm1,item1-3,0,3,Yes,Oui
127,19,0.9,aboutAlgorithm1,item2-0,1,0,No,Non
128,20,0.9,aboutAlgorithm2,item1-3,0,3,Yes,Oui
129,20,0.9,aboutAlgorithm2,item2-0,1,0,No,Non
130,21,0.9,decisionSector1,item1-1,0,1,Health related services,Services liés à la santé
131,21,0.9,decisionSector1,item2-1,1,1,"Economic interests (grants and contributions, tax benefits, debt collection)","Intérêts économiques (subventions et contributions, avantages fiscaux, recouvrement de dettes)"
132,21,0.9,decisionSector1,item3-1,2,1,"Social assistance (ei, disability claims, etc)","Aide sociales (assurance-emploi, demandes de prestations d'invalidité, etc.)"
133,21,0.9,decisionSector1,item4-1,3,1,"Access and mobility (security clearances, border crossings)","Accès et mobilité (habitations de sécurité, passages frontaliers)"
134,21,0.9,decisionSector1,item5-1,4,1,Licensing and issuance of permits,Accréditation et délivrance de permis
135,21,0.9,decisionSector1,item6-1,5,1,Other (please specify),Autre (veuillez préciser)
136,23,0.9,impact1,item1-1,0,1,Yes,Oui
137,23,0.9,impact1,item2-0,1,0,No,Non
138,24,0.9,impact2,item1-3,0,3,Yes,Oui
139,24,0.9,impact2,item2-0,1,0,No,Non
140,25,0.9,impact3,item1-4,0,4,Yes,Oui
141,25,0.9,impact3,item2-0,1,0,No,Non
142,27,0.9,impact5,item1-4,0,4,Yes,Oui
143,27,0.9,impact5,item2-0,1,0,No,Non
144,28,0.9,impact6,item1-1,0,1,Reversible,Réversible
145,28,0.9,impact6,item2-2,1,2,Likely reversible,Probablement réversible
146,28,0.9,impact6,item3-3,2,3,Difficult to reverse,Difficile à inverser
147,28,0.9,impact6,item4-4,3,4,Irreversible,Irréversible
148,29,0.9,impact7,item1-1,0,1,Impacts are most likely to be brief,Les incidences risquent fort probablement d’être brèves
149,29,0.9,impact7,item2-2,1,2,"Some impacts may last a matter of months, but some lingering impacts may last longer",Certaines incidences peuvent durer quelques mois ou plus longtemps.
150,29,0.9,impact7,item3-3,2,3,Impacts can last years,Les incidences peuvent durer des années.
151,29,0.9,impact7,item4-4,3,4,Most impacts are perpetual,La plupart des incidences sont sans limite dans le temps.
152,31,0.9,impact9,item1-1,0,1,Little to no impact,Incidence faible ou nulle
153,31,0.9,impact9,item2-2,1,2,Moderate impact,Incidence modérée
154,31,0.9,impact9,item3-3,2,3,High impact,Incidence élevée
155,31,0.9,impact9,item4-4,3,4,Very high impact,Incidence très élevée
156,33,0.9,impact11,item1-1,0,1,Little to no impact,Incidence faible ou nulle
157,33,0.9,impact11,item2-2,1,2,Moderate impact,Incidence modérée
158,33,0.9,impact11,item3-3,2,3,High impact,Incidence élevée
159,33,0.9,impact11,item4-4,3,4,Very high impact,Incidence très élevée
160,35,0.9,impact13,item1-1,0,1,Little to no impact,Incidence faible ou nulle
161,35,0.9,impact13,item2-2,1,2,Moderate impact,Incidence modérée
162,35,0.9,impact13,item3-3,2,3,High impact,Incidence élevée
163,35,0.9,impact13,item4-4,3,4,Very high impact,Incidence très élevée
164,37,0.9,impact15,item1-1,0,1,Little to no impact,Incidence faible ou nulle
165,37,0.9,impact15,item2-2,1,2,Moderate impact,Incidence modérée
166,37,0.9,impact15,item3-3,2,3,High impact,Incidence élevée
167,37,0.9,impact15,item4-4,3,4,Very high impact,Incidence très élevée
168,39,0.9,aboutDataSource1,item1-4,0,4,Yes,Oui
169,39,0.9,aboutDataSource1,item2-0,1,0,No,Non
170,40,0.9,aboutDataSource9,item1-0,0,0,Yes,Oui
171,40,0.9,aboutDataSource9,item2-4,1,4,No,Non
172,41,0.9,aboutDataSource10,item1-2,0,2,Yes,Oui
173,41,0.9,aboutDataSource10,item2-0,1,0,No,Non
174,42,0.9,aboutDataSource11,item1-0,0,0,Yes,Oui
175,42,0.9,aboutDataSource11,item2-1,1,1,No,Non
176,43,0.9,aboutDataSource2,item1-0,0,0,None,Aucun
177,43,0.9,aboutDataSource2,item2-1,1,1,Protected A,Protégé A
178,43,0.9,aboutDataSource2,item3-2,2,2,Classified / Confidential,Classifié/confidentiel
179,43,0.9,aboutDataSource2,item4-3,3,3,Protected B / Protected C,Protégé B/Protégé C
180,43,0.9,aboutDataSource2,item5-4,4,4,Secret / Top Secret,Secret/Très Secret
181,44,0.9,aboutDataSource3,item1-0,0,0,Open Data Source,Source de données ouvertes
182,44,0.9,aboutDataSource3,item2-1,1,1,Federal government,Gouvernement fédéral
183,44,0.9,aboutDataSource3,item3-2,2,2,Other Canadian Government (prov/municipal),Autre gouvernement canadien (provincial/municipal)
184,44,0.9,aboutDataSource3,item4-3,3,3,Private Sector / NGO,Secteur privé / ONG
185,45,0.9,aboutDataSource4,item1-4,0,4,Yes,Oui
186,45,0.9,aboutDataSource4,item2-0,1,0,No,Non
187,46,0.9,aboutDataSource5,item1-4,0,4,Yes,Oui
188,46,0.9,aboutDataSource5,item2-0,1,0,No,Non
189,47,0.9,aboutDataSource6,item1-4,0,4,Yes,Oui
190,47,0.9,aboutDataSource6,item2-0,1,0,No,Non
191,48,0.9,aboutDataSource7,item1-1,0,1,Your institution,Votre institution
192,48,0.9,aboutDataSource7,item2-2,1,2,Another federal institution,Une autre institution fédérale
193,48,0.9,aboutDataSource7,item3-3,2,3,Another level of government,Autre niveau de gouvernement
194,48,0.9,aboutDataSource7,item4-4,3,4,A foreign government or non-government third party,Un gouvernement étranger ou un tiers non gouvernemental
195,49,0.9,aboutDataSource8,item1-1,0,1,Your institution,Votre institution
196,49,0.9,aboutDataSource8,item2-2,1,2,Another federal institution,Une autre institution fédérale
197,49,0.9,aboutDataSource8,item3-3,2,3,Another level of government,Autre niveau de gouvernement
198,49,0.9,aboutDataSource8,item4-4,3,4,A foreign government or non-government third party,Un gouvernement étranger ou un tiers non gouvernemental
199,50,0.9,aboutDataType1,item1,0,0,Yes,Oui
200,50,0.9,aboutDataType1,item2,1,0,No,Non
201,51,0.9,aboutDataType2,item1-2,0,2,Audio and text files,Fichiers audio et textuels
202,51,0.9,aboutDataType2,item2-4,1,4,Images and videos,Images et vidéos
203,52,0.9,consultationDesign1,item1-1,0,1,Yes,Oui
204,52,0.9,consultationDesign1,item2-0,1,0,No,Non
205,53,0.9,consultationDesign2,item2,0,0,Strategic Policy and Planning,Politique et planification stratégique
206,53,0.9,consultationDesign2,item3,1,0,Data Governance,Gouvernance des données
207,53,0.9,consultationDesign2,item4,2,0,Program Policy,Politique du programme
208,53,0.9,consultationDesign2,item5,3,0,Legal Services,Services légaux
209,53,0.9,consultationDesign2,item6,4,0,Access to Information and Privacy Office,Bureau de l'accès à l'information et de la protection des renseignements personnels
210,53,0.9,consultationDesign2,item7,5,0,Communications,
211,53,0.9,consultationDesign2,item8,6,0,Client Experience / Client Relationship Management,Expérience client / Gestion de la relation client
212,53,0.9,consultationDesign2,item9,7,0,Other (describe),Autre (décrire)
213,55,0.9,consultationDesign3,item1-1,0,1,Yes,Oui
214,55,0.9,consultationDesign3,item2-0,1,0,No,Non
215,56,0.9,consultationDesign4,item2,0,0,Civil Society,Société civile
216,56,0.9,consultationDesign4,item7,1,0,Academia,Milieu universitaire
217,56,0.9,consultationDesign4,item8,2,0,Industry,Industrie
218,56,0.9,consultationDesign4,item10,3,0,Office of the Privacy Commissioner,Commissariat à la protection de la vie privée
219,56,0.9,consultationDesign4,item9,4,0,Other (describe),Autre (décrire)
220,58,0.9,consultationImplementation1,item1-1,0,1,Yes,Oui
221,58,0.9,consultationImplementation1,item2-0,1,0,No,Non
222,59,0.9,consultationImplementation2,item2,0,0,Strategic Policy and Planning,Politique et planification stratégiques
223,59,0.9,consultationImplementation2,item3,1,0,Data Governance,Gouvernance des données
224,59,0.9,consultationImplementation2,item4,2,0,Program Policy,Politique du programme
225,59,0.9,consultationImplementation2,item5,3,0,Legal Services,Services légaux
226,59,0.9,consultationImplementation2,item6,4,0,Access to Information and Privacy Office,Bureau de l'accès à l'information et de la protection des renseignements personnels
227,59,0.9,consultationImplementation2,item7,5,0,Communications,
228,59,0.9,consultationImplementation2,item8,6,0,Client Experience / Client Relationship Management,Expérience client / Gestion de la relation client
229,59,0.9,consultationImplementation2,item9,7,0,Other (describe),Autre (décrire)
230,61,0.9,consultationImplementation3,item1-1,0,1,Yes,Oui
231,61,0.9,consultationImplementation3,item2-0,1,0,No,Non
232,62,0.9,consultationImplementation4,item2,0,0,Civil Society,Société civile
233,62,0.9,consultationImplementation4,item7,1,0,Academia,Milieu universitaire
234,62,0.9,consultationImplementation4,item8,2,0,Industry,Industrie
235,62,0.9,consultationImplementation4,item10,3,0,Office of the Privacy Commissioner,Commissariat à la protection de la vie privée
236,62,0.9,consultationImplementation4,item9,4,0,Other (describe),Autre (décrire)
237,64,0.9,dataQualityDesign1,item1-2,0,2,Yes,Oui
238,64,0.9,dataQualityDesign1,item2-0,1,0,No,Non
239,65,0.9,dataQualityDesign2,item1-1,0,1,Yes,Oui
240,65,0.9,dataQualityDesign2,item2-0,1,0,No,Non
241,66,0.9,dataQualityDesign3,item1-1,0,1,Yes,Oui
242,66,0.9,dataQualityDesign3,item2-0,1,0,No,Non
243,67,0.9,dataQualityDesign4,item1-1,0,1,Yes,Oui
244,67,0.9,dataQualityDesign4,item2-0,1,0,No,Non
245,68,0.9,dataQualityDesign5,item1-1,0,1,Yes,Oui
246,68,0.9,dataQualityDesign5,item2-0,1,0,No,Non
247,69,0.9,dataQualityDesign6,item1-1,0,1,Yes,Oui
248,69,0.9,dataQualityDesign6,item2-0,1,0,No,Non
249,70,0.9,dataQualityDesign7,item1-2,0,2,Yes,Oui
250,70,0.9,dataQualityDesign7,item2-0,1,0,No,Non
251,71,0.9,dataQualityDesign8,item1-2,0,2,Yes,Oui
252,71,0.9,dataQualityDesign8,item2-0,1,0,No,Non
253,72,0.9,dataQualityDesign9,item1-1,0,1,Yes,Oui
254,72,0.9,dataQualityDesign9,item2-0,1,0,No,Non
255,73,0.9,dataQualityDesign10,item1-2,0,2,Yes,Oui
256,73,0.9,dataQualityDesign10,item2-0,1,0,No,Non
257,74,0.9,dataQualityImplementation1,item1-2,0,2,Yes,Oui
258,74,0.9,dataQualityImplementation1,item2-0,1,0,No,Non
259,75,0.9,dataQualityImplementation2,item1-1,0,1,Yes,Oui
260,75,0.9,dataQualityImplementation2,item2-0,1,0,No,Non
261,76,0.9,dataQualityImplementation3,item1-1,0,1,Yes,Oui
262,76,0.9,dataQualityImplementation3,item2-0,1,0,No,Non
263,77,0.9,dataQualityImplementation4,item1-1,0,1,Yes,Oui
264,77,0.9,dataQualityImplementation4,item2-0,1,0,No,Non
265,78,0.9,dataQualityImplementation5,item1-1,0,1,Yes,Oui
266,78,0.9,dataQualityImplementation5,item2-0,1,0,No,Non
267,79,0.9,dataQualityImplementation6,item1-1,0,1,Yes,Oui
268,79,0.9,dataQualityImplementation6,item2-0,1,0,No,Non
269,80,0.9,dataQualityImplementation7,item1-2,0,2,Yes,Oui
270,80,0.9,dataQualityImplementation7,item2-0,1,0,No,Non
271,81,0.9,dataQualityImplementation8,item1-2,0,2,Yes,Oui
272,81,0.9,dataQualityImplementation8,item2-0,1,0,No,Non
273,82,0.9,dataQualityImplementation9,item1-1,0,1,Yes,Oui
274,82,0.9,dataQualityImplementation9,item2-0,1,0,No,Non
275,83,0.9,dataQualityImplementation10,item1-2,0,2,Yes,Oui
276,83,0.9,dataQualityImplementation10,item2-0,1,0,No,Non
277,84,0.9,fairnessDesign1,item1-1,0,1,Yes,Oui
278,84,0.9,fairnessDesign1,item2-0,1,0,No,Non
279,85,0.9,fairnessDesign2,item1-2,0,2,Yes,Oui
280,85,0.9,fairnessDesign2,item2-0,1,0,No,Non
281,86,0.9,fairnessDesign3,item1-2,0,2,Yes,Oui
282,86,0.9,fairnessDesign3,item2-0,1,0,No,Non
283,87,0.9,fairnessDesign4,item1-1,0,1,Yes,Oui
284,87,0.9,fairnessDesign4,item2-0,1,0,No,Non
285,88,0.9,fairnessDesign5,item1-2,0,2,Yes,Oui
286,88,0.9,fairnessDesign5,item2-0,1,0,No,Non
287,89,0.9,fairnessDesign6,item1-1,0,1,Yes,Oui
288,89,0.9,fairnessDesign6,item2-0,1,0,No,Non
289,90,0.9,fairnessDesign7,item1-1,0,1,Yes,Oui
290,90,0.9,fairnessDesign7,item2-0,1,0,No,Non
291,91,0.9,fairnessDesign8,item1-2,0,2,Yes,Oui
292,91,0.9,fairnessDesign8,item2-0,1,0,No,Non
293,92,0.9,fairnessDesign9,item1-1,0,1,Yes,Oui
294,92,0.9,fairnessDesign9,item2-0,1,0,No,Non
295,93,0.9,fairnessDesign10,item1-2,0,2,Yes,Oui
296,93,0.9,fairnessDesign10,item2-0,1,0,No,Non
297,94,0.9,fairnessDesign11,item1-1,0,1,Yes,Oui
298,94,0.9,fairnessDesign11,item2-0,1,0,No,Non
299,95,0.9,fairnessDesign12,item1-1,0,1,Yes,Oui
300,95,0.9,fairnessDesign12,item2-0,1,0,No,Non
301,96,0.9,fairnessDesign13,item1-2,0,2,Yes,Oui
302,96,0.9,fairnessDesign13,item2-0,1,0,No,Non
303,97,0.9,fairnessDesign14,item1-2,0,2,Yes,Oui
304,97,0.9,fairnessDesign14,item2-0,1,0,No,Non
305,98,0.9,fairnessDesign15,item1-1,0,1,Yes,Oui
306,98,0.9,fairnessDesign15,item2-0,1,0,No,Non
307,99,0.9,fairnessDesign16,item1-2,0,2,Yes,Oui
308,99,0.9,fairnessDesign16,item2-0,1,0,No,Non
309,100,0.9,fairnessDesign17,item1-1,0,1,Yes,Oui
310,100,0.9,fairnessDesign17,item2-0,1,0,No,Non
311,101,0.9,fairnessImplementation1,item1-1,0,1,Yes,Oui
312,101,0.9,fairnessImplementation1,item2-0,1,0,No,Non
313,102,0.9,fairnessImplementation2,item1-2,0,2,Yes,Oui
314,102,0.9,fairnessImplementation2,item2-0,1,0,No,Non
315,103,0.9,fairnessImplementation3,item1-2,0,2,Yes,Oui
316,103,0.9,fairnessImplementation3,item2-0,1,0,No,Non
317,104,0.9,fairnessImplementation4,item1-1,0,1,Yes,Oui
318,104,0.9,fairnessImplementation4,item2-0,1,0,No,Non
319,105,0.9,fairnessImplementation5,item1-2,0,2,Yes,Oui
320,105,0.9,fairnessImplementation5,item2-0,1,0,No,Non
321,106,0.9,fairnessImplementation6,item1-1,0,1,Yes,Oui
322,106,0.9,fairnessImplementation6,item2-0,1,0,No,Non
323,107,0.9,fairnessImplementation7,item1-1,0,1,Yes,Oui
324,107,0.9,fairnessImplementation7,item2-0,1,0,No,Non
325,108,0.9,fairnessImplementation8,item1-2,0,2,Yes,Oui
326,108,0.9,fairnessImplementation8,item2-0,1,0,No,Non
327,109,0.9,fairnessImplementation9,item1-1,0,1,Yes,Oui
328,109,0.9,fairnessImplementation9,item2-0,1,0,No,Non
329,110,0.9,fairnessImplementation10,item1-2,0,2,Yes,Oui
330,110,0.9,fairnessImplementation10,item2-0,1,0,No,Non
331,111,0.9,fairnessImplementation11,item1-1,0,1,Yes,Oui
332,111,0.9,fairnessImplementation11,item2-0,1,0,No,Non
333,112,0.9,fairnessImplementation12,item1-1,0,1,Yes,Oui
334,112,0.9,fairnessImplementation12,item2-0,1,0,No,Non
335,113,0.9,fairnessImplementation13,item1-2,0,2,Yes,Oui
336,113,0.9,fairnessImplementation13,item2-0,1,0,No,Non
337,114,0.9,fairnessImplementation14,item1-2,0,2,Yes,Oui
338,114,0.9,fairnessImplementation14,item2-0,1,0,No,Non
339,115,0.9,fairnessImplementation15,item1-1,0,1,Yes,Oui
340,115,0.9,fairnessImplementation15,item2-0,1,0,No,Non
341,116,0.9,fairnessImplementation16,item1-2,0,2,Yes,Oui
342,116,0.9,fairnessImplementation16,item2-0,1,0,No,Non
343,117,0.9,fairnessImplementation17,item1-1,0,1,Yes,Oui
344,117,0.9,fairnessImplementation17,item2-0,1,0,No,Non
345,118,0.9,privacyDesign1,item1-1,0,1,Yes,Oui
346,118,0.9,privacyDesign1,item2-0,1,0,No,Non
347,119,0.9,privacyDesign2,item1-1,0,1,Yes,Oui
348,119,0.9,privacyDesign2,item2-0,1,0,No,Non
349,120,0.9,privacyDesign3,item1-1,0,1,Yes,Oui
350,120,0.9,privacyDesign3,item2-0,1,0,No,Non
351,121,0.9,privacyDesign4,item1-1,0,1,Yes,Oui
352,121,0.9,privacyDesign4,item2-0,1,0,No,Non
353,122,0.9,privacyImplementation1,item1-1,0,1,Yes,Oui
354,122,0.9,privacyImplementation1,item2-0,1,0,No,Non
355,123,0.9,privacyImplementation2,item1-1,0,1,Yes,Oui
356,123,0.9,privacyImplementation2,item2-0,1,0,No,Non
357,124,0.9,privacyImplementation3,item1-1,0,1,Yes,Oui
358,124,0.9,privacyImplementation3,item2-0,1,0,No,Non
359,125,0.9,privacyImplementation4,item1-1,0,1,Yes,Oui
360,125,0.9,privacyImplementation4,item2-0,1,0,No,Non
1,3,0.8a1,projectDetailsDepartment-NS,001,0,0,Agriculture and Agri-Food (Department of),Agriculture et de l'Agroalimentaire (Ministère de l')
2,3,0.8a1,projectDetailsDepartment-NS,002,1,0,Office of the Auditor General,Bureau du vérificateur général
3,3,0.8a1,projectDetailsDepartment-NS,004,2,0,Public Service Commission,Commission de la fonction publique
4,3,0.8a1,projectDetailsDepartment-NS,005,3,0,"Foreign Affairs, Trade and Development (Department of)","Affaires étrangères, du Commerce et du Développement (Ministère des)"
5,3,0.8a1,projectDetailsDepartment-NS,006,4,0,Finance (Department of),Finances (Ministère des)
6,3,0.8a1,projectDetailsDepartment-NS,007,5,0,Environment (Department of the),Environnement (Ministère de l')
7,3,0.8a1,projectDetailsDepartment-NS,008,6,0,Office of the Governor General's Secretary,Bureau du secrétaire du gouverneur général
8,3,0.8a1,projectDetailsDepartment-NS,009,7,0,Senate,Sénat
9,3,0.8a1,projectDetailsDepartment-NS,011,8,0,Office of the Superintendent of Financial Institutions,Bureau du surintendant des institutions financières
10,3,0.8a1,projectDetailsDepartment-NS,012,9,0,Economic Development Agency of Canada for the Regions of Quebec,Agence de développement économique du Canada pour les régions du Québec
11,3,0.8a1,projectDetailsDepartment-NS,013,10,0,Justice (Department of),Justice (Ministère de la)
12,3,0.8a1,projectDetailsDepartment-NS,014,11,0,Employment and Social Development (Department of),Emploi et du Développement social (Ministère de l')
13,3,0.8a1,projectDetailsDepartment-NS,015,12,0,Office of the Chief Electoral Officer,Bureau du directeur général des élections
14,3,0.8a1,projectDetailsDepartment-NS,016,13,0,Canadian Radio-television and Telecommunications Commission,Conseil de la radiodiffusion et des télécommunications canadiennes
15,3,0.8a1,projectDetailsDepartment-NS,017,14,0,Library of Parliament,Bibliothèque du Parlement
16,3,0.8a1,projectDetailsDepartment-NS,018,15,0,National Defence (Department of),Défense nationale (Ministère de la)
17,3,0.8a1,projectDetailsDepartment-NS,019,16,0,Office of the Director of Public Prosecutions,Bureau du directeur des poursuites pénales
18,3,0.8a1,projectDetailsDepartment-NS,021,17,0,Veterans Affairs (Department of),Anciens Combattants (Ministère des)
19,3,0.8a1,projectDetailsDepartment-NS,022,18,0,Health (Department of),Santé (Ministère de la)
20,3,0.8a1,projectDetailsDepartment-NS,023,19,0,Atlantic Canada Opportunities Agency,Agence de promotion économique du Canada atlantique
21,3,0.8a1,projectDetailsDepartment-NS,024,20,0,International Joint Commission (Canadian Section),Commission mixte internationale (section canadienne)
22,3,0.8a1,projectDetailsDepartment-NS,025,21,0,Privy Council Office,Bureau du Conseil privé
23,3,0.8a1,projectDetailsDepartment-NS,027,22,0,Natural Sciences and Engineering Research Council,Conseil de recherches en sciences naturelles et en génie
24,3,0.8a1,projectDetailsDepartment-NS,030,23,0,Royal Canadian Mounted Police,Gendarmerie royale du Canada
25,3,0.8a1,projectDetailsDepartment-NS,032,24,0,Immigration and Refugee Board,Commission de l'immigration et du statut de réfugié
26,3,0.8a1,projectDetailsDepartment-NS,033,25,0,Industry (Department of),Industrie (Ministère de l')
27,3,0.8a1,projectDetailsDepartment-NS,034,26,0,Transport (Department of),Transports (Ministère des)
28,3,0.8a1,projectDetailsDepartment-NS,035,27,0,National Research Council of Canada,Conseil national de recherches du Canada
29,3,0.8a1,projectDetailsDepartment-NS,037,28,0,Telefilm Canada,Téléfilm Canada
30,3,0.8a1,projectDetailsDepartment-NS,038,29,0,Canada Border Services Agency - (Administered Activities),Agence des services frontaliers du Canada - (activités administrées)
31,3,0.8a1,projectDetailsDepartment-NS,039,30,0,National Film Board,Office national du film
32,3,0.8a1,projectDetailsDepartment-NS,040,31,0,Canadian Transportation Agency,Office des transports du Canada
33,3,0.8a1,projectDetailsDepartment-NS,041,32,0,Natural Resources (Department of),Ressources naturelles (Ministère des)
34,3,0.8a1,projectDetailsDepartment-NS,042,33,0,Indian Affairs and Northern Development (Department of),Affaires indiennes et du Nord canadien (Ministère des)
35,3,0.8a1,projectDetailsDepartment-NS,043,34,0,Canadian Intergovernmental Conference Secretariat,Secrétariat des conférences intergouvernementales canadiennes
36,3,0.8a1,projectDetailsDepartment-NS,044,35,0,Western Economic Diversification (Department of),Diversification de l'économie de l'Ouest canadien (Ministère de la)
37,3,0.8a1,projectDetailsDepartment-NS,046,36,0,Office of the Public Sector Integrity Commissioner,Commissariat à l'intégrité du secteur public
38,3,0.8a1,projectDetailsDepartment-NS,047,37,0,Canadian Nuclear Safety Commission,Commission canadienne de sûreté nucléaire
39,3,0.8a1,projectDetailsDepartment-NS,050,38,0,Citizenship and Immigration (Department of),Citoyenneté et de l'Immigration (Ministère de la)
40,3,0.8a1,projectDetailsDepartment-NS,051,39,0,Office of the Commissioner for Federal Judicial Affairs,Bureau du commissaire à la magistrature fédérale
41,3,0.8a1,projectDetailsDepartment-NS,052,40,0,Canada School of Public Service,École de la fonction publique du Canada
42,3,0.8a1,projectDetailsDepartment-NS,053,41,0,Correctional Service of Canada,Service correctionnel du Canada
43,3,0.8a1,projectDetailsDepartment-NS,054,42,0,Statistics Canada,Statistique Canada
44,3,0.8a1,projectDetailsDepartment-NS,055,43,0,Office of the Communications Security Establishment Commissioner,Bureau du commissaire du Centre de la sécurité des télécommunications
45,3,0.8a1,projectDetailsDepartment-NS,056,44,0,Treasury Board Secretariat,Secrétariat du Conseil du Trésor
46,3,0.8a1,projectDetailsDepartment-NS,057,45,0,Parole Board of Canada,Commission des libérations conditionnelles du Canada
47,3,0.8a1,projectDetailsDepartment-NS,061,46,0,Canadian Institutes of Health Research,Instituts de recherche en santé du Canada
48,3,0.8a1,projectDetailsDepartment-NS,062,47,0,Federal Economic Development Agency for Southern Ontario,Agence fédérale de développement économique pour le Sud de l'Ontario
49,3,0.8a1,projectDetailsDepartment-NS,063,48,0,Social Sciences and Humanities Research Council,Conseil de recherches en sciences humaines
50,3,0.8a1,projectDetailsDepartment-NS,066,49,0,Northern Pipeline Agency,Administration du pipe-line du Nord
51,3,0.8a1,projectDetailsDepartment-NS,067,50,0,House of Commons,Chambre des communes
52,3,0.8a1,projectDetailsDepartment-NS,074,51,0,National Energy Board,Office national de l'énergie
53,3,0.8a1,projectDetailsDepartment-NS,075,52,0,Canadian Human Rights Commission,Commission canadienne des droits de la personne
54,3,0.8a1,projectDetailsDepartment-NS,076,53,0,Office of the Commissioner of Official Languages,Commissariat aux langues officielles
55,3,0.8a1,projectDetailsDepartment-NS,078,54,0,Canadian Northern Economic Development Agency,Agence canadienne de développement économique du Nord
56,3,0.8a1,projectDetailsDepartment-NS,079,55,0,Payroll System General Ledger,Grand livre général du système de la paye
57,3,0.8a1,projectDetailsDepartment-NS,080,56,0,Registrar of the Supreme Court of Canada,Registraire de la Cour suprême du Canada
58,3,0.8a1,projectDetailsDepartment-NS,083,57,0,"Office of the Co-ordinator, Status of Women",Bureau de la coordonnatrice de la situation de la femme
59,3,0.8a1,projectDetailsDepartment-NS,085,58,0,Canada Border Services Agency,Agence des services frontaliers du Canada
60,3,0.8a1,projectDetailsDepartment-NS,086,59,0,Fisheries and Oceans (Department of),Pêches et des Océans (Ministère des)
61,3,0.8a1,projectDetailsDepartment-NS,087,60,0,Public Service Superannuation,Pension de retraite de la fonction publique
62,3,0.8a1,projectDetailsDepartment-NS,088,61,0,Public Safety and Emergency Preparedness (Department of),Sécurité publique et de la Protection civile (Ministère de la)
63,3,0.8a1,projectDetailsDepartment-NS,091,62,0,Canada Mortgage and Housing Corporation (Crown Corporation),Société canadienne d'hypothèques et de logement (Société d'État)
64,3,0.8a1,projectDetailsDepartment-NS,095,63,0,Canadian Security Intelligence Service,Service canadien du renseignement de sécurité
65,3,0.8a1,projectDetailsDepartment-NS,096,64,0,Offices of the Information and Privacy Commissioners of Canada,Commissariats à l'information et à la protection de la vie privée au Canada
66,3,0.8a1,projectDetailsDepartment-NS,097,65,0,Receiver General,Receveur général
67,3,0.8a1,projectDetailsDepartment-NS,100,66,0,Canadian Centre for Occupational Health and Safety,Centre canadien d'hygiène et de sécurité au travail
68,3,0.8a1,projectDetailsDepartment-NS,101,67,0,Canadian Transportation Accident Investigation and Safety Board,Bureau canadien d'enquête sur les accidents de transport et de la sécurité des transports
69,3,0.8a1,projectDetailsDepartment-NS,102,68,0,The National Battlefields Commission,Commission des champs de bataille nationaux
70,3,0.8a1,projectDetailsDepartment-NS,103,69,0,Security Intelligence Review Committee,Comité de surveillance des activités de renseignement de sécurité
71,3,0.8a1,projectDetailsDepartment-NS,109,70,0,Patented Medicine Prices Review Board,Conseil d'examen du prix des médicaments brevetés
72,3,0.8a1,projectDetailsDepartment-NS,116,71,0,Copyright Board,Commission du droit d'auteur
73,3,0.8a1,projectDetailsDepartment-NS,119,72,0,Canadian Space Agency,Agence spatiale canadienne
74,3,0.8a1,projectDetailsDepartment-NS,122,73,0,Canada Revenue Agency - (Administered Activities),Agence du revenu du Canada - (activités administrées)
75,3,0.8a1,projectDetailsDepartment-NS,123,74,0,Export Development Canada (Crown Corporation),Exportation et développement Canada (Société d'État)
76,3,0.8a1,projectDetailsDepartment-NS,124,75,0,Parks Canada Agency,Agence Parcs Canada
77,3,0.8a1,projectDetailsDepartment-NS,127,76,0,Public Works and Government Services (Department of),Travaux publics et des Services gouvernementaux (Ministère des)
78,3,0.8a1,projectDetailsDepartment-NS,130,77,0,Canada Revenue Agency,Agence du revenu du Canada
79,3,0.8a1,projectDetailsDepartment-NS,133,78,0,Canadian Grain Commission,Commission canadienne des grains
80,3,0.8a1,projectDetailsDepartment-NS,134,79,0,Canadian Dairy Commission,Commission canadienne du lait
81,3,0.8a1,projectDetailsDepartment-NS,135,80,0,Canadian Heritage (Department of),Patrimoine canadien (Ministère du)
82,3,0.8a1,projectDetailsDepartment-NS,136,81,0,Canadian Food Inspection Agency,Agence canadienne d'inspection des aliments
83,3,0.8a1,projectDetailsDepartment-NS,137,82,0,Military Police Complaints Commission,Commission d'examen des plaintes concernant la police militaire
84,3,0.8a1,projectDetailsDepartment-NS,138,83,0,Military Grievances External Review Committee,Comité externe d'examen des griefs militaires
85,3,0.8a1,projectDetailsDepartment-NS,139,84,0,Financial Transactions and Reports Analysis Centre of Canada,Centre d'analyse des opérations et déclarations financières du Canada
86,3,0.8a1,projectDetailsDepartment-NS,141,85,0,Financial Consumer Agency of Canada,Agence de la consommation en matière financière du Canada
87,3,0.8a1,projectDetailsDepartment-NS,142,86,0,Office of Infrastructure of Canada,Bureau de l'infrastructure du Canada
88,3,0.8a1,projectDetailsDepartment-NS,144,87,0,Courts Administration Service,Service administratif des tribunaux judiciaires
89,3,0.8a1,projectDetailsDepartment-NS,145,88,0,Library and Archives of Canada,Bibliothèque et Archives du Canada
90,3,0.8a1,projectDetailsDepartment-NS,147,89,0,Office of the Conflict of Interest and Ethics Commissioner,Commissariat aux conflits d'intérêts et à l'éthique
91,3,0.8a1,projectDetailsDepartment-NS,148,90,0,Public Health Agency of Canada,Agence de la santé publique du Canada
92,3,0.8a1,projectDetailsDepartment-NS,151,91,0,Office of the Senate Ethics Officer,Bureau du conseiller sénatorial en éthique
93,3,0.8a1,projectDetailsDepartment-NS,154,92,0,Office of the Commissioner of Lobbying,Commissariat au lobbying
94,3,0.8a1,projectDetailsDepartment-NS,163,93,0,Shared Services Canada,Services partagés Canada
95,3,0.8a1,projectDetailsDepartment-NS,165,94,0,Communications Security Establishment,Centre de la sécurité des télécommunications
96,3,0.8a1,projectDetailsDepartment-NS,170,95,0,Administrative Tribunals Support Service of Canada,Service canadien d'appui aux tribunaux administratifs
97,3,0.8a1,projectDetailsDepartment-NS,171,96,0,Canadian High Arctic Research Station,Station canadienne de recherche dans l'Extrême-Arctique
98,3,0.8a1,projectDetailsDepartment-NS,176,97,0,Parliamentary Protective Service,Service de protection parlementaire
99,3,0.8a1,projectDetailsDepartment-NS,180,98,0,Invest in Canada Hub,Investir au Canada
100,3,0.8a1,projectDetailsDepartment-NS,183,99,0,Office of the Parliamentary Budget Officer,Bureau du directeur parlementaire du budget
101,3,0.8a1,projectDetailsDepartment-NS,192,100,0,Secretariat of the National Security and Intelligence Committee of Parliamentarians,Secrétariat du Comité des parlementaires sur la sécurité nationale et le renseignement
102,8,0.8a1,projectDetailsPhase,item1,0,0,Design,
103,8,0.8a1,projectDetailsPhase,item2,1,0,Implementation,Implémentation
104,10,0.8a1,businessDrivers1,item1,0,0,Existing backlog of work or cases,Arriéré de travail ou de cas existant
105,10,0.8a1,businessDrivers1,item2,1,0,Improve overall quality of decisions,Amélioration de la qualité générale des décisions
106,10,0.8a1,businessDrivers1,item3,2,0,Lower transaction costs of an existing program,Réduction des coûts de transaction d'un programme existant
107,10,0.8a1,businessDrivers1,item4,3,0,The system is performing tasks that humans could not accomplish in a reasonable period of time,Le système exécute des taĉhes que les humans ne sont pas en mesure d'accomplir dans un délai raisonnable
108,10,0.8a1,businessDrivers1,item5,4,0,Use innovative approaches,Utilisation d'approches novatrices
109,10,0.8a1,businessDrivers1,item6,5,0,Other (please specify),Autre (veuillez préciser)
110,12,0.8a1,riskProfile1,item1-3,0,3,Yes,Oui
111,12,0.8a1,riskProfile1,item2-0,1,0,No,Non
112,13,0.8a1,riskProfile2,item1-3,0,3,Yes,Oui
113,13,0.8a1,riskProfile2,item2-0,1,0,No,Non
114,14,0.8a1,riskProfile3,item1-4,0,4,Yes,Oui
115,14,0.8a1,riskProfile3,item2-0,1,0,No,Non
116,15,0.8a1,riskProfile4,item1-3,0,3,Yes,Oui
117,15,0.8a1,riskProfile4,item2-0,1,0,No,Non
118,16,0.8a1,projectAuthority1,item1-2,0,2,Yes,Oui
119,16,0.8a1,projectAuthority1,item2-0,1,0,No,Non
120,17,0.8a1,aboutSystem1,item1,0,0,"Image and object recognition: Analyzing very large data sets to automate the recognition, classification, and context associated with an image or object.","Reconnaissance d'images et d'objets: Analyser de volumineux jeux de donnée pour automatiser la reconnaissance, la classification et le context associés à une image ou à un objet."
121,17,0.8a1,aboutSystem1,item2,1,0,"Text and speech analysis: Analyzing large data sets to recognize, process, and tag text, speech, voice, and make recommendations based on the tagging","Analyse du texte et de la parole: Analyser de vastes jeux de données pour reconnaître, traiter et étiqueter le texte, la parole, la voix et faire des recommendations en fonction du marquage."
122,17,0.8a1,aboutSystem1,item3,2,0,Risk assessment: Analyzing very large data sets to identify patterns and recommend courses of action and in some cases trigger specific actions,"Évaluation des risques: Analyser de volumineux jeux de données pour déterminer les tendances et recommander des mesures et, dans certains cas, déclencher la prise de mesures précises. "
123,17,0.8a1,aboutSystem1,item4,3,0,"Content generation: Analyzing large data sets to categorize, process, triage, personalize, and serve specific content for specific contexts","Génération de contenu: Analyser de vastes jeux de données pour créer des catégories, traiter, trier, personnaliser et servir un contenu spécifique destiné à des contextes particuliers."
124,17,0.8a1,aboutSystem1,item5,4,0,"Process optimization & workflow automation: Analyzing large data sets to identify and anomalies, cluster patterns, predict outcomes or ways to optimize; and automate specific workflows","Optimisation des processus et automatisation des flux de travail:    Analyser de vastes jeux de connées pour déterminer et corriger les anomalies, les modèles de grappes, prévoir les résultats ou les façons d'optimiser; et d'automatiser des flux de travail spécifique."
125,17,0.8a1,aboutSystem1,item6-1,5,1,Other (please specify),Autre (veuillez préciser)
126,19,0.8a1,aboutAlgorithm1,item1-3,0,3,Yes,Oui
127,19,0.8a1,aboutAlgorithm1,item2-0,1,0,No,Non
128,20,0.8a1,aboutAlgorithm2,item1-3,0,3,Yes,Oui
129,20,0.8a1,aboutAlgorithm2,item2-0,1,0,No,Non
130,21,0.8a1,decisionSector1,item1-1,0,1,Health related services,Services liés à la santé
131,21,0.8a1,decisionSector1,item2-1,1,1,"Economic interests (grants and contributions, tax benefits, debt collection)","Intérêts économiques (subventions et contributions, avantages fiscaux, recouvrement de dettes)"
132,21,0.8a1,decisionSector1,item3-1,2,1,"Social assistance (ei, disability claims, etc)","Aide sociales (assurance-emploi, demandes de prestations d'invalidité, etc.)"
133,21,0.8a1,decisionSector1,item4-1,3,1,"Access and mobility (security clearances, border crossings)","Accès et mobilité (habitations de sécurité, passages frontaliers)"
134,21,0.8a1,decisionSector1,item5-1,4,1,Licensing and issuance of permits,Accréditation et délivrance de permis
135,21,0.8a1,decisionSector1,item6-1,5,1,Other (please specify),Autre (veuillez préciser)
136,23,0.8a1,impact1,item1-1,0,1,Yes,Oui
137,23,0.8a1,impact1,item2-0,1,0,No,Non
138,24,0.8a1,impact2,item1-3,0,3,Yes,Oui
139,24,0.8a1,impact2,item2-0,1,0,No,Non
140,25,0.8a1,impact3,item1-4,0,4,Yes,Oui
141,25,0.8a1,impact3,item2-0,1,0,No,Non
142,27,0.8a1,impact5,item1-4,0,4,Yes,Oui
143,27,0.8a1,impact5,item2-0,1,0,No,Non
144,28,0.8a1,impact6,item1-1,0,1,Reversible,Réversible
145,28,0.8a1,impact6,item2-2,1,2,Likely reversible,Probablement réversible
146,28,0.8a1,impact6,item3-3,2,3,Difficult to reverse,Difficile à inverser
147,28,0.8a1,impact6,item4-4,3,4,Irreversible,Irréversible
148,29,0.8a1,impact7,item1-1,0,1,Impacts are most likely to be brief,Les incidences risquent fort probablement d’être brèves
149,29,0.8a1,impact7,item2-2,1,2,"Some impacts may last a matter of months, but some lingering impacts may last longer",Certaines incidences peuvent durer quelques mois ou plus longtemps.
150,29,0.8a1,impact7,item3-3,2,3,Impacts can last years,Les incidences peuvent durer des années.
151,29,0.8a1,impact7,item4-4,3,4,Most impacts are perpetual,La plupart des incidences sont sans limite dans le temps.
152,31,0.8a1,impact9,item1-1,0,1,Little to no impact,Incidence faible ou nulle
153,31,0.8a1,impact9,item2-2,1,2,Moderate impact,Incidence modérée
154,31,0.8a1,impact9,3,2,0,High impact,Incidence élevée
155,31,0.8a1,impact9,4,3,0,Very high impact,Incidence très élevée
156,33,0.8a1,impact11,item1-1,0,1,Little to no impact,Incidence faible ou nulle
157,33,0.8a1,impact11,item2-2,1,2,Moderate impact,Incidence modérée
158,33,0.8a1,impact11,item3-3,2,3,High impact,Incidence élevée
159,33,0.8a1,impact11,item4-4,3,4,Very high impact,Incidence très élevée
160,35,0.8a1,impact13,item1-1,0,1,Little to no impact,Incidence faible ou nulle
161,35,0.8a1,impact13,item2-2,1,2,Moderate impact,Incidence modérée
162,35,0.8a1,impact13,item3-3,2,3,High impact,Incidence élevée
163,35,0.8a1,impact13,item4-4,3,4,Very high impact,Incidence très élevée
164,37,0.8a1,impact15,item1-1,0,1,Little to no impact,Incidence faible ou nulle
165,37,0.8a1,impact15,item2-2,1,2,Moderate impact,Incidence modérée
166,37,0.8a1,impact15,item3-3,2,3,High impact,Incidence élevée
167,37,0.8a1,impact15,item4-4,3,4,Very high impact,Incidence très élevée
168,39,0.8a1,aboutDataSource1,item1-4,0,4,Yes,Oui
169,39,0.8a1,aboutDataSource1,item2-0,1,0,No,Non
170,40,0.8a1,aboutDataSource2,item1-0,0,0,None,Aucun
171,40,0.8a1,aboutDataSource2,item2-1,1,1,Protected A,Protégé A
172,40,0.8a1,aboutDataSource2,item3-2,2,2,Classified / Confidential,Classifié/confidentiel
173,40,0.8a1,aboutDataSource2,item4-3,3,3,Protected B / Protected C,Protégé B/Protégé C
174,40,0.8a1,aboutDataSource2,item5-4,4,4,Secret / Top Secret,Secret/Très Secret
175,41,0.8a1,aboutDataSource3,item1-0,0,0,Open Data Source,Source de données ouvertes
176,41,0.8a1,aboutDataSource3,item2-1,1,1,Federal government,Gouvernement fédéral
177,41,0.8a1,aboutDataSource3,item3-2,2,2,Other Canadian Government (prov/municipal),Autre gouvernement canadien (provincial/municipal)
178,41,0.8a1,aboutDataSource3,item4-3,3,3,Private Sector / NGO,Secteur privé / ONG
179,42,0.8a1,aboutDataSource4,item1-4,0,4,Yes,Oui
180,42,0.8a1,aboutDataSource4,item2-0,1,0,No,Non
181,43,0.8a1,aboutDataSource5,item1-4,0,4,Yes,Oui
182,43,0.8a1,aboutDataSource5,item2-0,1,0,No,Non
183,44,0.8a1,aboutDataSource6,item1-4,0,4,Yes,Oui
184,44,0.8a1,aboutDataSource6,item2-0,1,0,No,Non
185,45,0.8a1,aboutDataSource7,item1-1,0,1,Your institution,Votre institution
186,45,0.8a1,aboutDataSource7,item2-2,1,2,Another federal institution,Une autre institution fédérale
187,45,0.8a1,aboutDataSource7,item3-3,2,3,Another level of government,Autre niveau de gouvernement
188,45,0.8a1,aboutDataSource7,item4-4,3,4,A foreign government or non-government third party,Un gouvernement étranger ou un tiers non gouvernemental
189,46,0.8a1,aboutDataSource8,item1-1,0,1,Your institution,Votre institution
190,46,0.8a1,aboutDataSource8,item2-2,1,2,Another federal institution,Une autre institution fédérale
191,46,0.8a1,aboutDataSource8,item3-3,2,3,Another level of government,Autre niveau de gouvernement
192,46,0.8a1,aboutDataSource8,item4-4,3,4,A foreign government or non-government third party,Un gouvernement étranger ou un tiers non gouvernemental
193,47,0.8a1,aboutDataType1,item1,0,0,Yes,Oui
194,47,0.8a1,aboutDataType1,item2,1,0,No,Non
195,48,0.8a1,aboutDataType2,item1-2,0,2,Audio and text files,Fichiers audio et textuels
196,48,0.8a1,aboutDataType2,item2-4,1,4,Images and videos,Images et vidéos
197,49,0.8a1,consultationDesign1,item1-1,0,1,Yes,Oui
198,49,0.8a1,consultationDesign1,item2-0,1,0,No,Non
199,50,0.8a1,consultationDesign2-NS,item2,0,0,Strategic Policy and Planning,Politique et planification stratégiques
200,50,0.8a1,consultationDesign2-NS,item3,1,0,Data Governance,Gouvernance des données
201,50,0.8a1,consultationDesign2-NS,item4,2,0,Program Policy,Politique du programme
202,50,0.8a1,consultationDesign2-NS,item5,3,0,Legal Services,Services légaux
203,50,0.8a1,consultationDesign2-NS,item6,4,0,Access To Information Policy,Politique sur l'accès à l'information
204,50,0.8a1,consultationDesign2-NS,item7,5,0,Communications,
205,50,0.8a1,consultationDesign2-NS,item8,6,0,Client Experience / Client Relationship Management,Expérience client / Gestion de la relation client
206,51,0.8a1,consultationDesign3,item1-1,0,1,Yes,Oui
207,51,0.8a1,consultationDesign3,item2-0,1,0,No,Non
208,52,0.8a1,consultationDesign4-NS,item2,0,0,Civil Society,Société civile
209,52,0.8a1,consultationDesign4-NS,item7,1,0,Academia,Milieu universitaire
210,52,0.8a1,consultationDesign4-NS,item8,2,0,Industry,Industrie
211,53,0.8a1,consultationImplementation1,item1-1,0,1,Yes,Oui
212,53,0.8a1,consultationImplementation1,item2-0,1,0,No,Non
213,54,0.8a1,consultationImplementation2-NS,item2,0,0,Strategic Policy and Planning,Politique et planification stratégiques
214,54,0.8a1,consultationImplementation2-NS,item3,1,0,Data Governance,Gouvernance des données
215,54,0.8a1,consultationImplementation2-NS,item4,2,0,Program Policy,Politique du programme
216,54,0.8a1,consultationImplementation2-NS,item5,3,0,Legal Services,Services légaux
217,54,0.8a1,consultationImplementation2-NS,item6,4,0,Access To Information Policy,Politique sur l'accès à l'information
218,54,0.8a1,consultationImplementation2-NS,item7,5,0,Communications,
219,54,0.8a1,consultationImplementation2-NS,item8,6,0,Client Experience / Client Relationship Management,Expérience client / Gestion de la relation client
220,55,0.8a1,consultationImplementation3,item1-1,0,1,Yes,Oui
221,55,0.8a1,consultationImplementation3,item2-0,1,0,No,Non
222,56,0.8a1,consultationImplementation4-NS,item2,0,0,Civil Society,Société civile
223,56,0.8a1,consultationImplementation4-NS,item7,1,0,Academia,Milieu universitaire
224,56,0.8a1,consultationImplementation4-NS,item8,2,0,Industry,Industrie
225,57,0.8a1,dataQualityDesign1,item1-2,0,2,Yes,Oui
226,57,0.8a1,dataQualityDesign1,item2-0,1,0,No,Non
227,58,0.8a1,dataQualityDesign2,item1-1,0,1,Yes,Oui
228,58,0.8a1,dataQualityDesign2,item2-0,1,0,No,Non
229,59,0.8a1,dataQualityDesign3,item1-1,0,1,Yes,Oui
230,59,0.8a1,dataQualityDesign3,item2-0,1,0,No,Non
231,60,0.8a1,dataQualityDesign4,item1-1,0,1,Yes,Oui
232,60,0.8a1,dataQualityDesign4,item2-0,1,0,No,Non
233,61,0.8a1,dataQualityDesign5,item1-1,0,1,Yes,Oui
234,61,0.8a1,dataQualityDesign5,item2-0,1,0,No,Non
235,62,0.8a1,dataQualityDesign6,item1-1,0,1,Yes,Oui
236,62,0.8a1,dataQualityDesign6,item2-0,1,0,No,Non
237,63,0.8a1,dataQualityDesign7,item1-2,0,2,Yes,Oui
238,63,0.8a1,dataQualityDesign7,item2-0,1,0,No,Non
239,64,0.8a1,dataQualityDesign8,item1-2,0,2,Yes,Oui
240,64,0.8a1,dataQualityDesign8,item2-0,1,0,No,Non
241,65,0.8a1,dataQualityDesign9,item1-1,0,1,Yes,Oui
242,65,0.8a1,dataQualityDesign9,item2-0,1,0,No,Non
243,66,0.8a1,dataQualityDesign10,item1-2,0,2,Yes,Oui
244,66,0.8a1,dataQualityDesign10,item2-0,1,0,No,Non
245,67,0.8a1,dataQualityImplementation1,item1-2,0,2,Yes,Oui
246,67,0.8a1,dataQualityImplementation1,item2-0,1,0,No,Non
247,68,0.8a1,dataQualityImplementation2,item1-1,0,1,Yes,Oui
248,68,0.8a1,dataQualityImplementation2,item2-0,1,0,No,Non
249,69,0.8a1,dataQualityImplementation3,item1-1,0,1,Yes,Oui
250,69,0.8a1,dataQualityImplementation3,item2-0,1,0,No,Non
251,70,0.8a1,dataQualityImplementation4,item1-1,0,1,Yes,Oui
252,70,0.8a1,dataQualityImplementation4,item2-0,1,0,No,Non
253,71,0.8a1,dataQualityImplementation5,item1-1,0,1,Yes,Oui
254,71,0.8a1,dataQualityImplementation5,item2-0,1,0,No,Non
255,72,0.8a1,dataQualityImplementation6,item1-1,0,1,Yes,Oui
256,72,0.8a1,dataQualityImplementation6,item2-0,1,0,No,Non
257,73,0.8a1,dataQualityImplementation7,item1-2,0,2,Yes,Oui
258,73,0.8a1,dataQualityImplementation7,item2-0,1,0,No,Non
259,74,0.8a1,dataQualityImplementation8,item1-2,0,2,Yes,Oui
260,74,0.8a1,dataQualityImplementation8,item2-0,1,0,No,Non
261,75,0.8a1,dataQualityImplementation9,item1-1,0,1,Yes,Oui
262,75,0.8a1,dataQualityImplementation9,item2-0,1,0,No,Non
263,76,0.8a1,dataQualityImplementation10,item1-2,0,2,Yes,Oui
264,76,0.8a1,dataQualityImplementation10,item2-0,1,0,No,Non
265,77,0.8a1,fairnessDesign1,item1-1,0,1,Yes,Oui
266,77,0.8a1,fairnessDesign1,item2-0,1,0,No,Non
267,78,0.8a1,fairnessDesign2,item1-2,0,2,Yes,Oui
268,78,0.8a1,fairnessDesign2,item2-0,1,0,No,Non
269,79,0.8a1,fairnessDesign3,item1-2,0,2,Yes,Oui
270,79,0.8a1,fairnessDesign3,item2-0,1,0,No,Non
271,80,0.8a1,fairnessDesign4,item1-1,0,1,Yes,Oui
272,80,0.8a1,fairnessDesign4,item2-0,1,0,No,Non
273,81,0.8a1,fairnessDesign5,item1-2,0,2,Yes,Oui
274,81,0.8a1,fairnessDesign5,item2-0,1,0,No,Non
275,82,0.8a1,fairnessDesign6,item1-1,0,1,Yes,Oui
276,82,0.8a1,fairnessDesign6,item2-0,1,0,No,Non
277,83,0.8a1,fairnessDesign7,item1-1,0,1,Yes,Oui
278,83,0.8a1,fairnessDesign7,item2-0,1,0,No,Non
279,84,0.8a1,fairnessDesign8,item1-2,0,2,Yes,Oui
280,84,0.8a1,fairnessDesign8,item2-0,1,0,No,Non
281,85,0.8a1,fairnessDesign9,item1-1,0,1,Yes,Oui
282,85,0.8a1,fairnessDesign9,item2-0,1,0,No,Non
283,86,0.8a1,fairnessDesign10,item1-2,0,2,Yes,Oui
284,86,0.8a1,fairnessDesign10,item2-0,1,0,No,Non
285,87,0.8a1,fairnessDesign11,item1-1,0,1,Yes,Oui
286,87,0.8a1,fairnessDesign11,item2-0,1,0,No,Non
287,88,0.8a1,fairnessDesign12,item1-1,0,1,Yes,Oui
288,88,0.8a1,fairnessDesign12,item2-0,1,0,No,Non
289,89,0.8a1,fairnessDesign13,item1-2,0,2,Yes,Oui
290,89,0.8a1,fairnessDesign13,item2-0,1,0,No,Non
291,90,0.8a1,fairnessDesign14,item1-2,0,2,Yes,Oui
292,90,0.8a1,fairnessDesign14,item2-0,1,0,No,Non
293,91,0.8a1,fairnessDesign15,item1-1,0,1,Yes,Oui
294,91,0.8a1,fairnessDesign15,item2-0,1,0,No,Non
295,92,0.8a1,fairnessDesign16,item1-2,0,2,Yes,Oui
296,92,0.8a1,fairnessDesign16,item2-0,1,0,No,Non
297,93,0.8a1,fairnessDesign17,item1-1,0,1,Yes,Oui
298,93,0.8a1,fairnessDesign17,item2-0,1,0,No,Non
299,94,0.8a1,fairnessImplementation1,item1-1,0,1,Yes,Oui
300,94,0.8a1,fairnessImplementation1,item2-0,1,0,No,Non
301,95,0.8a1,fairnessImplementation2,item1-2,0,2,Yes,Oui
302,95,0.8a1,fairnessImplementation2,item2-0,1,0,No,Non
303,96,0.8a1,fairnessImplementation3,item1-2,0,2,Yes,Oui
304,96,0.8a1,fairnessImplementation3,item2-0,1,0,No,Non
305,97,0.8a1,fairnessImplementation4,item1-1,0,1,Yes,Oui
306,97,0.8a1,fairnessImplementation4,item2-0,1,0,No,Non
307,98,0.8a1,fairnessImplementation5,item1-2,0,2,Yes,Oui
308,98,0.8a1,fairnessImplementation5,item2-0,1,0,No,Non
309,99,0.8a1,fairnessImplementation6,item1-1,0,1,Yes,Oui
310,99,0.8a1,fairnessImplementation6,item2-0,1,0,No,Non
311,100,0.8a1,fairnessImplementation7,item1-1,0,1,Yes,Oui
312,100,0.8a1,fairnessImplementation7,item2-0,1,0,No,Non
313,101,0.8a1,fairnessImplementation8,item1-2,0,2,Yes,Oui
314,101,0.8a1,fairnessImplementation8,item2-0,1,0,No,Non
315,102,0.8a1,fairnessImplementation9,item1-1,0,1,Yes,Oui
316,102,0.8a1,fairnessImplementation9,item2-0,1,0,No,Non
317,103,0.8a1,fairnessImplementation10,item1-2,0,2,Yes,Oui
318,103,0.8a1,fairnessImplementation10,item2-0,1,0,No,Non
319,104,0.8a1,fairnessImplementation11,item1-1,0,1,Yes,Oui
320,104,0.8a1,fairnessImplementation11,item2-0,1,0,No,Non
321,105,0.8a1,fairnessImplementation12,item1-1,0,1,Yes,Oui
322,105,0.8a1,fairnessImplementation12,item2-0,1,0,No,Non
323,106,0.8a1,fairnessImplementation13,item1-2,0,2,Yes,Oui
324,106,0.8a1,fairnessImplementation13,item2-0,1,0,No,Non
325,107,0.8a1,fairnessImplementation14,item1-2,0,2,Yes,Oui
326,107,0.8a1,fairnessImplementation14,item2-0,1,0,No,Non
327,108,0.8a1,fairnessImplementation15,item1-1,0,1,Yes,Oui
328,108,0.8a1,fairnessImplementation15,item2-0,1,0,No,Non
329,109,0.8a1,fairnessImplementation16,item1-2,0,2,Yes,Oui
330,109,0.8a1,fairnessImplementation16,item2-0,1,0,No,Non
331,110,0.8a1,fairnessImplementation17,item1-1,0,1,Yes,Oui
332,110,0.8a1,fairnessImplementation17,item2-0,1,0,No,Non
333,111,0.8a1,privacyDesign1,item1-1,0,1,Yes,Oui
334,111,0.8a1,privacyDesign1,item2-0,1,0,No,Non
335,112,0.8a1,privacyDesign2,item1-1,0,1,Yes,Oui
336,112,0.8a1,privacyDesign2,item2-0,1,0,No,Non
337,113,0.8a1,privacyImplementation1,item1-1,0,1,Yes,Oui
338,113,0.8a1,privacyImplementation1,item2-0,1,0,No,Non
339,114,0.8a1,privacyImplementation2,item1-1,0,1,Yes,Oui
340,114,0.8a1,privacyImplementation2,item2-0,1,0,No,Non
1,3,0.6,projectDetailsDepartment-NS,item170,0,0,Administrative Tribunals Support Service of Canada,Administration du pipe-line du Nord
2,3,0.6,projectDetailsDepartment-NS,item001,1,0,Agriculture and Agri-Food (Department of),Affaires indiennes et du Nord canadien (Ministère des)
3,3,0.6,projectDetailsDepartment-NS,item023,2,0,Atlantic Canada Opportunities Agency,"Affaires étrangères, du Commerce et du Développement (Ministère des)"
4,3,0.6,projectDetailsDepartment-NS,item085,3,0,Canada Border ServiI was not hired to toces Agency,Agence Parcs Canada
5,3,0.6,projectDetailsDepartment-NS,item038,4,0,Canada Border Services Agency - (Administered Activities),Agence canadienne d'inspection des aliments
6,3,0.6,projectDetailsDepartment-NS,item091,5,0,Canada Mortgage and Housing Corporation (Crown Corporation),Agence canadienne de développement économique du Nord
7,3,0.6,projectDetailsDepartment-NS,item130,6,0,Canada Revenue Agency,Agence de développement économique du Canada pour les régions du Québec
8,3,0.6,projectDetailsDepartment-NS,item122,7,0,Canada Revenue Agency - (Administered Activities),Agence de la consommation en matière financière du Canada
9,3,0.6,projectDetailsDepartment-NS,item052,8,0,Canada School of Public Service,Agence de la santé publique du Canada
10,3,0.6,projectDetailsDepartment-NS,item100,9,0,Canadian Centre for Occupational Health and Safety,Agence de promotion économique du Canada atlantique
11,3,0.6,projectDetailsDepartment-NS,item134,10,0,Canadian Dairy Commission,Agence des services frontaliers du Canada
12,3,0.6,projectDetailsDepartment-NS,item136,11,0,Canadian Food Inspection Agency,Agence des services frontaliers du Canada - (activités administrées)
13,3,0.6,projectDetailsDepartment-NS,item133,12,0,Canadian Grain Commission,Agence du revenu du Canada
14,3,0.6,projectDetailsDepartment-NS,item135,13,0,Canadian Heritage (Department of),Agence du revenu du Canada - (activités administrées)
15,3,0.6,projectDetailsDepartment-NS,item171,14,0,Canadian High Arctic Research Station,Agence fédérale de développement économique pour le Sud de l'Ontario
16,3,0.6,projectDetailsDepartment-NS,item075,15,0,Canadian Human Rights Commission,Agence spatiale canadienne
17,3,0.6,projectDetailsDepartment-NS,item061,16,0,Canadian Institutes of Health Research,Agriculture et de l'Agroalimentaire (Ministère de l')
18,3,0.6,projectDetailsDepartment-NS,item043,17,0,Canadian Intergovernmental Conference Secretariat,Anciens Combattants (Ministère des)
19,3,0.6,projectDetailsDepartment-NS,item078,18,0,Canadian Northern Economic Development Agency,Bibliothèque du Parlement
20,3,0.6,projectDetailsDepartment-NS,item047,19,0,Canadian Nuclear Safety Commission,Bibliothèque et Archives du Canada
21,3,0.6,projectDetailsDepartment-NS,item016,20,0,Canadian Radio-television and Telecommunications Commission,Bureau canadien d'enquête sur les accidents de transport et de la sécurité des transports
22,3,0.6,projectDetailsDepartment-NS,item095,21,0,Canadian Security Intelligence Service,Bureau de l'infrastructure du Canada
23,3,0.6,projectDetailsDepartment-NS,item119,22,0,Canadian Space Agency,Bureau de la coordonnatrice de la situation de la femme
24,3,0.6,projectDetailsDepartment-NS,item101,23,0,Canadian Transportation Accident Investigation and Safety Board,Bureau du Conseil privé
25,3,0.6,projectDetailsDepartment-NS,item040,24,0,Canadian Transportation Agency,Bureau du commissaire du Centre de la sécurité des télécommunications
26,3,0.6,projectDetailsDepartment-NS,item050,25,0,Citizenship and Immigration (Department of),Bureau du commissaire à la magistrature fédérale
27,3,0.6,projectDetailsDepartment-NS,item165,26,0,Communications Security Establishment,Bureau du conseiller sénatorial en éthique
28,3,0.6,projectDetailsDepartment-NS,item116,27,0,Copyright Board,Bureau du directeur des poursuites pénales
29,3,0.6,projectDetailsDepartment-NS,item053,28,0,Correctional Service of Canada,Bureau du directeur général des élections
30,3,0.6,projectDetailsDepartment-NS,item144,29,0,Courts Administration Service,Bureau du directeur parlementaire du budget
31,3,0.6,projectDetailsDepartment-NS,item012,30,0,Economic Development Agency of Canada for the Regions of Quebec,Bureau du secrétaire du gouverneur général
32,3,0.6,projectDetailsDepartment-NS,item014,31,0,Employment and Social Development (Department of),Bureau du surintendant des institutions financières
33,3,0.6,projectDetailsDepartment-NS,item007,32,0,Environment (Department of the),Bureau du vérificateur général
34,3,0.6,projectDetailsDepartment-NS,item123,33,0,Export Development Canada (Crown Corporation),Centre canadien d'hygiène et de sécurité au travail
35,3,0.6,projectDetailsDepartment-NS,item062,34,0,Federal Economic Development Agency for Southern Ontario,Centre d'analyse des opérations et déclarations financières du Canada
36,3,0.6,projectDetailsDepartment-NS,item006,35,0,Finance (Department of),Centre de la sécurité des télécommunications
37,3,0.6,projectDetailsDepartment-NS,item141,36,0,Financial Consumer Agency of Canada,Chambre des communes
38,3,0.6,projectDetailsDepartment-NS,item139,37,0,Financial Transactions and Reports Analysis Centre of Canada,Citoyenneté et de l'Immigration (Ministère de la)
39,3,0.6,projectDetailsDepartment-NS,item086,38,0,Fisheries and Oceans (Department of),Comité de surveillance des activités de renseignement de sécurité
40,3,0.6,projectDetailsDepartment-NS,item005,39,0,"Foreign Affairs, Trade and Development (Department of)",Comité externe d'examen des griefs militaires
41,3,0.6,projectDetailsDepartment-NS,item022,40,0,Health (Department of),Commissariat au lobbying
42,3,0.6,projectDetailsDepartment-NS,item067,41,0,House of Commons,Commissariat aux conflits d'intérêts et à l'éthique
43,3,0.6,projectDetailsDepartment-NS,item032,42,0,Immigration and Refugee Board,Commissariat aux langues officielles
44,3,0.6,projectDetailsDepartment-NS,item042,43,0,Indian Affairs and Northern Development (Department of),Commissariat à l'intégrité du secteur public
45,3,0.6,projectDetailsDepartment-NS,item033,44,0,Industry (Department of),Commissariats à l'information et à la protection de la vie privée au Canada
46,3,0.6,projectDetailsDepartment-NS,item024,45,0,International Joint Commission (Canadian Section),Commission canadienne de sûreté nucléaire
47,3,0.6,projectDetailsDepartment-NS,item180,46,0,Invest in Canada Hub,Commission canadienne des droits de la personne
48,3,0.6,projectDetailsDepartment-NS,item013,47,0,Justice (Department of),Commission canadienne des grains
49,3,0.6,projectDetailsDepartment-NS,item145,48,0,Library and Archives of Canada,Commission canadienne du lait
50,3,0.6,projectDetailsDepartment-NS,item017,49,0,Library of Parliament,Commission d'examen des plaintes concernant la police militaire
51,3,0.6,projectDetailsDepartment-NS,item138,50,0,Military Grievances External Review Committee,Commission de l'immigration et du statut de réfugié
52,3,0.6,projectDetailsDepartment-NS,item137,51,0,Military Police Complaints Commission,Commission de la fonction publique
53,3,0.6,projectDetailsDepartment-NS,item018,52,0,National Defence (Department of),Commission des champs de bataille nationaux
54,3,0.6,projectDetailsDepartment-NS,item074,53,0,National Energy Board,Commission des libérations conditionnelles du Canada
55,3,0.6,projectDetailsDepartment-NS,item039,54,0,National Film Board,Commission du droit d'auteur
56,3,0.6,projectDetailsDepartment-NS,item035,55,0,National Research Council of Canada,Commission mixte internationale (section canadienne)
57,3,0.6,projectDetailsDepartment-NS,item041,56,0,Natural Resources (Department of),Conseil d'examen du prix des médicaments brevetés
58,3,0.6,projectDetailsDepartment-NS,item027,57,0,Natural Sciences and Engineering Research Council,Conseil de la radiodiffusion et des télécommunications canadiennes
59,3,0.6,projectDetailsDepartment-NS,item066,58,0,Northern Pipeline Agency,Conseil de recherches en sciences humaines
60,3,0.6,projectDetailsDepartment-NS,item142,59,0,Office of Infrastructure of Canada,Conseil de recherches en sciences naturelles et en génie
61,3,0.6,projectDetailsDepartment-NS,item002,60,0,Office of the Auditor General,Conseil national de recherches du Canada
62,3,0.6,projectDetailsDepartment-NS,item015,61,0,Office of the Chief Electoral Officer,Diversification de l'économie de l'Ouest canadien (Ministère de la)
63,3,0.6,projectDetailsDepartment-NS,item083,62,0,"Office of the Co-ordinator, Status of Women",Défense nationale (Ministère de la)
64,3,0.6,projectDetailsDepartment-NS,item051,63,0,Office of the Commissioner for Federal Judicial Affairs,Emploi et du Développement social (Ministère de l')
65,3,0.6,projectDetailsDepartment-NS,item154,64,0,Office of the Commissioner of Lobbying,Environnement (Ministère de l')
66,3,0.6,projectDetailsDepartment-NS,item076,65,0,Office of the Commissioner of Official Languages,Exportation et développement Canada (Société d'État)
67,3,0.6,projectDetailsDepartment-NS,item055,66,0,Office of the Communications Security Establishment Commissioner,Finances (Ministère des)
68,3,0.6,projectDetailsDepartment-NS,item147,67,0,Office of the Conflict of Interest and Ethics Commissioner,Gendarmerie royale du Canada
69,3,0.6,projectDetailsDepartment-NS,item019,68,0,Office of the Director of Public Prosecutions,Grand livre général du système de la paye
70,3,0.6,projectDetailsDepartment-NS,item008,69,0,Office of the Governor General's Secretary,Industrie (Ministère de l')
71,3,0.6,projectDetailsDepartment-NS,item183,70,0,Office of the Parliamentary Budget Officer,Instituts de recherche en santé du Canada
72,3,0.6,projectDetailsDepartment-NS,item046,71,0,Office of the Public Sector Integrity Commissioner,Investir au Canada
73,3,0.6,projectDetailsDepartment-NS,item151,72,0,Office of the Senate Ethics Officer,Justice (Ministère de la)
74,3,0.6,projectDetailsDepartment-NS,item011,73,0,Office of the Superintendent of Financial Institutions,Office des transports du Canada
75,3,0.6,projectDetailsDepartment-NS,item096,74,0,Offices of the Information and Privacy Commissioners of Canada,Office national de l'énergie
76,3,0.6,projectDetailsDepartment-NS,item124,75,0,Parks Canada Agency,Office national du film
77,3,0.6,projectDetailsDepartment-NS,item176,76,0,Parliamentary Protective Service,Patrimoine canadien (Ministère du)
78,3,0.6,projectDetailsDepartment-NS,item057,77,0,Parole Board of Canada,Pension de retraite de la fonction publique
79,3,0.6,projectDetailsDepartment-NS,item109,78,0,Patented Medicine Prices Review Board,Pêches et des Océans (Ministère des)
80,3,0.6,projectDetailsDepartment-NS,item079,79,0,Payroll System General Ledger,Receveur général
81,3,0.6,projectDetailsDepartment-NS,item025,80,0,Privy Council Office,Registraire de la Cour suprême du Canada
82,3,0.6,projectDetailsDepartment-NS,item148,81,0,Public Health Agency of Canada,Ressources naturelles (Ministère des)
83,3,0.6,projectDetailsDepartment-NS,item088,82,0,Public Safety and Emergency Preparedness (Department of),Santé (Ministère de la)
84,3,0.6,projectDetailsDepartment-NS,item004,83,0,Public Service Commission,Secrétariat des conférences intergouvernementales canadiennes
85,3,0.6,projectDetailsDepartment-NS,item087,84,0,Public Service Superannuation,Secrétariat du Comité des parlementaires sur la sécurité nationale et le renseignement
86,3,0.6,projectDetailsDepartment-NS,item127,85,0,Public Works and Government Services (Department of),Secrétariat du Conseil du Trésor
87,3,0.6,projectDetailsDepartment-NS,item097,86,0,Receiver General,Service administratif des tribunaux judiciaires
88,3,0.6,projectDetailsDepartment-NS,item080,87,0,Registrar of the Supreme Court of Canada,Service canadien d'appui aux tribunaux administratifs
89,3,0.6,projectDetailsDepartment-NS,item030,88,0,Royal Canadian Mounted Police,Service canadien du renseignement de sécurité
90,3,0.6,projectDetailsDepartment-NS,item192,89,0,Secretariat of the National Security and Intelligence Committee of Parliamentarians,Service correctionnel du Canada
91,3,0.6,projectDetailsDepartment-NS,item103,90,0,Security Intelligence Review Committee,Service de protection parlementaire
92,3,0.6,projectDetailsDepartment-NS,item009,91,0,Senate,Services partagés Canada
93,3,0.6,projectDetailsDepartment-NS,item163,92,0,Shared Services Canada,Société canadienne d'hypothèques et de logement (Société d'État)
94,3,0.6,projectDetailsDepartment-NS,item063,93,0,Social Sciences and Humanities Research Council,Station canadienne de recherche dans l'Extrême-Arctique
95,3,0.6,projectDetailsDepartment-NS,item054,94,0,Statistics Canada,Statistique Canada
96,3,0.6,projectDetailsDepartment-NS,item037,95,0,Telefilm Canada,Sécurité publique et de la Protection civile (Ministère de la)
97,3,0.6,projectDetailsDepartment-NS,item102,96,0,The National Battlefields Commission,Sénat
98,3,0.6,projectDetailsDepartment-NS,item034,97,0,Transport (Department of),Transports (Ministère des)
99,3,0.6,projectDetailsDepartment-NS,item056,98,0,Treasury Board Secretariat,Travaux publics et des Services gouvernementaux (Ministère des)
100,3,0.6,projectDetailsDepartment-NS,item021,99,0,Veterans Affairs (Department of),Téléfilm Canada
101,3,0.6,projectDetailsDepartment-NS,item044,100,0,Western Economic Diversification (Department of),École de la fonction publique du Canada
102,8,0.6,projectDetailsPhase,item1,0,0,Design,
103,8,0.6,projectDetailsPhase,item2,1,0,Implementation,Implémentation
104,10,0.6,businessDrivers1,item1,0,0,Existing backlog of work or cases,Arriéré de travail ou de cas existant
105,10,0.6,businessDrivers1,item2,1,0,Improve overall quality of decisions,Amélioration de la qualité générale des décisions
106,10,0.6,businessDrivers1,item3,2,0,Lower transaction costs of an existing program,Réduction des coûts de transaction d'un programme existant
107,10,0.6,businessDrivers1,item4,3,0,The system is performing tasks that humans could not accomplish in a reasonable period of time,Le système exécute des taĉhes que les humans ne sont pas en mesure d'accomplir dans un délai raisonnable
108,10,0.6,businessDrivers1,item5,4,0,Use innovative approaches,Utilisation d'approches novatrices
109,10,0.6,businessDrivers1,item6,5,0,Other (please specify),Autre (veuillez préciser)
110,12,0.6,riskProfile1,item1-3,0,3,Yes,Oui
111,12,0.6,riskProfile1,item2-0,1,0,No,Non
112,13,0.6,riskProfile2,item1-3,0,3,Yes,Oui
113,13,0.6,riskProfile2,item2-0,1,0,No,Non
114,14,0.6,riskProfile3,item1-4,0,4,Yes,Oui
115,14,0.6,riskProfile3,item2-0,1,0,No,Non
116,15,0.6,riskProfile4,item1-3,0,3,Yes,Oui
117,15,0.6,riskProfile4,item2-0,1,0,No,Non
118,16,0.6,projectAuthority1,item1-2,0,2,Yes,Oui
119,16,0.6,projectAuthority1,item2-0,1,0,No,Non
120,17,0.6,aboutSystem1,item1,0,0,"Image and object recognition: Analyzing very large data sets to automate the recognition, classification, and context associated with an image or object.","Reconnaissance d'images et d'objets: Analyser de volumineux jeux de donnée pour automatiser la reconnaissance, la classification et le context associés à une image ou à un objet."
121,17,0.6,aboutSystem1,item2,1,0,"Text and speech analysis: Analyzing large data sets to recognize, process, and tag text, speech, voice, and make recommendations based on the tagging","Analyse du texte et de la parole: Analyser de vastes jeux de données pour reconnaître, traiter et étiqueter le texte, la parole, la voix et faire des recommendations en fonction du marquage."
122,17,0.6,aboutSystem1,item3,2,0,Risk assessment: Analyzing very large data sets to identify patterns and recommend courses of action and in some cases trigger specific actions,"Évaluation des risques: Analyser de volumineux jeux de données pour déterminer les tendances et recommander des mesures et, dans certains cas, déclencher la prise de mesures précises. "
123,17,0.6,aboutSystem1,item4,3,0,"Content generation: Analyzing large data sets to categorize, process, triage, personalize, and serve specific content for specific contexts","Génération de contenu: Analyser de vastes jeux de données pour créer des catégories, traiter, trier, personnaliser et servir un contenu spécifique destiné à des contextes particuliers."
124,17,0.6,aboutSystem1,item5,4,0,"Process optimization & workflow automation: Analyzing large data sets to identify and anomalies, cluster patterns, predict outcomes or ways to optimize; and automate specific workflows","Optimisation des processus et automatisation des flux de travail:    Analyser de vastes jeux de connées pour déterminer et corriger les anomalies, les modèles de grappes, prévoir les résultats ou les façons d'optimiser; et d'automatiser des flux de travail spécifique."
125,17,0.6,aboutSystem1,item6-1,5,1,Other (please specify),Autre (veuillez préciser)
126,19,0.6,aboutAlgorithm1,item1-3,0,3,Yes,Oui
127,19,0.6,aboutAlgorithm1,item2-0,1,0,No,Non
128,20,0.6,aboutAlgorithm2,item1-3,0,3,Yes,Oui
129,20,0.6,aboutAlgorithm2,item2-0,1,0,No,Non
130,21,0.6,decisionSector1,item1-1,0,1,Health related services,Services liés à la santé
131,21,0.6,decisionSector1,item2-1,1,1,"Economic interests (grants and contributions, tax benefits, debt collection)","Intérêts économiques (subventions et contributions, avantages fiscaux, recouvrement de dettes)"
132,21,0.6,decisionSector1,item3-1,2,1,"Social assistance (ei, disability claims, etc)","Aide sociales (assurance-emploi, demandes de prestations d'invalidité, etc.)"
133,21,0.6,decisionSector1,item4-1,3,1,"Access and mobility (security clearances, border crossings)","Accès et mobilité (habitations de sécurité, passages frontaliers)"
134,21,0.6,decisionSector1,item5-1,4,1,Licensing and issuance of permits,Accréditation et délivrance de permis
135,21,0.6,decisionSector1,item6-1,5,1,Other (please specify),Autre (veuillez préciser)
136,23,0.6,impact1,item1-1,0,1,Yes,Oui
137,23,0.6,impact1,item2-0,1,0,No,Non
138,24,0.6,impact2,item1-3,0,3,Yes,Oui
139,24,0.6,impact2,item2-0,1,0,No,Non
140,25,0.6,impact3,item1-4,0,4,Yes,Oui
141,25,0.6,impact3,item2-0,1,0,No,Non
142,27,0.6,impact5,item1-4,0,4,Yes,Oui
143,27,0.6,impact5,item2-0,1,0,No,Non
144,28,0.6,impact6,item1-1,0,1,Reversible,Réversible
145,28,0.6,impact6,item2-2,1,2,Likely reversible,Probablement réversible
146,28,0.6,impact6,item3-3,2,3,Difficult to reverse,Difficile à inverser
147,28,0.6,impact6,item4-4,3,4,Irreversible,Irréversible
148,29,0.6,impact7,item1-1,0,1,Impacts are most likely to be brief,Les incidences risquent fort probablement d’être brèves
149,29,0.6,impact7,item2-2,1,2,"Some impacts may last a matter of months, but some lingering impacts may last longer",Certaines incidences peuvent durer quelques mois ou plus longtemps.
150,29,0.6,impact7,item3-3,2,3,Impacts can last years,Les incidences peuvent durer des années.
151,29,0.6,impact7,item4-4,3,4,Most impacts are perpetual,La plupart des incidences sont sans limite dans le temps.
152,31,0.6,impact9,item1-1,0,1,Little to no impact,Incidence faible ou nulle
153,31,0.6,impact9,item2-2,1,2,Moderate impact,Incidence modérée
154,31,0.6,impact9,3,2,0,High impact,Incidence élevée
155,31,0.6,impact9,4,3,0,Very high impact,Incidence très élevée
156,33,0.6,impact11,item1-1,0,1,Little to no impact,Incidence faible ou nulle
157,33,0.6,impact11,item2-2,1,2,Moderate impact,Incidence modérée
158,33,0.6,impact11,item3-3,2,3,High impact,Incidence élevée
159,33,0.6,impact11,item4-4,3,4,Very high impact,Incidence très élevée
160,35,0.6,impact13,item1-1,0,1,Little to no impact,Incidence faible ou nulle
161,35,0.6,impact13,item2-2,1,2,Moderate impact,Incidence modérée
162,35,0.6,impact13,item3-3,2,3,High impact,Incidence élevée
163,35,0.6,impact13,item4-4,3,4,Very high impact,Incidence très élevée
164,37,0.6,impact15,item1-1,0,1,Little to no impact,Incidence faible ou nulle
165,37,0.6,impact15,item2-2,1,2,Moderate impact,Incidence modérée
166,37,0.6,impact15,item3-3,2,3,High impact,Incidence élevée
167,37,0.6,impact15,item4-4,3,4,Very high impact,Incidence très élevée
168,39,0.6,aboutDataSource1,item1-4,0,4,Yes,Oui
169,39,0.6,aboutDataSource1,item2-0,1,0,No,Non
170,40,0.6,aboutDataSource2,item1-0,0,0,None,Aucun
171,40,0.6,aboutDataSource2,item2-1,1,1,Protected A,Protégé A
172,40,0.6,aboutDataSource2,item3-2,2,2,Classified / Confidential,Classifié/confidentiel
173,40,0.6,aboutDataSource2,item4-3,3,3,Protected B / Protected C,Protégé B/Protégé C
174,40,0.6,aboutDataSource2,item5-4,4,4,Secret / Top Secret,Secret/Très Secret
175,41,0.6,aboutDataSource3,item1-0,0,0,Open Data Source,Source de données ouvertes
176,41,0.6,aboutDataSource3,item2-1,1,1,Federal government,Gouvernement fédéral
177,41,0.6,aboutDataSource3,item3-2,2,2,Other Canadian Government (prov/municipal),Autre gouvernement canadien (provincial/municipal)
178,41,0.6,aboutDataSource3,item4-3,3,3,Private Sector / NGO,Secteur privé / ONG
179,42,0.6,aboutDataSource4,item1-4,0,4,Yes,Oui
180,42,0.6,aboutDataSource4,item2-0,1,0,No,Non
181,43,0.6,aboutDataSource5,item1-4,0,4,Yes,Oui
182,43,0.6,aboutDataSource5,item2-0,1,0,No,Non
183,44,0.6,aboutDataSource6,item1-4,0,4,Yes,Oui
184,44,0.6,aboutDataSource6,item2-0,1,0,No,Non
185,45,0.6,aboutDataSource7,item1-1,0,1,Your institution,Votre institution
186,45,0.6,aboutDataSource7,item2-2,1,2,Another federal institution,Une autre institution fédérale
187,45,0.6,aboutDataSource7,item3-3,2,3,Another level of government,Autre niveau de gouvernement
188,45,0.6,aboutDataSource7,item4-4,3,4,A foreign government or non-government third party,Un gouvernement étranger ou un tiers non gouvernemental
189,46,0.6,aboutDataSource8,item1-1,0,1,Your institution,Votre institution
190,46,0.6,aboutDataSource8,item2-2,1,2,Another federal institution,Une autre institution fédérale
191,46,0.6,aboutDataSource8,item3-3,2,3,Another level of government,Autre niveau de gouvernement
192,46,0.6,aboutDataSource8,item4-4,3,4,A foreign government or non-government third party,Un gouvernement étranger ou un tiers non gouvernemental
193,47,0.6,aboutDataType1,item1,0,0,Yes,Oui
194,47,0.6,aboutDataType1,item2,1,0,No,Non
195,48,0.6,aboutDataType2,item1-2,0,2,Audio and text files,Fichiers audio et textuels
196,48,0.6,aboutDataType2,item2-4,1,4,Images and videos,Images et vidéos
197,49,0.6,consultationDesign1,item1-1,0,1,Yes,Oui
198,49,0.6,consultationDesign1,item2-0,1,0,No,Non
199,50,0.6,consultationDesign2-NS,item2,0,0,Strategic Policy and Planning,Politique et planification stratégiques
200,50,0.6,consultationDesign2-NS,item3,1,0,Data Governance,Gouvernance des données
201,50,0.6,consultationDesign2-NS,item4,2,0,Program Policy,Politique du programme
202,50,0.6,consultationDesign2-NS,item5,3,0,Legal Services,Services légaux
203,50,0.6,consultationDesign2-NS,item6,4,0,Access To Information Policy,Politique sur l'accès à l'information
204,50,0.6,consultationDesign2-NS,item7,5,0,Communications,
205,50,0.6,consultationDesign2-NS,item8,6,0,Client Experience / Client Relationship Management,Expérience client / Gestion de la relation client
206,51,0.6,consultationDesign3,item1-1,0,1,Yes,Oui
207,51,0.6,consultationDesign3,item2-0,1,0,No,Non
208,52,0.6,consultationDesign4-NS,item2,0,0,Civil Society,Société civile
209,52,0.6,consultationDesign4-NS,item7,1,0,Academia,Milieu universitaire
210,52,0.6,consultationDesign4-NS,item8,2,0,Industry,Industrie
211,53,0.6,consultationImplementation1,item1-1,0,1,Yes,Oui
212,53,0.6,consultationImplementation1,item2-0,1,0,No,Non
213,54,0.6,consultationImplementation2-NS,item2,0,0,Strategic Policy and Planning,Politique et planification stratégiques
214,54,0.6,consultationImplementation2-NS,item3,1,0,Data Governance,Gouvernance des données
215,54,0.6,consultationImplementation2-NS,item4,2,0,Program Policy,Politique du programme
216,54,0.6,consultationImplementation2-NS,item5,3,0,Legal Services,Services légaux
217,54,0.6,consultationImplementation2-NS,item6,4,0,Access To Information Policy,Politique sur l'accès à l'information
218,54,0.6,consultationImplementation2-NS,item7,5,0,Communications,
219,54,0.6,consultationImplementation2-NS,item8,6,0,Client Experience / Client Relationship Management,Expérience client / Gestion de la relation client
220,55,0.6,consultationImplementation3,item1-1,0,1,Yes,Oui
221,55,0.6,consultationImplementation3,item2-0,1,0,No,Non
222,56,0.6,consultationImplementation4-NS,item2,0,0,Civil Society,Société civile
223,56,0.6,consultationImplementation4-NS,item7,1,0,Academia,Milieu universitaire
224,56,0.6,consultationImplementation4-NS,item8,2,0,Industry,Industrie
225,57,0.6,dataQualityDesign1,item1-2,0,2,Yes,Oui
226,57,0.6,dataQualityDesign1,item2-0,1,0,No,Non
227,58,0.6,dataQualityDesign2,item1-1,0,1,Yes,Oui
228,58,0.6,dataQualityDesign2,item2-0,1,0,No,Non
229,59,0.6,dataQualityDesign3,item1-1,0,1,Yes,Oui
230,59,0.6,dataQualityDesign3,item2-0,1,0,No,Non
231,60,0.6,dataQualityDesign4,item1-1,0,1,Yes,Oui
232,60,0.6,dataQualityDesign4,item2-0,1,0,No,Non
233,61,0.6,dataQualityDesign5,1,0,0,Yes,Oui
234,61,0.6,dataQualityDesign5,0,1,0,No,Non
235,62,0.6,dataQualityDesign6,item1-1,0,1,Yes,Oui
236,62,0.6,dataQualityDesign6,item2-0,1,0,No,Non
237,63,0.6,dataQualityDesign7,item1-2,0,2,Yes,Oui
238,63,0.6,dataQualityDesign7,item2-0,1,0,No,Non
239,64,0.6,dataQualityDesign8,2,0,0,Yes,Oui
240,64,0.6,dataQualityDesign8,0,1,0,No,Non
241,65,0.6,dataQualityDesign9,item1-1,0,1,Yes,Oui
242,65,0.6,dataQualityDesign9,item2-0,1,0,No,Non
243,66,0.6,dataQualityDesign10,2,0,0,Yes,Oui
244,66,0.6,dataQualityDesign10,0,1,0,No,Non
245,67,0.6,dataQualityImplementation1,item1-2,0,2,Yes,Oui
246,67,0.6,dataQualityImplementation1,item2-0,1,0,No,Non
247,68,0.6,dataQualityImplementation2,item1,0,0,Yes,Oui
248,68,0.6,dataQualityImplementation2,item2,1,0,No,Non
249,69,0.6,dataQualityImplementation3,item1-1,0,1,Yes,Oui
250,69,0.6,dataQualityImplementation3,item2-0,1,0,No,Non
251,70,0.6,dataQualityImplementation4,item1,0,0,Yes,Oui
252,70,0.6,dataQualityImplementation4,item2,1,0,No,Non
253,71,0.6,dataQualityImplementation5,item1-1,0,1,Yes,Oui
254,71,0.6,dataQualityImplementation5,item2-0,1,0,No,Non
255,72,0.6,dataQualityImplementation6,item1,0,0,Yes,Oui
256,72,0.6,dataQualityImplementation6,item2,1,0,No,Non
257,73,0.6,dataQualityImplementation7,item1-2,0,2,Yes,Oui
258,73,0.6,dataQualityImplementation7,item2-0,1,0,No,Non
259,74,0.6,dataQualityImplementation8,item1-2,0,2,Yes,Oui
260,74,0.6,dataQualityImplementation8,item2-0,1,0,No,Non
261,75,0.6,dataQualityImplementation9,item1,0,0,Yes,Oui
262,75,0.6,dataQualityImplementation9,item2,1,0,No,Non
263,76,0.6,dataQualityImplementation10,item1-2,0,2,Yes,Oui
264,76,0.6,dataQualityImplementation10,item2-0,1,0,No,Non
265,77,0.6,fairnessDesign1,item1-2,0,2,Yes,Oui
266,77,0.6,fairnessDesign1,item2-0,1,0,No,Non
267,78,0.6,fairnessDesign2,item1-2,0,2,Yes,Oui
268,78,0.6,fairnessDesign2,item2-0,1,0,No,Non
269,79,0.6,fairnessDesign3,item1-1,0,1,Yes,Oui
270,79,0.6,fairnessDesign3,item2-0,1,0,No,Non
271,80,0.6,fairnessDesign4,item1-1,0,1,Yes,Oui
272,80,0.6,fairnessDesign4,item2-0,1,0,No,Non
273,81,0.6,fairnessDesign5,item1-2,0,2,Yes,Oui
274,81,0.6,fairnessDesign5,item2-0,1,0,No,Non
275,82,0.6,fairnessDesign6,item1-1,0,1,Yes,Oui
276,82,0.6,fairnessDesign6,item2-0,1,0,No,Non
277,83,0.6,fairnessDesign7,item1-1,0,1,Yes,Oui
278,83,0.6,fairnessDesign7,item2-0,1,0,No,Non
279,84,0.6,fairnessDesign8,item1-2,0,2,Yes,Oui
280,84,0.6,fairnessDesign8,item2-0,1,0,No,Non
281,85,0.6,fairnessDesign9,item1-2,0,2,Yes,Oui
282,85,0.6,fairnessDesign9,item2-0,1,0,No,Non
283,86,0.6,fairnessDesign10,item1-1,0,1,Yes,Oui
284,86,0.6,fairnessDesign10,item2-0,1,0,No,Non
285,87,0.6,fairnessDesign11,item1-2,0,2,Yes,Oui
286,87,0.6,fairnessDesign11,item2-0,1,0,No,Non
287,88,0.6,fairnessDesign12,item1-1,0,1,Yes,Oui
288,88,0.6,fairnessDesign12,item2-0,1,0,No,Non
289,89,0.6,fairnessImplementation1,item1-2,0,2,Yes,Oui
290,89,0.6,fairnessImplementation1,item2-0,1,0,No,Non
291,90,0.6,fairnessImplementation2,item1-2,0,2,Yes,Oui
292,90,0.6,fairnessImplementation2,item2-0,1,0,No,Non
293,91,0.6,fairnessImplementation3,item1-1,0,1,Yes,Oui
294,91,0.6,fairnessImplementation3,item2-0,1,0,No,Non
295,92,0.6,fairnessImplementation4,item1-1,0,1,Yes,Oui
296,92,0.6,fairnessImplementation4,item2-0,1,0,No,Non
297,93,0.6,fairnessImplementation5,item1-2,0,2,Yes,Oui
298,93,0.6,fairnessImplementation5,item2-0,1,0,No,Non
299,94,0.6,fairnessImplementation6,item1-1,0,1,Yes,Oui
300,94,0.6,fairnessImplementation6,item2-0,1,0,No,Non
301,95,0.6,fairnessImplementation7,item1-1,0,1,Yes,Oui
302,95,0.6,fairnessImplementation7,item2-0,1,0,No,Non
303,96,0.6,fairnessImplementation8,item1-2,0,2,Yes,Oui
304,96,0.6,fairnessImplementation8,item2-0,1,0,No,Non
305,97,0.6,fairnessImplementation9,item1-2,0,2,Yes,Oui
306,97,0.6,fairnessImplementation9,item2-0,1,0,No,Non
307,98,0.6,fairnessImplementation10,item1-1,0,1,Yes,Oui
308,98,0.6,fairnessImplementation10,item2-0,1,0,No,Non
309,99,0.6,fairnessImplementation11,item1-2,0,2,Yes,Oui
310,99,0.6,fairnessImplementation11,item2-0,1,0,No,Non
311,100,0.6,fairnessImplementation12,item1-1,0,1,Yes,Oui
312,100,0.6,fairnessImplementation12,item2-0,1,0,No,Non
313,101,0.6,privacyDesign1,item1-1,0,1,Yes,Oui
314,101,0.6,privacyDesign1,item2-0,1,0,No,Non
315,102,0.6,privacyDesign2,item1-1,0,1,Yes,Oui
316,102,0.6,privacyDesign2,item2-0,1,0,No,Non
317,103,0.6,privacyImplementation1,item1-1,0,1,Yes,Oui
318,103,0.6,privacyImplementation1,item2-0,1,0,No,Non
319,104,0.6,privacyImplementation2,item1-1,0,1,Yes,Oui
320,104,0.6,privacyImplementation2,item2-0,1,0,No,Non
1,3,0.5,department-NS,item170,0,0,Administrative Tribunals Support Service of Canada,Administration du pipe-line du Nord
2,3,0.5,department-NS,item001,1,0,Agriculture and Agri-Food (Department of),Affaires indiennes et du Nord canadien (Ministère des)
3,3,0.5,department-NS,item023,2,0,Atlantic Canada Opportunities Agency,"Affaires étrangères, du Commerce et du Développement (Ministère des)"
4,3,0.5,department-NS,item085,3,0,Canada Border Services Agency,Agence Parcs Canada
5,3,0.5,department-NS,item038,4,0,Canada Border Services Agency - (Administered Activities),Agence canadienne d'inspection des aliments
6,3,0.5,department-NS,item091,5,0,Canada Mortgage and Housing Corporation (Crown Corporation),Agence canadienne de développement économique du Nord
7,3,0.5,department-NS,item130,6,0,Canada Revenue Agency,Agence de développement économique du Canada pour les régions du Québec
8,3,0.5,department-NS,item122,7,0,Canada Revenue Agency - (Administered Activities),Agence de la consommation en matière financière du Canada
9,3,0.5,department-NS,item052,8,0,Canada School of Public Service,Agence de la santé publique du Canada
10,3,0.5,department-NS,item100,9,0,Canadian Centre for Occupational Health and Safety,Agence de promotion économique du Canada atlantique
11,3,0.5,department-NS,item134,10,0,Canadian Dairy Commission,Agence des services frontaliers du Canada
12,3,0.5,department-NS,item136,11,0,Canadian Food Inspection Agency,Agence des services frontaliers du Canada - (activités administrées)
13,3,0.5,department-NS,item133,12,0,Canadian Grain Commission,Agence du revenu du Canada
14,3,0.5,department-NS,item135,13,0,Canadian Heritage (Department of),Agence du revenu du Canada - (activités administrées)
15,3,0.5,department-NS,item171,14,0,Canadian High Arctic Research Station,Agence fédérale de développement économique pour le Sud de l'Ontario
16,3,0.5,department-NS,item075,15,0,Canadian Human Rights Commission,Agence spatiale canadienne
17,3,0.5,department-NS,item061,16,0,Canadian Institutes of Health Research,Agriculture et de l'Agroalimentaire (Ministère de l')
18,3,0.5,department-NS,item043,17,0,Canadian Intergovernmental Conference Secretariat,Anciens Combattants (Ministère des)
19,3,0.5,department-NS,item078,18,0,Canadian Northern Economic Development Agency,Bibliothèque du Parlement
20,3,0.5,department-NS,item047,19,0,Canadian Nuclear Safety Commission,Bibliothèque et Archives du Canada
21,3,0.5,department-NS,item016,20,0,Canadian Radio-television and Telecommunications Commission,Bureau canadien d'enquête sur les accidents de transport et de la sécurité des transports
22,3,0.5,department-NS,item095,21,0,Canadian Security Intelligence Service,Bureau de l'infrastructure du Canada
23,3,0.5,department-NS,item119,22,0,Canadian Space Agency,Bureau de la coordonnatrice de la situation de la femme
24,3,0.5,department-NS,item101,23,0,Canadian Transportation Accident Investigation and Safety Board,Bureau du Conseil privé
25,3,0.5,department-NS,item040,24,0,Canadian Transportation Agency,Bureau du commissaire du Centre de la sécurité des télécommunications
26,3,0.5,department-NS,item050,25,0,Citizenship and Immigration (Department of),Bureau du commissaire à la magistrature fédérale
27,3,0.5,department-NS,item165,26,0,Communications Security Establishment,Bureau du conseiller sénatorial en éthique
28,3,0.5,department-NS,item116,27,0,Copyright Board,Bureau du directeur des poursuites pénales
29,3,0.5,department-NS,item053,28,0,Correctional Service of Canada,Bureau du directeur général des élections
30,3,0.5,department-NS,item144,29,0,Courts Administration Service,Bureau du directeur parlementaire du budget
31,3,0.5,department-NS,item012,30,0,Economic Development Agency of Canada for the Regions of Quebec,Bureau du secrétaire du gouverneur général
32,3,0.5,department-NS,item014,31,0,Employment and Social Development (Department of),Bureau du surintendant des institutions financières
33,3,0.5,department-NS,item007,32,0,Environment (Department of the),Bureau du vérificateur général
34,3,0.5,department-NS,item123,33,0,Export Development Canada (Crown Corporation),Centre canadien d'hygiène et de sécurité au travail
35,3,0.5,department-NS,item062,34,0,Federal Economic Development Agency for Southern Ontario,Centre d'analyse des opérations et déclarations financières du Canada
36,3,0.5,department-NS,item006,35,0,Finance (Department of),Centre de la sécurité des télécommunications
37,3,0.5,department-NS,item141,36,0,Financial Consumer Agency of Canada,Chambre des communes
38,3,0.5,department-NS,item139,37,0,Financial Transactions and Reports Analysis Centre of Canada,Citoyenneté et de l'Immigration (Ministère de la)
39,3,0.5,department-NS,item086,38,0,Fisheries and Oceans (Department of),Comité de surveillance des activités de renseignement de sécurité
40,3,0.5,department-NS,item005,39,0,"Foreign Affairs, Trade and Development (Department of)",Comité externe d'examen des griefs militaires
41,3,0.5,department-NS,item022,40,0,Health (Department of),Commissariat au lobbying
42,3,0.5,department-NS,item067,41,0,House of Commons,Commissariat aux conflits d'intérêts et à l'éthique
43,3,0.5,department-NS,item032,42,0,Immigration and Refugee Board,Commissariat aux langues officielles
44,3,0.5,department-NS,item042,43,0,Indian Affairs and Northern Development (Department of),Commissariat à l'intégrité du secteur public
45,3,0.5,department-NS,item033,44,0,Industry (Department of),Commissariats à l'information et à la protection de la vie privée au Canada
46,3,0.5,department-NS,item024,45,0,International Joint Commission (Canadian Section),Commission canadienne de sûreté nucléaire
47,3,0.5,department-NS,item180,46,0,Invest in Canada Hub,Commission canadienne des droits de la personne
48,3,0.5,department-NS,item013,47,0,Justice (Department of),Commission canadienne des grains
49,3,0.5,department-NS,item145,48,0,Library and Archives of Canada,Commission canadienne du lait
50,3,0.5,department-NS,item017,49,0,Library of Parliament,Commission d'examen des plaintes concernant la police militaire
51,3,0.5,department-NS,item138,50,0,Military Grievances External Review Committee,Commission de l'immigration et du statut de réfugié
52,3,0.5,department-NS,item137,51,0,Military Police Complaints Commission,Commission de la fonction publique
53,3,0.5,department-NS,item018,52,0,National Defence (Department of),Commission des champs de bataille nationaux
54,3,0.5,department-NS,item074,53,0,National Energy Board,Commission des libérations conditionnelles du Canada
55,3,0.5,department-NS,item039,54,0,National Film Board,Commission du droit d'auteur
56,3,0.5,department-NS,item035,55,0,National Research Council of Canada,Commission mixte internationale (section canadienne)
57,3,0.5,department-NS,item041,56,0,Natural Resources (Department of),Conseil d'examen du prix des médicaments brevetés
58,3,0.5,department-NS,item027,57,0,Natural Sciences and Engineering Research Council,Conseil de la radiodiffusion et des télécommunications canadiennes
59,3,0.5,department-NS,item066,58,0,Northern Pipeline Agency,Conseil de recherches en sciences humaines
60,3,0.5,department-NS,item142,59,0,Office of Infrastructure of Canada,Conseil de recherches en sciences naturelles et en génie
61,3,0.5,department-NS,item002,60,0,Office of the Auditor General,Conseil national de recherches du Canada
62,3,0.5,department-NS,item015,61,0,Office of the Chief Electoral Officer,Diversification de l'économie de l'Ouest canadien (Ministère de la)
63,3,0.5,department-NS,item083,62,0,"Office of the Co-ordinator, Status of Women",Défense nationale (Ministère de la)
64,3,0.5,department-NS,item051,63,0,Office of the Commissioner for Federal Judicial Affairs,Emploi et du Développement social (Ministère de l')
65,3,0.5,department-NS,item154,64,0,Office of the Commissioner of Lobbying,Environnement (Ministère de l')
66,3,0.5,department-NS,item076,65,0,Office of the Commissioner of Official Languages,Exportation et développement Canada (Société d'État)
67,3,0.5,department-NS,item055,66,0,Office of the Communications Security Establishment Commissioner,Finances (Ministère des)
68,3,0.5,department-NS,item147,67,0,Office of the Conflict of Interest and Ethics Commissioner,Gendarmerie royale du Canada
69,3,0.5,department-NS,item019,68,0,Office of the Director of Public Prosecutions,Grand livre général du système de la paye
70,3,0.5,department-NS,item008,69,0,Office of the Governor General's Secretary,Industrie (Ministère de l')
71,3,0.5,department-NS,item183,70,0,Office of the Parliamentary Budget Officer,Instituts de recherche en santé du Canada
72,3,0.5,department-NS,item046,71,0,Office of the Public Sector Integrity Commissioner,Investir au Canada
73,3,0.5,department-NS,item151,72,0,Office of the Senate Ethics Officer,Justice (Ministère de la)
74,3,0.5,department-NS,item011,73,0,Office of the Superintendent of Financial Institutions,Office des transports du Canada
75,3,0.5,department-NS,item096,74,0,Offices of the Information and Privacy Commissioners of Canada,Office national de l'énergie
76,3,0.5,department-NS,item124,75,0,Parks Canada Agency,Office national du film
77,3,0.5,department-NS,item176,76,0,Parliamentary Protective Service,Patrimoine canadien (Ministère du)
78,3,0.5,department-NS,item057,77,0,Parole Board of Canada,Pension de retraite de la fonction publique
79,3,0.5,department-NS,item109,78,0,Patented Medicine Prices Review Board,Pêches et des Océans (Ministère des)
80,3,0.5,department-NS,item079,79,0,Payroll System General Ledger,Receveur général
81,3,0.5,department-NS,item025,80,0,Privy Council Office,Registraire de la Cour suprême du Canada
82,3,0.5,department-NS,item148,81,0,Public Health Agency of Canada,Ressources naturelles (Ministère des)
83,3,0.5,department-NS,item088,82,0,Public Safety and Emergency Preparedness (Department of),Santé (Ministère de la)
84,3,0.5,department-NS,item004,83,0,Public Service Commission,Secrétariat des conférences intergouvernementales canadiennes
85,3,0.5,department-NS,item087,84,0,Public Service Superannuation,Secrétariat du Comité des parlementaires sur la sécurité nationale et le renseignement
86,3,0.5,department-NS,item127,85,0,Public Works and Government Services (Department of),Secrétariat du Conseil du Trésor
87,3,0.5,department-NS,item097,86,0,Receiver General,Service administratif des tribunaux judiciaires
88,3,0.5,department-NS,item080,87,0,Registrar of the Supreme Court of Canada,Service canadien d'appui aux tribunaux administratifs
89,3,0.5,department-NS,item030,88,0,Royal Canadian Mounted Police,Service canadien du renseignement de sécurité
90,3,0.5,department-NS,item192,89,0,Secretariat of the National Security and Intelligence Committee of Parliamentarians,Service correctionnel du Canada
91,3,0.5,department-NS,item103,90,0,Security Intelligence Review Committee,Service de protection parlementaire
92,3,0.5,department-NS,item009,91,0,Senate,Services partagés Canada
93,3,0.5,department-NS,item163,92,0,Shared Services Canada,Société canadienne d'hypothèques et de logement (Société d'État)
94,3,0.5,department-NS,item063,93,0,Social Sciences and Humanities Research Council,Station canadienne de recherche dans l'Extrême-Arctique
95,3,0.5,department-NS,item054,94,0,Statistics Canada,Statistique Canada
96,3,0.5,department-NS,item037,95,0,Telefilm Canada,Sécurité publique et de la Protection civile (Ministère de la)
97,3,0.5,department-NS,item102,96,0,The National Battlefields Commission,Sénat
98,3,0.5,department-NS,item034,97,0,Transport (Department of),Transports (Ministère des)
99,3,0.5,department-NS,item056,98,0,Treasury Board Secretariat,Travaux publics et des Services gouvernementaux (Ministère des)
100,3,0.5,department-NS,item021,99,0,Veterans Affairs (Department of),Téléfilm Canada
101,3,0.5,department-NS,item044,100,0,Western Economic Diversification (Department of),École de la fonction publique du Canada
102,8,0.5,project-phase,item1,0,0,Design,
103,8,0.5,project-phase,item2,1,0,Implementation,Implémentation
104,10,0.5,business1,item1-1,0,1,Existing backlog of work or cases,Arriéré de travail ou de cas existant
105,10,0.5,business1,item2-1,1,1,Improve overall quality of decisions,Amélioration de la qualité générale des décisions
106,10,0.5,business1,item3-1,2,1,Lower transaction costs of an existing program,Réduction des coûts de transaction d'un programme existant
107,10,0.5,business1,item4-1,3,1,The system is performing tasks that humans could not accomplish in a reasonable period of time,Le système exécute des taĉhes que les humans ne sont pas en mesure d'accomplir dans un délai raisonnable
108,10,0.5,business1,item5-1,4,1,Use innovative approaches,Utilisation d'approches novatrices
109,10,0.5,business1,item6-1,5,1,Other (please specify),Autre (veuillez préciser)
110,12,0.5,risk-profile1,item1-3,0,3,Yes,Oui
111,12,0.5,risk-profile1,item2-0,1,0,No,Non
112,13,0.5,risk-profile2,item1-3,0,3,Yes,Oui
113,13,0.5,risk-profile2,item2-0,1,0,No,Non
114,14,0.5,risk-profile3,item1-4,0,4,Yes,Oui
115,14,0.5,risk-profile3,item2-0,1,0,No,Non
116,15,0.5,risk-profile4,item1-3,0,3,Yes,Oui
117,15,0.5,risk-profile4,item2-0,1,0,No,Non
118,16,0.5,project-authority1,item1-2,0,2,Yes,Oui
119,16,0.5,project-authority1,item2-0,1,0,No,Non
120,17,0.5,system1,item1,0,0,"Image and object recognition: Analyzing very large data sets to automate the recognition, classification, and context associated with an image or object.","Reconnaissance d'images et d'objets: Analyser de volumineux jeux de donnée pour automatiser la reconnaissance, la classification et le context associés à une image ou à un objet."
121,17,0.5,system1,item2,1,0,"Text and speech analysis: Analyzing large data sets to recognize, process, and tag text, speech, voice, and make recommendations based on the tagging","Analyse du texte et de la parole: Analyser de vastes jeux de données pour reconnaître, traiter et étiqueter le texte, la parole, la voix et faire des recommendations en fonction du marquage."
122,17,0.5,system1,item3,2,0,Risk assessment: Analyzing very large data sets to identify patterns and recommend courses of action and in some cases trigger specific actions,"Évaluation des risques: Analyser de volumineux jeux de données pour déterminer les tendances et recommander des mesures et, dans certains cas, déclencher la prise de mesures précises. "
123,17,0.5,system1,item4,3,0,"Content generation: Analyzing large data sets to categorize, process, triage, personalize, and serve specific content for specific contexts","Génération de contenu: Analyser de vastes jeux de données pour créer des catégories, traiter, trier, personnaliser et servir un contenu spécifique destiné à des contextes particuliers."
124,17,0.5,system1,item5,4,0,"Process optimization & workflow automation: Analyzing large data sets to identify and anomalies, cluster patterns, predict outcomes or ways to optimize; and automate specific workflows","Optimisation des processus et automatisation des flux de travail:    Analyser de vastes jeux de connées pour déterminer et corriger les anomalies, les modèles de grappes, prévoir les résultats ou les façons d'optimiser; et d'automatiser des flux de travail spécifique."
125,17,0.5,system1,item6-1,5,1,Other (please specify),Autre (veuillez préciser)
126,19,0.5,about-algorithm1,item1-3,0,3,Yes,Oui
127,19,0.5,about-algorithm1,item2-0,1,0,No,Non
128,20,0.5,about-algorithm2,item1-3,0,3,Yes,Oui
129,20,0.5,about-algorithm2,item2-0,1,0,No,Non
130,21,0.5,sector-categories,item1-1,0,1,Health related services,Services liés à la santé
131,21,0.5,sector-categories,item2-1,1,1,"Economic interests (grants and contributions, tax benefits, debt collection)","Intérêts économiques (subventions et contributions, avantages fiscaux, recouvrement de dettes)"
132,21,0.5,sector-categories,item3-1,2,1,"Social assistance (ei, disability claims, etc)","Aide sociales (assurance-emploi, demandes de prestations d'invalidité, etc.)"
133,21,0.5,sector-categories,item4-1,3,1,"Access and mobility (security clearances, border crossings)","Accès et mobilité (habitations de sécurité, passages frontaliers)"
134,21,0.5,sector-categories,item5-1,4,1,Licensing and issuance of permits,Accréditation et délivrance de permis
135,21,0.5,sector-categories,item6-1,5,1,Other (please specify),Autre (veuillez préciser)
136,23,0.5,question66,item1-1,0,1,Yes,Oui
137,23,0.5,question66,item2-0,1,0,No,Non
138,24,0.5,question67,item1-3,0,3,Yes,Oui
139,24,0.5,question67,item2-0,1,0,No,Non
140,25,0.5,discretion,item1-4,0,4,Yes,Oui
141,25,0.5,discretion,item2-0,1,0,No,Non
142,27,0.5,question8,4,0,0,Yes,Oui
143,27,0.5,question8,0,1,0,No,Non
144,28,0.5,question20,1,0,0,Reversible,Réversible
145,28,0.5,question20,2,1,0,Likely reversible,Probablement réversible
146,28,0.5,question20,3,2,0,Difficult to reverse,Difficile à inverser
147,28,0.5,question20,4,3,0,Irreversible,Irréversible
148,29,0.5,question21,1,0,0,Impacts are most likely to be brief,Les incidences risquent fort probablement d’être brèves
149,29,0.5,question21,2,1,0,"Some impacts may last a matter of months, but some lingering impacts may last longer",Certaines incidences peuvent durer quelques mois ou plus longtemps.
150,29,0.5,question21,3,2,0,Impacts can last years,Les incidences peuvent durer des années.
151,29,0.5,question21,4,3,0,Most impacts are perpetual,La plupart des incidences sont sans limite dans le temps.
152,31,0.5,question22,1,0,0,Little to no impact,Incidence faible ou nulle
153,31,0.5,question22,2,1,0,Moderate impact,Incidence modérée
154,31,0.5,question22,3,2,0,High impact,Incidence élevée
155,31,0.5,question22,4,3,0,Very high impact,Incidence très élevée
156,33,0.5,question14,1,0,0,Little to no impact,Incidence faible ou nulle
157,33,0.5,question14,2,1,0,Moderate impact,Incidence modérée
158,33,0.5,question14,3,2,0,High impact,Incidence élevée
159,33,0.5,question14,4,3,0,Very high impact,Incidence très élevée
160,35,0.5,question16,1,0,0,Little to no impact,Incidence faible ou nulle
161,35,0.5,question16,2,1,0,Moderate impact,Incidence modérée
162,35,0.5,question16,3,2,0,High impact,Incidence élevée
163,35,0.5,question16,4,3,0,Very high impact,Incidence très élevée
164,37,0.5,question18,1,0,0,Little to no impact,Incidence faible ou nulle
165,37,0.5,question18,2,1,0,Moderate impact,Incidence modérée
166,37,0.5,question18,3,2,0,High impact,Incidence élevée
167,37,0.5,question18,4,3,0,Very high impact,Incidence très élevée
168,39,0.5,question24,4,0,0,Yes,Oui
169,39,0.5,question24,0,1,0,No,Non
170,40,0.5,question25,0,0,0,None,Aucun
171,40,0.5,question25,1,1,0,Protected A,Protégé A
172,40,0.5,question25,2,2,0,Classified / Confidential,Classifié/confidentiel
173,40,0.5,question25,3,3,0,Protected B / Protected C,Protégé B/Protégé C
174,40,0.5,question25,4,4,0,Secret / Top Secret,Secret/Très Secret
175,41,0.5,question26,0,0,0,Open Data Source,Source de données ouvertes
176,41,0.5,question26,1,1,0,Federal government,Gouvernement fédéral
177,41,0.5,question26,2,2,0,Other Canadian Government (prov/municipal),Autre gouvernement canadien (provincial/municipal)
178,41,0.5,question26,3,3,0,Private Sector / NGO,Secteur privé / ONG
179,42,0.5,question27,4,0,0,Yes,Oui
180,42,0.5,question27,0,1,0,No,Non
181,43,0.5,question28,4,0,0,Yes,Oui
182,43,0.5,question28,0,1,0,No,Non
183,44,0.5,question29,4,0,0,Yes,Oui
184,44,0.5,question29,0,1,0,No,Non
185,45,0.5,question30,1,0,0,Your institution,Votre institution
186,45,0.5,question30,2,1,0,Another federal institution,Une autre institution fédérale
187,45,0.5,question30,3,2,0,Another level of government,Autre niveau de gouvernement
188,45,0.5,question30,4,3,0,A foreign government or non-government third party,Un gouvernement étranger ou un tiers non gouvernemental
189,46,0.5,question31,1,0,0,Your institution,Votre institution
190,46,0.5,question31,2,1,0,Another federal institution,Une autre institution fédérale
191,46,0.5,question31,3,2,0,Another level of government,Autre niveau de gouvernement
192,46,0.5,question31,4,3,0,A foreign government or non-government third party,Un gouvernement étranger ou un tiers non gouvernemental
193,47,0.5,question32,item1,0,0,Yes,Oui
194,47,0.5,question32,item2,1,0,No,Non
195,48,0.5,question33,item1-2,0,2,Audio and text files,Fichiers audio et textuels
196,48,0.5,question33,item2-4,1,4,Images and videos,Images et vidéos
197,49,0.5,consultation-design1,item1-1,0,1,Yes,Oui
198,49,0.5,consultation-design1,item2-0,1,0,No,Non
199,50,0.5,consultation-design2-NS,item2,0,0,Strategic Policy and Planning,Politique et planification stratégiques
200,50,0.5,consultation-design2-NS,item3,1,0,Data Governance,Gouvernance des données
201,50,0.5,consultation-design2-NS,item4,2,0,Program Policy,Politique du programme
202,50,0.5,consultation-design2-NS,item5,3,0,Legal Services,Services légaux
203,50,0.5,consultation-design2-NS,item6,4,0,Access To Information Policy,Politique sur l'accès à l'information
204,50,0.5,consultation-design2-NS,item7,5,0,Communications,
205,50,0.5,consultation-design2-NS,item8,6,0,Client Experience / Client Relationship Management,Expérience client / Gestion de la relation client
206,51,0.5,consultation-design3,item1-1,0,1,Yes,Oui
207,51,0.5,consultation-design3,item2-0,1,0,No,Non
208,52,0.5,consultation-design4-NS,item2,0,0,Civil Society,Société civile
209,52,0.5,consultation-design4-NS,item7,1,0,Academia,Milieu universitaire
210,52,0.5,consultation-design4-NS,item8,2,0,Industry,Industrie
211,53,0.5,consultation-implementation1,item1-1,0,1,Yes,Oui
212,53,0.5,consultation-implementation1,item2-0,1,0,No,Non
213,54,0.5,consultation-implementation2-NS,item2,0,0,Strategic Policy and Planning,Politique et planification stratégiques
214,54,0.5,consultation-implementation2-NS,item3,1,0,Data Governance,Gouvernance des données
215,54,0.5,consultation-implementation2-NS,item4,2,0,Program Policy,Politique du programme
216,54,0.5,consultation-implementation2-NS,item5,3,0,Legal Services,Services légaux
217,54,0.5,consultation-implementation2-NS,item6,4,0,Access To Information Policy,Politique sur l'accès à l'information
218,54,0.5,consultation-implementation2-NS,item7,5,0,Communications,
219,54,0.5,consultation-implementation2-NS,item8,6,0,Client Experience / Client Relationship Management,Expérience client / Gestion de la relation client
220,55,0.5,consultation-implementation3,item1-1,0,1,Yes,Oui
221,55,0.5,consultation-implementation3,item2-0,1,0,No,Non
222,56,0.5,consultation-implementation4-NS,item2,0,0,Civil Society,Société civile
223,56,0.5,consultation-implementation4-NS,item7,1,0,Academia,Milieu universitaire
224,56,0.5,consultation-implementation4-NS,item8,2,0,Industry,Industrie
225,57,0.5,rm-data-qual1,2,0,0,Yes,Oui
226,57,0.5,rm-data-qual1,0,1,0,No,Non
227,58,0.5,mitigation-makePublic,item1,0,0,Yes,Oui
228,58,0.5,mitigation-makePublic,item2,1,0,No,Non
229,59,0.5,question35,1,0,0,Yes,Oui
230,59,0.5,question35,0,1,0,No,Non
231,60,0.5,question59,item1,0,0,Yes,Oui
232,60,0.5,question59,item2,1,0,No,Non
233,61,0.5,question36,1,0,0,Yes,Oui
234,61,0.5,question36,0,1,0,No,Non
235,62,0.5,question60,item1,0,0,Yes,Oui
236,62,0.5,question60,item2,1,0,No,Non
237,63,0.5,question37,2,0,0,Yes,Oui
238,63,0.5,question37,0,1,0,No,Non
239,64,0.5,question38,2,0,0,Yes,Oui
240,64,0.5,question38,0,1,0,No,Non
241,65,0.5,question61,item1,0,0,Yes,Oui
242,65,0.5,question61,item2,1,0,No,Non
243,66,0.5,question39,2,0,0,Yes,Oui
244,66,0.5,question39,0,1,0,No,Non
245,67,0.5,question1,2,0,0,Yes,Oui
246,67,0.5,question1,0,1,0,No,Non
247,68,0.5,question62,item1,0,0,Yes,Oui
248,68,0.5,question62,item2,1,0,No,Non
249,69,0.5,question2,1,0,0,Yes,Oui
250,69,0.5,question2,0,1,0,No,Non
251,70,0.5,question63,item1,0,0,Yes,Oui
252,70,0.5,question63,item2,1,0,No,Non
253,71,0.5,question3,1,0,0,Yes,Oui
254,71,0.5,question3,0,1,0,No,Non
255,72,0.5,question64,item1,0,0,Yes,Oui
256,72,0.5,question64,item2,1,0,No,Non
257,73,0.5,question4,2,0,0,Yes,Oui
258,73,0.5,question4,0,1,0,No,Non
259,74,0.5,question5,2,0,0,Yes,Oui
260,74,0.5,question5,0,1,0,No,Non
261,75,0.5,question65,item1,0,0,Yes,Oui
262,75,0.5,question65,item2,1,0,No,Non
263,76,0.5,question6,2,0,0,Yes,Oui
264,76,0.5,question6,0,1,0,No,Non
265,77,0.5,question40,2,0,0,Yes,Oui
266,77,0.5,question40,0,1,0,No,Non
267,78,0.5,question41,2,0,0,Yes,Oui
268,78,0.5,question41,0,1,0,No,Non
269,79,0.5,question42,1,0,0,Yes,Oui
270,79,0.5,question42,0,1,0,No,Non
271,80,0.5,question43,1,0,0,Yes,Oui
272,80,0.5,question43,0,1,0,No,Non
273,81,0.5,question44,2,0,0,Yes,Oui
274,81,0.5,question44,0,1,0,No,Non
275,82,0.5,question45,1,0,0,Yes,Oui
276,82,0.5,question45,0,1,0,No,Non
277,83,0.5,question46,1,0,0,Yes,Oui
278,83,0.5,question46,0,1,0,No,Non
279,84,0.5,question47,2,0,0,Yes,Oui
280,84,0.5,question47,0,1,0,No,Non
281,85,0.5,question48,2,0,0,Yes,Oui
282,85,0.5,question48,0,1,0,No,Non
283,86,0.5,question49,1,0,0,Yes,Oui
284,86,0.5,question49,0,1,0,No,Non
285,87,0.5,question50,2,0,0,Yes,Oui
286,87,0.5,question50,0,1,0,No,Non
287,88,0.5,question51,1,0,0,Yes,Oui
288,88,0.5,question51,0,1,0,No,Non
289,89,0.5,question7,2,0,0,Yes,Oui
290,89,0.5,question7,0,1,0,No,Non
291,90,0.5,question9,2,0,0,Yes,Oui
292,90,0.5,question9,0,1,0,No,Non
293,91,0.5,question10,1,0,0,Yes,Oui
294,91,0.5,question10,0,1,0,No,Non
295,92,0.5,question11,1,0,0,Yes,Oui
296,92,0.5,question11,0,1,0,No,Non
297,93,0.5,question12,2,0,0,Yes,Oui
298,93,0.5,question12,0,1,0,No,Non
299,94,0.5,question52,1,0,0,Yes,Oui
300,94,0.5,question52,0,1,0,No,Non
301,95,0.5,question53,1,0,0,Yes,Oui
302,95,0.5,question53,0,1,0,No,Non
303,96,0.5,question54,2,0,0,Yes,Oui
304,96,0.5,question54,0,1,0,No,Non
305,97,0.5,question55,2,0,0,Yes,Oui
306,97,0.5,question55,0,1,0,No,Non
307,98,0.5,question56,1,0,0,Yes,Oui
308,98,0.5,question56,0,1,0,No,Non
309,99,0.5,question57,2,0,0,Yes,Oui
310,99,0.5,question57,0,1,0,No,Non
311,100,0.5,question58,1,0,0,Yes,Oui
312,100,0.5,question58,0,1,0,No,Non
1,3,0.4,department-NS,item170,0,0,Administrative Tribunals Support Service of Canada,Administration du pipe-line du Nord
2,3,0.4,department-NS,item001,1,0,Agriculture and Agri-Food (Department of),Affaires indiennes et du Nord canadien (Ministère des)
3,3,0.4,department-NS,item023,2,0,Atlantic Canada Opportunities Agency,"Affaires étrangères, du Commerce et du Développement (Ministère des)"
4,3,0.4,department-NS,item085,3,0,Canada Border Services Agency,Agence Parcs Canada
5,3,0.4,department-NS,item038,4,0,Canada Border Services Agency - (Administered Activities),Agence canadienne d'inspection des aliments
6,3,0.4,department-NS,item091,5,0,Canada Mortgage and Housing Corporation (Crown Corporation),Agence canadienne de développement économique du Nord
7,3,0.4,department-NS,item130,6,0,Canada Revenue Agency,Agence de développement économique du Canada pour les régions du Québec
8,3,0.4,department-NS,item122,7,0,Canada Revenue Agency - (Administered Activities),Agence de la consommation en matière financière du Canada
9,3,0.4,department-NS,item052,8,0,Canada School of Public Service,Agence de la santé publique du Canada
10,3,0.4,department-NS,item100,9,0,Canadian Centre for Occupational Health and Safety,Agence de promotion économique du Canada atlantique
11,3,0.4,department-NS,item134,10,0,Canadian Dairy Commission,Agence des services frontaliers du Canada
12,3,0.4,department-NS,item136,11,0,Canadian Food Inspection Agency,Agence des services frontaliers du Canada - (activités administrées)
13,3,0.4,department-NS,item133,12,0,Canadian Grain Commission,Agence du revenu du Canada
14,3,0.4,department-NS,item135,13,0,Canadian Heritage (Department of),Agence du revenu du Canada - (activités administrées)
15,3,0.4,department-NS,item171,14,0,Canadian High Arctic Research Station,Agence fédérale de développement économique pour le Sud de l'Ontario
16,3,0.4,department-NS,item075,15,0,Canadian Human Rights Commission,Agence spatiale canadienne
17,3,0.4,department-NS,item061,16,0,Canadian Institutes of Health Research,Agriculture et de l'Agroalimentaire (Ministère de l')
18,3,0.4,department-NS,item043,17,0,Canadian Intergovernmental Conference Secretariat,Anciens Combattants (Ministère des)
19,3,0.4,department-NS,item078,18,0,Canadian Northern Economic Development Agency,Bibliothèque du Parlement
20,3,0.4,department-NS,item047,19,0,Canadian Nuclear Safety Commission,Bibliothèque et Archives du Canada
21,3,0.4,department-NS,item016,20,0,Canadian Radio-television and Telecommunications Commission,Bureau canadien d'enquête sur les accidents de transport et de la sécurité des transports
22,3,0.4,department-NS,item095,21,0,Canadian Security Intelligence Service,Bureau de l'infrastructure du Canada
23,3,0.4,department-NS,item119,22,0,Canadian Space Agency,Bureau de la coordonnatrice de la situation de la femme
24,3,0.4,department-NS,item101,23,0,Canadian Transportation Accident Investigation and Safety Board,Bureau du Conseil privé
25,3,0.4,department-NS,item040,24,0,Canadian Transportation Agency,Bureau du commissaire du Centre de la sécurité des télécommunications
26,3,0.4,department-NS,item050,25,0,Citizenship and Immigration (Department of),Bureau du commissaire à la magistrature fédérale
27,3,0.4,department-NS,item165,26,0,Communications Security Establishment,Bureau du conseiller sénatorial en éthique
28,3,0.4,department-NS,item116,27,0,Copyright Board,Bureau du directeur des poursuites pénales
29,3,0.4,department-NS,item053,28,0,Correctional Service of Canada,Bureau du directeur général des élections
30,3,0.4,department-NS,item144,29,0,Courts Administration Service,Bureau du directeur parlementaire du budget
31,3,0.4,department-NS,item012,30,0,Economic Development Agency of Canada for the Regions of Quebec,Bureau du secrétaire du gouverneur général
32,3,0.4,department-NS,item014,31,0,Employment and Social Development (Department of),Bureau du surintendant des institutions financières
33,3,0.4,department-NS,item007,32,0,Environment (Department of the),Bureau du vérificateur général
34,3,0.4,department-NS,item123,33,0,Export Development Canada (Crown Corporation),Centre canadien d'hygiène et de sécurité au travail
35,3,0.4,department-NS,item062,34,0,Federal Economic Development Agency for Southern Ontario,Centre d'analyse des opérations et déclarations financières du Canada
36,3,0.4,department-NS,item006,35,0,Finance (Department of),Centre de la sécurité des télécommunications
37,3,0.4,department-NS,item141,36,0,Financial Consumer Agency of Canada,Chambre des communes
38,3,0.4,department-NS,item139,37,0,Financial Transactions and Reports Analysis Centre of Canada,Citoyenneté et de l'Immigration (Ministère de la)
39,3,0.4,department-NS,item086,38,0,Fisheries and Oceans (Department of),Comité de surveillance des activités de renseignement de sécurité
40,3,0.4,department-NS,item005,39,0,"Foreign Affairs, Trade and Development (Department of)",Comité externe d'examen des griefs militaires
41,3,0.4,department-NS,item022,40,0,Health (Department of),Commissariat au lobbying
42,3,0.4,department-NS,item067,41,0,House of Commons,Commissariat aux conflits d'intérêts et à l'éthique
43,3,0.4,department-NS,item032,42,0,Immigration and Refugee Board,Commissariat aux langues officielles
44,3,0.4,department-NS,item042,43,0,Indian Affairs and Northern Development (Department of),Commissariat à l'intégrité du secteur public
45,3,0.4,department-NS,item033,44,0,Industry (Department of),Commissariats à l'information et à la protection de la vie privée au Canada
46,3,0.4,department-NS,item024,45,0,International Joint Commission (Canadian Section),Commission canadienne de sûreté nucléaire
47,3,0.4,department-NS,item180,46,0,Invest in Canada Hub,Commission canadienne des droits de la personne
48,3,0.4,department-NS,item013,47,0,Justice (Department of),Commission canadienne des grains
49,3,0.4,department-NS,item145,48,0,Library and Archives of Canada,Commission canadienne du lait
50,3,0.4,department-NS,item017,49,0,Library of Parliament,Commission d'examen des plaintes concernant la police militaire
51,3,0.4,department-NS,item138,50,0,Military Grievances External Review Committee,Commission de l'immigration et du statut de réfugié
52,3,0.4,department-NS,item137,51,0,Military Police Complaints Commission,Commission de la fonction publique
53,3,0.4,department-NS,item018,52,0,National Defence (Department of),Commission des champs de bataille nationaux
54,3,0.4,department-NS,item074,53,0,National Energy Board,Commission des libérations conditionnelles du Canada
55,3,0.4,department-NS,item039,54,0,National Film Board,Commission du droit d'auteur
56,3,0.4,department-NS,item035,55,0,National Research Council of Canada,Commission mixte internationale (section canadienne)
57,3,0.4,department-NS,item041,56,0,Natural Resources (Department of),Conseil d'examen du prix des médicaments brevetés
58,3,0.4,department-NS,item027,57,0,Natural Sciences and Engineering Research Council,Conseil de la radiodiffusion et des télécommunications canadiennes
59,3,0.4,department-NS,item066,58,0,Northern Pipeline Agency,Conseil de recherches en sciences humaines
60,3,0.4,department-NS,item142,59,0,Office of Infrastructure of Canada,Conseil de recherches en sciences naturelles et en génie
61,3,0.4,department-NS,item002,60,0,Office of the Auditor General,Conseil national de recherches du Canada
62,3,0.4,department-NS,item015,61,0,Office of the Chief Electoral Officer,Diversification de l'économie de l'Ouest canadien (Ministère de la)
63,3,0.4,department-NS,item083,62,0,"Office of the Co-ordinator, Status of Women",Défense nationale (Ministère de la)
64,3,0.4,department-NS,item051,63,0,Office of the Commissioner for Federal Judicial Affairs,Emploi et du Développement social (Ministère de l')
65,3,0.4,department-NS,item154,64,0,Office of the Commissioner of Lobbying,Environnement (Ministère de l')
66,3,0.4,department-NS,item076,65,0,Office of the Commissioner of Official Languages,Exportation et développement Canada (Société d'État)
67,3,0.4,department-NS,item055,66,0,Office of the Communications Security Establishment Commissioner,Finances (Ministère des)
68,3,0.4,department-NS,item147,67,0,Office of the Conflict of Interest and Ethics Commissioner,Gendarmerie royale du Canada
69,3,0.4,department-NS,item019,68,0,Office of the Director of Public Prosecutions,Grand livre général du système de la paye
70,3,0.4,department-NS,item008,69,0,Office of the Governor General's Secretary,Industrie (Ministère de l')
71,3,0.4,department-NS,item183,70,0,Office of the Parliamentary Budget Officer,Instituts de recherche en santé du Canada
72,3,0.4,department-NS,item046,71,0,Office of the Public Sector Integrity Commissioner,Investir au Canada
73,3,0.4,department-NS,item151,72,0,Office of the Senate Ethics Officer,Justice (Ministère de la)
74,3,0.4,department-NS,item011,73,0,Office of the Superintendent of Financial Institutions,Office des transports du Canada
75,3,0.4,department-NS,item096,74,0,Offices of the Information and Privacy Commissioners of Canada,Office national de l'énergie
76,3,0.4,department-NS,item124,75,0,Parks Canada Agency,Office national du film
77,3,0.4,department-NS,item176,76,0,Parliamentary Protective Service,Patrimoine canadien (Ministère du)
78,3,0.4,department-NS,item057,77,0,Parole Board of Canada,Pension de retraite de la fonction publique
79,3,0.4,department-NS,item109,78,0,Patented Medicine Prices Review Board,Pêches et des Océans (Ministère des)
80,3,0.4,department-NS,item079,79,0,Payroll System General Ledger,Receveur général
81,3,0.4,department-NS,item025,80,0,Privy Council Office,Registraire de la Cour suprême du Canada
82,3,0.4,department-NS,item148,81,0,Public Health Agency of Canada,Ressources naturelles (Ministère des)
83,3,0.4,department-NS,item088,82,0,Public Safety and Emergency Preparedness (Department of),Santé (Ministère de la)
84,3,0.4,department-NS,item004,83,0,Public Service Commission,Secrétariat des conférences intergouvernementales canadiennes
85,3,0.4,department-NS,item087,84,0,Public Service Superannuation,Secrétariat du Comité des parlementaires sur la sécurité nationale et le renseignement
86,3,0.4,department-NS,item127,85,0,Public Works and Government Services (Department of),Secrétariat du Conseil du Trésor
87,3,0.4,department-NS,item097,86,0,Receiver General,Service administratif des tribunaux judiciaires
88,3,0.4,department-NS,item080,87,0,Registrar of the Supreme Court of Canada,Service canadien d'appui aux tribunaux administratifs
89,3,0.4,department-NS,item030,88,0,Royal Canadian Mounted Police,Service canadien du renseignement de sécurité
90,3,0.4,department-NS,item192,89,0,Secretariat of the National Security and Intelligence Committee of Parliamentarians,Service correctionnel du Canada
91,3,0.4,department-NS,item103,90,0,Security Intelligence Review Committee,Service de protection parlementaire
92,3,0.4,department-NS,item009,91,0,Senate,Services partagés Canada
93,3,0.4,department-NS,item163,92,0,Shared Services Canada,Société canadienne d'hypothèques et de logement (Société d'État)
94,3,0.4,department-NS,item063,93,0,Social Sciences and Humanities Research Council,Station canadienne de recherche dans l'Extrême-Arctique
95,3,0.4,department-NS,item054,94,0,Statistics Canada,Statistique Canada
96,3,0.4,department-NS,item037,95,0,Telefilm Canada,Sécurité publique et de la Protection civile (Ministère de la)
97,3,0.4,department-NS,item102,96,0,The National Battlefields Commission,Sénat
98,3,0.4,department-NS,item034,97,0,Transport (Department of),Transports (Ministère des)
99,3,0.4,department-NS,item056,98,0,Treasury Board Secretariat,Travaux publics et des Services gouvernementaux (Ministère des)
100,3,0.4,department-NS,item021,99,0,Veterans Affairs (Department of),Téléfilm Canada
101,3,0.4,department-NS,item044,100,0,Western Economic Diversification (Department of),École de la fonction publique du Canada
102,7,0.4,motivation,item1-1,0,1,Existing backlog of work or cases,Arriéré de travail ou de cas existant
103,7,0.4,motivation,item2-1,1,1,Improve overall quality of decisions,Amélioration de la qualité générale des décisions
104,7,0.4,motivation,item3-1,2,1,Lower transaction costs of an existing program,Réduction des coûts de transaction d'un programme existant
105,7,0.4,motivation,item4-1,3,1,The system is performing tasks that humans cound not accomplish in a reasonable period of time,Le système exécute des taĉhes que les humans ne sont pas en mesure d'accomplir dans us délai raisonnable
106,7,0.4,motivation,item5-1,4,1,Use innovative approaches,Utilisation d'approches novatrices
107,7,0.4,motivation,item6-1,5,1,Other (please specify),Autre (veuillez préciser)
108,9,0.4,capabilities,item1,0,0,"Image and object recognition: Analyzing very large data sets to automate the recognition, classification, and context associated with an image or object.","Reconnaissance d'images et d'objets: Analyser de volumineux jeux de donnée pour automatiser la reconnaissance, la classification et le context associés à une image ou à un objet."
109,9,0.4,capabilities,item2,1,0,"Text and speech analysis: Analyzing large data sets to recognize, process, and tag text, speech, voice, and make recommendations based on the tagging","Analyse du texte et de la parole: Analyser de vastes jeux de données pour reconnaître, traiter et étiqueter le texte, la parole, la voix et faire des recommendations en fonction du marquage."
110,9,0.4,capabilities,item3,2,0,Risk assessment: Analyzing very large data sets to identify patterns and recommend courses of action and in some cases trigger specific actions,"Évaluation des risques: Analyser de volumineux jeux de données pour déterminer les tendances et recommander des mesures et, dans certains cas, déclencher la prise de mesures précises. "
111,9,0.4,capabilities,item4,3,0,"Content generation: Analyzing large data sets to categorize, process, triage, personalize, and serve specific content for specific contexts","Génération de contenu: Analyser de vastes jeux de données pour créer des catégories, traiter, trier, personnaliser et servir un contenu spécifique destiné à des contextes particuliers."
112,9,0.4,capabilities,item5,4,0,"Process optimization & workflow automation: Analyzing large data sets to identify and anomalies, cluster patterns, predict outcomes or ways to optimize; and automate specific workflows","Optimisation des processus et automatisation des flux de travail:    Analyser de vastes jeux de connées pour déterminer et corriger les anomalies, les modèles de grappes, prévoir les résultats ou les façons d'optimiser; et d'automatiser des flux de travail spécifique."
113,9,0.4,capabilities,item6-1,5,1,Other (please specify),Autre (veuillez préciser)
114,11,0.4,sector-categories,item1-1,0,1,Health related services,Services liés à la santé
115,11,0.4,sector-categories,item2-1,1,1,"Economic interests (grants and contributions, tax benefits, debt collection)","Intérêts économiques (subventions et contributions, avantages fiscaux, recouvrement de dettes)"
116,11,0.4,sector-categories,item3-1,2,1,"Social assistance (ei, disability claims, etc)","Aide sociales (assurance-emploi, demandes de prestations d'invalidité, etc.)"
117,11,0.4,sector-categories,item4-1,3,1,"Access and mobility ( security clearences, border crossings)","Accès et mobilité (habitations de sécurité, passages frontaliers)"
118,11,0.4,sector-categories,item5-1,4,1,Licensing and issuance of permits,Accréditation et délivrance de permis
119,11,0.4,sector-categories,item6-1,5,1,Other (please specify),Autre (veuillez préciser)
120,13,0.4,discretion,item1-4,0,4,Yes,Oui
121,13,0.4,discretion,item2-0,1,0,No,Non
122,15,0.4,question8,4,0,0,Yes,Oui
123,15,0.4,question8,0,1,0,No,Non
124,16,0.4,question20,1,0,0,Reversible,Réversible
125,16,0.4,question20,2,1,0,Likely reversible,Probablement réversible
126,16,0.4,question20,3,2,0,Difficult to reverse,Difficile à inverser
127,16,0.4,question20,4,3,0,Irreversible,Irréversible
128,17,0.4,question21,1,0,0,Impacts are most likely to be brief,Les incidences risquent fort probablement d’être brèves
129,17,0.4,question21,2,1,0,"Some impacts may last a matter of months, but some lingering impacts may last longer",Certaines incidences peuvent durer quelques mois ou plus longtemps.
130,17,0.4,question21,3,2,0,Impacts can last years,Les incidences peuvent durer des années.
131,17,0.4,question21,4,3,0,Most impacts are perpetual,La plupart des incidences sont sans limite dans le temps.
132,19,0.4,question22,1,0,0,Little to no impact,Incidence faible ou nulle
133,19,0.4,question22,2,1,0,Moderate impact,Incidence modérée
134,19,0.4,question22,3,2,0,High impact,Incidence élevée
135,19,0.4,question22,4,3,0,Very high impact,Incidence très élevée
136,21,0.4,question14,1,0,0,Little to no impact,Incidence faible ou nulle
137,21,0.4,question14,2,1,0,Moderate impact,Incidence modérée
138,21,0.4,question14,3,2,0,High impact,Incidence élevée
139,21,0.4,question14,4,3,0,Very high impact,Incidence très élevée
140,23,0.4,question16,1,0,0,Little to no impact,Incidence faible ou nulle
141,23,0.4,question16,2,1,0,Moderate impact,Incidence modérée
142,23,0.4,question16,3,2,0,High impact,Incidence élevée
143,23,0.4,question16,4,3,0,Very high impact,Incidence très élevée
144,25,0.4,question18,1,0,0,Little to no impact,Incidence faible ou nulle
145,25,0.4,question18,2,1,0,Moderate impact,Incidence modérée
146,25,0.4,question18,3,2,0,High impact,Incidence élevée
147,25,0.4,question18,4,3,0,Very high impact,Incidence très élevée
148,27,0.4,question24,4,0,0,Yes,Oui
149,27,0.4,question24,0,1,0,No,Non
150,28,0.4,question25,0,0,0,None,Aucun
151,28,0.4,question25,1,1,0,Protected A,Protégé A
152,28,0.4,question25,2,2,0,Classified / Confidential,Classifié/confidentiel
153,28,0.4,question25,3,3,0,Protected B / Protected C,Protégé B/Protégé C
154,28,0.4,question25,4,4,0,Secret / Top Secret,Secret/Très Secret
155,29,0.4,question26,0,0,0,Open Data Source,Source de données ouvertes
156,29,0.4,question26,1,1,0,Federal government,Gouvernement fédéral
157,29,0.4,question26,2,2,0,Other Canadian Government (prov/municipal),Autre gouvernement canadien (provincial/municipal)
158,29,0.4,question26,3,3,0,Private Sector / NGO,Secteur privé / ONG
159,30,0.4,question27,4,0,0,Yes,Oui
160,30,0.4,question27,0,1,0,No,Non
161,31,0.4,question28,4,0,0,Yes,Oui
162,31,0.4,question28,0,1,0,No,Non
163,32,0.4,question29,4,0,0,Yes,Oui
164,32,0.4,question29,0,1,0,No,Non
165,33,0.4,question30,1,0,0,Your institution,Votre institution
166,33,0.4,question30,2,1,0,Another federal institution,Une autre institution fédérale
167,33,0.4,question30,3,2,0,Another level of government,Autre niveau de gouvernement
168,33,0.4,question30,4,3,0,A foreign government or non-government third party,Un gouvernement étranger ou un tiers non gouvernemental
169,34,0.4,question31,1,0,0,Your institution,Votre institution
170,34,0.4,question31,2,1,0,Another federal institution,Une autre institution fédérale
171,34,0.4,question31,3,2,0,Another level of government,Autre niveau de gouvernement
172,34,0.4,question31,4,3,0,A foreign government or non-government third party,Un gouvernement étranger ou un tiers non gouvernemental
173,35,0.4,question32,item1,0,0,Yes,Oui
174,35,0.4,question32,item2,1,0,No,Non
175,36,0.4,question33,item1-2,0,2,Audio and text files,Fichiers audio et textuels
176,36,0.4,question33,item2-4,1,4,Images and videos,Images et vidéos
177,37,0.4,question34,2,0,0,Yes,
178,37,0.4,question34,0,1,0,No,
179,38,0.4,question35,1,0,0,Yes,
180,38,0.4,question35,0,1,0,No,
181,39,0.4,question36,1,0,0,Yes,
182,39,0.4,question36,0,1,0,No,
183,40,0.4,question37,2,0,0,Yes,
184,40,0.4,question37,0,1,0,No,
185,41,0.4,question38,2,0,0,Yes,
186,41,0.4,question38,0,1,0,No,
187,42,0.4,question39,2,0,0,Yes,
188,42,0.4,question39,0,1,0,No,
189,43,0.4,question40,2,0,0,Yes,
190,43,0.4,question40,0,1,0,No,
191,44,0.4,question41,2,0,0,Yes,
192,44,0.4,question41,0,1,0,No,
193,45,0.4,question42,1,0,0,Yes,
194,45,0.4,question42,0,1,0,No,
195,46,0.4,question43,1,0,0,Yes,
196,46,0.4,question43,0,1,0,No,
197,47,0.4,question44,2,0,0,Yes,
198,47,0.4,question44,0,1,0,No,
199,48,0.4,question45,1,0,0,Yes,
200,48,0.4,question45,0,1,0,No,
201,49,0.4,question46,1,0,0,Yes,
202,49,0.4,question46,0,1,0,No,
203,50,0.4,question47,2,0,0,Yes,
204,50,0.4,question47,0,1,0,No,
205,51,0.4,question48,2,0,0,Yes,
206,51,0.4,question48,0,1,0,No,
207,52,0.4,question49,1,0,0,Yes,
208,52,0.4,question49,0,1,0,No,
209,53,0.4,question50,2,0,0,Yes,
210,53,0.4,question50,0,1,0,No,
211,54,0.4,question51,1,0,0,Yes,
212,54,0.4,question51,0,1,0,No,
1,3,0.3,department,item170,0,0,Administrative Tribunals Support Service of Canada,Service canadien d'appui aux tribunaux administratifs
2,3,0.3,department,item001,1,0,Agriculture and Agri-Food (Department of),Agriculture et de l'Agroalimentaire (Ministère de l')
3,3,0.3,department,item023,2,0,Atlantic Canada Opportunities Agency,Agence de promotion économique du Canada atlantique
4,3,0.3,department,item085,3,0,Canada Border Services Agency,Agence des services frontaliers du Canada
5,3,0.3,department,item038,4,0,Canada Border Services Agency - (Administered Activities),Agence des services frontaliers du Canada - (activités administrées)
6,3,0.3,department,item091,5,0,Canada Mortgage and Housing Corporation (Crown Corporation),Société canadienne d'hypothèques et de logement (Société d'État)
7,3,0.3,department,item130,6,0,Canada Revenue Agency,Agence du revenu du Canada
8,3,0.3,department,item122,7,0,Canada Revenue Agency - (Administered Activities),Agence du revenu du Canada - (activités administrées)
9,3,0.3,department,item052,8,0,Canada School of Public Service,École de la fonction publique du Canada
10,3,0.3,department,item100,9,0,Canadian Centre for Occupational Health and Safety,Centre canadien d'hygiène et de sécurité au travail
11,3,0.3,department,item134,10,0,Canadian Dairy Commission,Commission canadienne du lait
12,3,0.3,department,item136,11,0,Canadian Food Inspection Agency,Agence canadienne d'inspection des aliments
13,3,0.3,department,item133,12,0,Canadian Grain Commission,Commission canadienne des grains
14,3,0.3,department,item135,13,0,Canadian Heritage (Department of),Patrimoine canadien (Ministère du)
15,3,0.3,department,item171,14,0,Canadian High Arctic Research Station,Station canadienne de recherche dans l'Extrême-Arctique
16,3,0.3,department,item075,15,0,Canadian Human Rights Commission,Commission canadienne des droits de la personne
17,3,0.3,department,item061,16,0,Canadian Institutes of Health Research,Instituts de recherche en santé du Canada
18,3,0.3,department,item043,17,0,Canadian Intergovernmental Conference Secretariat,Secrétariat des conférences intergouvernementales canadiennes
19,3,0.3,department,item078,18,0,Canadian Northern Economic Development Agency,Agence canadienne de développement économique du Nord
20,3,0.3,department,item047,19,0,Canadian Nuclear Safety Commission,Commission canadienne de sûreté nucléaire
21,3,0.3,department,item016,20,0,Canadian Radio-television and Telecommunications Commission,Conseil de la radiodiffusion et des télécommunications canadiennes
22,3,0.3,department,item095,21,0,Canadian Security Intelligence Service,Service canadien du renseignement de sécurité
23,3,0.3,department,item119,22,0,Canadian Space Agency,Agence spatiale canadienne
24,3,0.3,department,item101,23,0,Canadian Transportation Accident Investigation and Safety Board,Bureau canadien d'enquête sur les accidents de transport et de la sécurité des transports
25,3,0.3,department,item040,24,0,Canadian Transportation Agency,Office des transports du Canada
26,3,0.3,department,item050,25,0,Citizenship and Immigration (Department of),Citoyenneté et de l'Immigration (Ministère de la)
27,3,0.3,department,item165,26,0,Communications Security Establishment,Centre de la sécurité des télécommunications
28,3,0.3,department,item116,27,0,Copyright Board,Commission du droit d'auteur
29,3,0.3,department,item053,28,0,Correctional Service of Canada,Service correctionnel du Canada
30,3,0.3,department,item144,29,0,Courts Administration Service,Service administratif des tribunaux judiciaires
31,3,0.3,department,item012,30,0,Economic Development Agency of Canada for the Regions of Quebec,Agence de développement économique du Canada pour les régions du Québec
32,3,0.3,department,item014,31,0,Employment and Social Development (Department of),Emploi et du Développement social (Ministère de l')
33,3,0.3,department,item007,32,0,Environment (Department of the),Environnement (Ministère de l')
34,3,0.3,department,item123,33,0,Export Development Canada (Crown Corporation),Exportation et développement Canada (Société d'État)
35,3,0.3,department,item062,34,0,Federal Economic Development Agency for Southern Ontario,Agence fédérale de développement économique pour le Sud de l'Ontario
36,3,0.3,department,item006,35,0,Finance (Department of),Finances (Ministère des)
37,3,0.3,department,item141,36,0,Financial Consumer Agency of Canada,Agence de la consommation en matière financière du Canada
38,3,0.3,department,item139,37,0,Financial Transactions and Reports Analysis Centre of Canada,Centre d'analyse des opérations et déclarations financières du Canada
39,3,0.3,department,item086,38,0,Fisheries and Oceans (Department of),Pêches et des Océans (Ministère des)
40,3,0.3,department,item005,39,0,"Foreign Affairs, Trade and Development (Department of)","Affaires étrangères, du Commerce et du Développement (Ministère des)"
41,3,0.3,department,item022,40,0,Health (Department of),Santé (Ministère de la)
42,3,0.3,department,item067,41,0,House of Commons,Chambre des communes
43,3,0.3,department,item032,42,0,Immigration and Refugee Board,Commission de l'immigration et du statut de réfugié
44,3,0.3,department,item042,43,0,Indian Affairs and Northern Development (Department of),Affaires indiennes et du Nord canadien (Ministère des)
45,3,0.3,department,item033,44,0,Industry (Department of),Industrie (Ministère de l')
46,3,0.3,department,item024,45,0,International Joint Commission (Canadian Section),Commission mixte internationale (section canadienne)
47,3,0.3,department,item180,46,0,Invest in Canada Hub,Investir au Canada
48,3,0.3,department,item013,47,0,Justice (Department of),Justice (Ministère de la)
49,3,0.3,department,item145,48,0,Library and Archives of Canada,Bibliothèque et Archives du Canada
50,3,0.3,department,item017,49,0,Library of Parliament,Bibliothèque du Parlement
51,3,0.3,department,item138,50,0,Military Grievances External Review Committee,Comité externe d'examen des griefs militaires
52,3,0.3,department,item137,51,0,Military Police Complaints Commission,Commission d'examen des plaintes concernant la police militaire
53,3,0.3,department,item018,52,0,National Defence (Department of),Défense nationale (Ministère de la)
54,3,0.3,department,item074,53,0,National Energy Board,Office national de l'énergie
55,3,0.3,department,item039,54,0,National Film Board,Office national du film
56,3,0.3,department,item035,55,0,National Research Council of Canada,Conseil national de recherches du Canada
57,3,0.3,department,item041,56,0,Natural Resources (Department of),Ressources naturelles (Ministère des)
58,3,0.3,department,item027,57,0,Natural Sciences and Engineering Research Council,Conseil de recherches en sciences naturelles et en génie
59,3,0.3,department,item066,58,0,Northern Pipeline Agency,Administration du pipe-line du Nord
60,3,0.3,department,item142,59,0,Office of Infrastructure of Canada,Bureau de l'infrastructure du Canada
61,3,0.3,department,item002,60,0,Office of the Auditor General,Bureau du vérificateur général
62,3,0.3,department,item015,61,0,Office of the Chief Electoral Officer,Bureau du directeur général des élections
63,3,0.3,department,item083,62,0,"Office of the Co-ordinator, Status of Women",Bureau de la coordonnatrice de la situation de la femme
64,3,0.3,department,item051,63,0,Office of the Commissioner for Federal Judicial Affairs,Bureau du commissaire à la magistrature fédérale
65,3,0.3,department,item154,64,0,Office of the Commissioner of Lobbying,Commissariat au lobbying
66,3,0.3,department,item076,65,0,Office of the Commissioner of Official Languages,Commissariat aux langues officielles
67,3,0.3,department,item055,66,0,Office of the Communications Security Establishment Commissioner,Bureau du commissaire du Centre de la sécurité des télécommunications
68,3,0.3,department,item147,67,0,Office of the Conflict of Interest and Ethics Commissioner,Commissariat aux conflits d'intérêts et à l'éthique
69,3,0.3,department,item019,68,0,Office of the Director of Public Prosecutions,Bureau du directeur des poursuites pénales
70,3,0.3,department,item008,69,0,Office of the Governor General's Secretary,Bureau du secrétaire du gouverneur général
71,3,0.3,department,item183,70,0,Office of the Parliamentary Budget Officer,Bureau du directeur parlementaire du budget
72,3,0.3,department,item046,71,0,Office of the Public Sector Integrity Commissioner,Commissariat à l'intégrité du secteur public
73,3,0.3,department,item151,72,0,Office of the Senate Ethics Officer,Bureau du conseiller sénatorial en éthique
74,3,0.3,department,item011,73,0,Office of the Superintendent of Financial Institutions,Bureau du surintendant des institutions financières
75,3,0.3,department,item096,74,0,Offices of the Information and Privacy Commissioners of Canada,Commissariats à l'information et à la protection de la vie privée au Canada
76,3,0.3,department,item124,75,0,Parks Canada Agency,Agence Parcs Canada
77,3,0.3,department,item176,76,0,Parliamentary Protective Service,Service de protection parlementaire
78,3,0.3,department,item057,77,0,Parole Board of Canada,Commission des libérations conditionnelles du Canada
79,3,0.3,department,item109,78,0,Patented Medicine Prices Review Board,Conseil d'examen du prix des médicaments brevetés
80,3,0.3,department,item079,79,0,Payroll System General Ledger,Grand livre général du système de la paye
81,3,0.3,department,item025,80,0,Privy Council Office,Bureau du Conseil privé
82,3,0.3,department,item148,81,0,Public Health Agency of Canada,Agence de la santé publique du Canada
83,3,0.3,department,item088,82,0,Public Safety and Emergency Preparedness (Department of),Sécurité publique et de la Protection civile (Ministère de la)
84,3,0.3,department,item004,83,0,Public Service Commission,Commission de la fonction publique
85,3,0.3,department,item087,84,0,Public Service Superannuation,Pension de retraite de la fonction publique
86,3,0.3,department,item127,85,0,Public Works and Government Services (Department of),Travaux publics et des Services gouvernementaux (Ministère des)
87,3,0.3,department,item097,86,0,Receiver General,Receveur général
88,3,0.3,department,item080,87,0,Registrar of the Supreme Court of Canada,Registraire de la Cour suprême du Canada
89,3,0.3,department,item030,88,0,Royal Canadian Mounted Police,Gendarmerie royale du Canada
90,3,0.3,department,item192,89,0,Secretariat of the National Security and Intelligence Committee of Parliamentarians,Secrétariat du Comité des parlementaires sur la sécurité nationale et le renseignement
91,3,0.3,department,item103,90,0,Security Intelligence Review Committee,Comité de surveillance des activités de renseignement de sécurité
92,3,0.3,department,item009,91,0,Senate,Sénat
93,3,0.3,department,item163,92,0,Shared Services Canada,Services partagés Canada
94,3,0.3,department,item063,93,0,Social Sciences and Humanities Research Council,Conseil de recherches en sciences humaines
95,3,0.3,department,item054,94,0,Statistics Canada,Statistique Canada
96,3,0.3,department,item037,95,0,Telefilm Canada,Téléfilm Canada
97,3,0.3,department,item102,96,0,The National Battlefields Commission,Commission des champs de bataille nationaux
98,3,0.3,department,item034,97,0,Transport (Department of),Transports (Ministère des)
99,3,0.3,department,item056,98,0,Treasury Board Secretariat,Secrétariat du Conseil du Trésor
100,3,0.3,department,item021,99,0,Veterans Affairs (Department of),Anciens Combattants (Ministère des)
101,3,0.3,department,item044,100,0,Western Economic Diversification (Department of),Diversification de l'économie de l'Ouest canadien (Ministère de la)
102,7,0.3,question7,item1-1,0,1,Existing backlog of work or cases,Arriéré de travail ou de cas existant
103,7,0.3,question7,item2-1,1,1,Improve overall quality of decisions,Amélioration de la qualité générale des décisions
104,7,0.3,question7,item3-1,2,1,Lower transaction costs of an existing program,Réduction des coûts de transaction d'un programme existant
105,7,0.3,question7,item4-1,3,1,The system is performing tasks that humans cound not accomplish in a reasonable period of time,Le système exécute des taĉhes que les humans ne sont pas en mesure d'accomplir dans us délai raisonnable
106,7,0.3,question7,item5-1,4,1,Use innovative approaches,Utilisation d'approches novatrices
107,7,0.3,question7,item6-1,5,1,Other (please specify),Autre (veuillez préciser)
108,9,0.3,question9,item1,0,0,"Image and object recognition: Analyzing very large data sets to automate the recognition, classification, and context associated with an image or object.","Reconnaissance d'images et d'objets: Analyser de volumineux jeux de donnée pour automatiser la reconnaissance, la classification et le context associés à une image ou à un objet."
109,9,0.3,question9,item2,1,0,"Text and speech analysis: Analyzing large data sets to recognize, process, and tag text, speech, voice, and make recommendations based on the tagging","Analyse du texte et de la parole: Analyser de vastes jeux de données pour reconnaître, traiter et étiqueter le texte, la parole, la voix et faire des recommendations en fonction du marquage."
110,9,0.3,question9,item3,2,0,Risk assessment: Analyzing very large data sets to identify patterns and recommend courses of action and in some cases trigger specific actions,"Évaluation des risques: Analyser de volumineux jeux de données pour déterminer les tendances et recommander des mesures et, dans certains cas, déclencher la prise de mesures précises. "
111,9,0.3,question9,item4,3,0,"Content generation: Analyzing large data sets to categorize, process, triage, personalize, and serve specific content for specific contexts","Génération de contenu: Analyser de vastes jeux de données pour créer des catégories, traiter, trier, personnaliser et servir un contenu spécifique destiné à des contextes particuliers."
112,9,0.3,question9,item5,4,0,"Process optimization & workflow automation: Analyzing large data sets to identify and anomalies, cluster patterns, predict outcomes or ways to optimize; and automate specific workflows","Optimisation des processus et automatisation des flux de travail: Analyser de vastes jeux de connées pour déterminer et corriger les anomalies, les modèles de grappes, prévoir les résultats ou les façons d'optimiser; et d'automatiser des flux de travail spécifique."
113,9,0.3,question9,item6-1,5,1,Other (please specify),Autre (veuillez préciser)
114,11,0.3,question10,item1-1,0,1,Health related services,Services liés à la santé
115,11,0.3,question10,item2-1,1,1,"Economic interests (grants and contributions, tax benefits, debt collection)","Intérêts économiques (subventions et contributions, avantages fiscaux, recouvrement de dettes)"
116,11,0.3,question10,item3-1,2,1,"Social assistance (ei, disability claims, etc)","Aide sociales (assurance-emploi, demandes de prestations d'invalidité, etc.)"
117,11,0.3,question10,item4-1,3,1,"Access and mobility ( security clearences, border crossings)","Accès et mobilité (habitations de sécurité, passages frontaliers)"
118,11,0.3,question10,item5-1,4,1,Licensing and issuance of permits,Accréditation et délivrance de permis
119,11,0.3,question10,item6-1,5,1,Other (please specify),Autre (veuillez préciser)
120,13,0.3,question11,4,0,0,Yes,Oui
121,13,0.3,question11,0,1,0,No,Non
122,15,0.3,question8,4,0,0,Yes,Oui
123,15,0.3,question8,0,1,0,No,Non
124,16,0.3,question20,1,0,0,Reversible,Réversible
125,16,0.3,question20,2,1,0,Likely reversible,Probablement réversible
126,16,0.3,question20,3,2,0,Difficult to reverse,Difficile à inverser
127,16,0.3,question20,4,3,0,Irreversible,Irréversible
128,17,0.3,question21,1,0,0,Impacts are most likely to be brief,Les incidences risquent fort probablement d’être brèves
129,17,0.3,question21,2,1,0,"Some impacts may last a matter of months, but some lingering impacts may last longer",Certaines incidences peuvent durer quelques mois ou plus longtemps.
130,17,0.3,question21,3,2,0,"Impacts can last over a year, with some longer",Les incidences peuvent durer plus d’un an et plus.
131,17,0.3,question21,4,3,0,Most impacts are perpetual,La plupart des incidences sont sans limite dans le temps.
132,19,0.3,question22,1,0,0,Little to no impact,Incidence faible ou nulle
133,19,0.3,question22,2,1,0,Moderate impact,Incidence modérée
134,19,0.3,question22,3,2,0,High impact,Incidence élevée
135,19,0.3,question22,4,3,0,Very high impact,Incidence très élevée
136,21,0.3,question14,1,0,0,Little to no impact,Incidence faible ou nulle
137,21,0.3,question14,2,1,0,Moderate impact,Incidence modérée
138,21,0.3,question14,3,2,0,High impact,Incidence élevée
139,21,0.3,question14,4,3,0,Very high impact,Incidence très élevée
140,23,0.3,question16,1,0,0,Little to no impact,Incidence faible ou nulle
141,23,0.3,question16,2,1,0,Moderate impact,Incidence modérée
142,23,0.3,question16,3,2,0,High impact,Incidence élevée
143,23,0.3,question16,4,3,0,Very high impact,Incidence très élevée
144,25,0.3,question18,1,0,0,Little to no impact,Incidence faible ou nulle
145,25,0.3,question18,2,1,0,Moderate impact,Incidence modérée
146,25,0.3,question18,3,2,0,High impact,Incidence élevée
147,25,0.3,question18,4,3,0,Very high impact,Incidence très élevée
148,27,0.3,question24,4,0,0,Yes,Oui
149,27,0.3,question24,0,1,0,No,Non
150,28,0.3,question25,0,0,0,None,Aucun
151,28,0.3,question25,1,1,0,Protected A,Protégé A
152,28,0.3,question25,2,2,0,Classified / Confidential,Classifié/confidentiel
153,28,0.3,question25,3,3,0,Protected B / Protected C,Protégé B/Protégé C
154,28,0.3,question25,4,4,0,Secret / Top Secret,Secret/Très Secret
155,29,0.3,question26,0,0,0,Open Data Source,Source de données ouvertes
156,29,0.3,question26,1,1,0,Federal government,Gouvernement fédéral
157,29,0.3,question26,2,2,0,Other Canadian Government (prov/municipal),Autre gouvernement canadien (provincial/municipal)
158,29,0.3,question26,3,3,0,Private Sector / NGO,Secteur privé / ONG
159,30,0.3,question27,4,0,0,Yes,Oui
160,30,0.3,question27,0,1,0,No,Non
161,31,0.3,question28,4,0,0,Yes,Oui
162,31,0.3,question28,0,1,0,No,Non
163,32,0.3,question29,4,0,0,Yes,Oui
164,32,0.3,question29,0,1,0,No,Non
165,33,0.3,question30,1,0,0,Your institution,Votre institution
166,33,0.3,question30,2,1,0,Another federal institution,Une autre institution fédérale
167,33,0.3,question30,3,2,0,Another level of government,Autre niveau de gouvernement
168,33,0.3,question30,4,3,0,A foreign government or non-government third party,Un gouvernement étranger ou un tiers non gouvernemental
169,34,0.3,question31,1,0,0,Your institution,Votre institution
170,34,0.3,question31,2,1,0,Another federal institution,Une autre institution fédérale
171,34,0.3,question31,3,2,0,Another level of government,Autre niveau de gouvernement
172,34,0.3,question31,4,3,0,A foreign government or non-government third party,Un gouvernement étranger ou un tiers non gouvernemental
173,35,0.3,question32,4,0,0,Yes,Oui
174,35,0.3,question32,0,1,0,No,Non
175,36,0.3,question33,2,0,0,Audio and text files,Fichiers audio et textuels
176,36,0.3,question33,4,1,0,Images and videos,Images et vidéos
177,37,0.3,question34,2,0,0,Yes,
178,37,0.3,question34,0,1,0,No,
179,38,0.3,question35,1,0,0,Yes,
180,38,0.3,question35,0,1,0,No,
181,39,0.3,question36,1,0,0,Yes,
182,39,0.3,question36,0,1,0,No,
183,40,0.3,question37,2,0,0,Yes,
184,40,0.3,question37,0,1,0,No,
185,41,0.3,question38,2,0,0,Yes,
186,41,0.3,question38,0,1,0,No,
187,42,0.3,question39,2,0,0,Yes,
188,42,0.3,question39,0,1,0,No,
189,43,0.3,question40,2,0,0,Yes,
190,43,0.3,question40,0,1,0,No,
191,44,0.3,question41,2,0,0,Yes,
192,44,0.3,question41,0,1,0,No,
193,45,0.3,question42,1,0,0,Yes,
194,45,0.3,question42,0,1,0,No,
195,46,0.3,question43,1,0,0,Yes,
196,46,0.3,question43,0,1,0,No,
197,47,0.3,question44,2,0,0,Yes,
198,47,0.3,question44,0,1,0,No,
199,48,0.3,question45,1,0,0,Yes,
200,48,0.3,question45,0,1,0,No,
201,49,0.3,question46,1,0,0,Yes,
202,49,0.3,question46,0,1,0,No,
203,50,0.3,question47,2,0,0,Yes,
204,50,0.3,question47,0,1,0,No,
205,51,0.3,question48,2,0,0,Yes,
206,51,0.3,question48,0,1,0,No,
207,52,0.3,question49,1,0,0,Yes,
208,52,0.3,question49,0,1,0,No,
209,53,0.3,question50,2,0,0,Yes,
210,53,0.3,question50,0,1,0,No,
211,54,0.3,question51,1,0,0,Yes,
212,54,0.3,question51,0,1,0,No,
1,5,1.0.1,projectDetailsDepartment-NS,001,0,0,Agriculture and Agri-Food (Department of),Agriculture et de l'Agroalimentaire (Ministère de l')
2,5,1.0.1,projectDetailsDepartment-NS,002,1,0,Office of the Auditor General,Bureau du vérificateur général
3,5,1.0.1,projectDetailsDepartment-NS,004,2,0,Public Service Commission,Commission de la fonction publique
4,5,1.0.1,projectDetailsDepartment-NS,005,3,0,"Foreign Affairs, Trade and Development (Department of)","Affaires étrangères, du Commerce et du Développement (Ministère des)"
5,5,1.0.1,projectDetailsDepartment-NS,006,4,0,Finance (Department of),Finances (Ministère des)
6,5,1.0.1,projectDetailsDepartment-NS,007,5,0,Environment (Department of the),Environnement (Ministère de l')
7,5,1.0.1,projectDetailsDepartment-NS,008,6,0,Office of the Governor General's Secretary,Bureau du secrétaire du gouverneur général
8,5,1.0.1,projectDetailsDepartment-NS,009,7,0,Senate,Sénat
9,5,1.0.1,projectDetailsDepartment-NS,011,8,0,Office of the Superintendent of Financial Institutions,Bureau du surintendant des institutions financières
10,5,1.0.1,projectDetailsDepartment-NS,012,9,0,Economic Development Agency of Canada for the Regions of Quebec,Agence de développement économique du Canada pour les régions du Québec
11,5,1.0.1,projectDetailsDepartment-NS,013,10,0,Justice (Department of),Justice (Ministère de la)
12,5,1.0.1,projectDetailsDepartment-NS,014,11,0,Employment and Social Development (Department of),Emploi et du Développement social (Ministère de l')
13,5,1.0.1,projectDetailsDepartment-NS,015,12,0,Office of the Chief Electoral Officer,Bureau du directeur général des élections
14,5,1.0.1,projectDetailsDepartment-NS,016,13,0,Canadian Radio-television and Telecommunications Commission,Conseil de la radiodiffusion et des télécommunications canadiennes
15,5,1.0.1,projectDetailsDepartment-NS,017,14,0,Library of Parliament,Bibliothèque du Parlement
16,5,1.0.1,projectDetailsDepartment-NS,018,15,0,National Defence (Department of),Défense nationale (Ministère de la)
17,5,1.0.1,projectDetailsDepartment-NS,019,16,0,Office of the Director of Public Prosecutions,Bureau du directeur des poursuites pénales
18,5,1.0.1,projectDetailsDepartment-NS,021,17,0,Veterans Affairs (Department of),Anciens Combattants (Ministère des)
19,5,1.0.1,projectDetailsDepartment-NS,022,18,0,Health (Department of),Santé (Ministère de la)
20,5,1.0.1,projectDetailsDepartment-NS,023,19,0,Atlantic Canada Opportunities Agency,Agence de promotion économique du Canada atlantique
21,5,1.0.1,projectDetailsDepartment-NS,024,20,0,International Joint Commission (Canadian Section),Commission mixte internationale (section canadienne)
22,5,1.0.1,projectDetailsDepartment-NS,025,21,0,Privy Council Office,Bureau du Conseil privé
23,5,1.0.1,projectDetailsDepartment-NS,027,22,0,Natural Sciences and Engineering Research Council,Conseil de recherches en sciences naturelles et en génie
24,5,1.0.1,projectDetailsDepartment-NS,030,23,0,Royal Canadian Mounted Police,Gendarmerie royale du Canada
25,5,1.0.1,projectDetailsDepartment-NS,032,24,0,Immigration and Refugee Board,Commission de l'immigration et du statut de réfugié
26,5,1.0.1,projectDetailsDepartment-NS,033,25,0,Industry (Department of),Industrie (Ministère de l')
27,5,1.0.1,projectDetailsDepartment-NS,034,26,0,Transport (Department of),Transports (Ministère des)
28,5,1.0.1,projectDetailsDepartment-NS,035,27,0,National Research Council of Canada,Conseil national de recherches du Canada
29,5,1.0.1,projectDetailsDepartment-NS,037,28,0,Telefilm Canada,Téléfilm Canada
30,5,1.0.1,projectDetailsDepartment-NS,038,29,0,Canada Border Services Agency - (Administered Activities),Agence des services frontaliers du Canada - (activités administrées)
31,5,1.0.1,projectDetailsDepartment-NS,039,30,0,National Film Board,Office national du film
32,5,1.0.1,projectDetailsDepartment-NS,040,31,0,Canadian Transportation Agency,Office des transports du Canada
33,5,1.0.1,projectDetailsDepartment-NS,041,32,0,Natural Resources (Department of),Ressources naturelles (Ministère des)
34,5,1.0.1,projectDetailsDepartment-NS,042,33,0,Indian Affairs and Northern Development (Department of),Affaires indiennes et du Nord canadien (Ministère des)
35,5,1.0.1,projectDetailsDepartment-NS,043,34,0,Canadian Intergovernmental Conference Secretariat,Secrétariat des conférences intergouvernementales canadiennes
36,5,1.0.1,projectDetailsDepartment-NS,044,35,0,Western Economic Diversification (Department of),Diversification de l'économie de l'Ouest canadien (Ministère de la)
37,5,1.0.1,projectDetailsDepartment-NS,046,36,0,Office of the Public Sector Integrity Commissioner,Commissariat à l'intégrité du secteur public
38,5,1.0.1,projectDetailsDepartment-NS,047,37,0,Canadian Nuclear Safety Commission,Commission canadienne de sûreté nucléaire
39,5,1.0.1,projectDetailsDepartment-NS,050,38,0,Citizenship and Immigration (Department of),Citoyenneté et de l'Immigration (Ministère de la)
40,5,1.0.1,projectDetailsDepartment-NS,051,39,0,Office of the Commissioner for Federal Judicial Affairs,Bureau du commissaire à la magistrature fédérale
41,5,1.0.1,projectDetailsDepartment-NS,052,40,0,Canada School of Public Service,École de la fonction publique du Canada
42,5,1.0.1,projectDetailsDepartment-NS,053,41,0,Correctional Service of Canada,Service correctionnel du Canada
43,5,1.0.1,projectDetailsDepartment-NS,054,42,0,Statistics Canada,Statistique Canada
44,5,1.0.1,projectDetailsDepartment-NS,055,43,0,Office of the Communications Security Establishment Commissioner,Bureau du commissaire du Centre de la sécurité des télécommunications
45,5,1.0.1,projectDetailsDepartment-NS,056,44,0,Treasury Board Secretariat,Secrétariat du Conseil du Trésor
46,5,1.0.1,projectDetailsDepartment-NS,057,45,0,Parole Board of Canada,Commission des libérations conditionnelles du Canada
47,5,1.0.1,projectDetailsDepartment-NS,061,46,0,Canadian Institutes of Health Research,Instituts de recherche en santé du Canada
48,5,1.0.1,projectDetailsDepartment-NS,062,47,0,Federal Economic Development Agency for Southern Ontario,Agence fédérale de développement économique pour le Sud de l'Ontario
49,5,1.0.1,projectDetailsDepartment-NS,063,48,0,Social Sciences and Humanities Research Council,Conseil de recherches en sciences humaines
50,5,1.0.1,projectDetailsDepartment-NS,066,49,0,Northern Pipeline Agency,Administration du pipe-line du Nord
51,5,1.0.1,projectDetailsDepartment-NS,067,50,0,House of Commons,Chambre des communes
52,5,1.0.1,projectDetailsDepartment-NS,074,51,0,National Energy Board,Office national de l'énergie
53,5,1.0.1,projectDetailsDepartment-NS,075,52,0,Canadian Human Rights Commission,Commission canadienne des droits de la personne
54,5,1.0.1,projectDetailsDepartment-NS,076,53,0,Office of the Commissioner of Official Languages,Commissariat aux langues officielles
55,5,1.0.1,projectDetailsDepartment-NS,078,54,0,Canadian Northern Economic Development Agency,Agence canadienne de développement économique du Nord
56,5,1.0.1,projectDetailsDepartment-NS,079,55,0,Payroll System General Ledger,Grand livre général du système de la paye
57,5,1.0.1,projectDetailsDepartment-NS,080,56,0,Registrar of the Supreme Court of Canada,Registraire de la Cour suprême du Canada
58,5,1.0.1,projectDetailsDepartment-NS,083,57,0,"Office of the Co-ordinator, Status of Women",Bureau de la coordonnatrice de la situation de la femme
59,5,1.0.1,projectDetailsDepartment-NS,085,58,0,Canada Border Services Agency,Agence des services frontaliers du Canada
60,5,1.0.1,projectDetailsDepartment-NS,086,59,0,Fisheries and Oceans (Department of),Pêches et des Océans (Ministère des)
61,5,1.0.1,projectDetailsDepartment-NS,087,60,0,Public Service Superannuation,Pension de retraite de la fonction publique
62,5,1.0.1,projectDetailsDepartment-NS,088,61,0,Public Safety and Emergency Preparedness (Department of),Sécurité publique et de la Protection civile (Ministère de la)
63,5,1.0.1,projectDetailsDepartment-NS,091,62,0,Canada Mortgage and Housing Corporation (Crown Corporation),Société canadienne d'hypothèques et de logement (Société d'État)
64,5,1.0.1,projectDetailsDepartment-NS,095,63,0,Canadian Security Intelligence Service,Service canadien du renseignement de sécurité
65,5,1.0.1,projectDetailsDepartment-NS,096,64,0,Offices of the Information and Privacy Commissioners of Canada,Commissariats à l'information et à la protection de la vie privée au Canada
66,5,1.0.1,projectDetailsDepartment-NS,097,65,0,Receiver General,Receveur général
67,5,1.0.1,projectDetailsDepartment-NS,100,66,0,Canadian Centre for Occupational Health and Safety,Centre canadien d'hygiène et de sécurité au travail
68,5,1.0.1,projectDetailsDepartment-NS,101,67,0,Canadian Transportation Accident Investigation and Safety Board,Bureau canadien d'enquête sur les accidents de transport et de la sécurité des transports
69,5,1.0.1,projectDetailsDepartment-NS,102,68,0,The National Battlefields Commission,Commission des champs de bataille nationaux
70,5,1.0.1,projectDetailsDepartment-NS,103,69,0,Security Intelligence Review Committee,Comité de surveillance des activités de renseignement de sécurité
71,5,1.0.1,projectDetailsDepartment-NS,109,70,0,Patented Medicine Prices Review Board,Conseil d'examen du prix des médicaments brevetés
72,5,1.0.1,projectDetailsDepartment-NS,116,71,0,Copyright Board,Commission du droit d'auteur
73,5,1.0.1,projectDetailsDepartment-NS,119,72,0,Canadian Space Agency,Agence spatiale canadienne
74,5,1.0.1,projectDetailsDepartment-NS,122,73,0,Canada Revenue Agency - (Administered Activities),Agence du revenu du Canada - (activités administrées)
75,5,1.0.1,projectDetailsDepartment-NS,123,74,0,Export Development Canada (Crown Corporation),Exportation et développement Canada (Société d'État)
76,5,1.0.1,projectDetailsDepartment-NS,124,75,0,Parks Canada Agency,Agence Parcs Canada
77,5,1.0.1,projectDetailsDepartment-NS,127,76,0,Public Works and Government Services (Department of),Travaux publics et des Services gouvernementaux (Ministère des)
78,5,1.0.1,projectDetailsDepartment-NS,130,77,0,Canada Revenue Agency,Agence du revenu du Canada
79,5,1.0.1,projectDetailsDepartment-NS,133,78,0,Canadian Grain Commission,Commission canadienne des grains
80,5,1.0.1,projectDetailsDepartment-NS,134,79,0,Canadian Dairy Commission,Commission canadienne du lait
81,5,1.0.1,projectDetailsDepartment-NS,135,80,0,Canadian Heritage (Department of),Patrimoine canadien (Ministère du)
82,5,1.0.1,projectDetailsDepartment-NS,136,81,0,Canadian Food Inspection Agency,Agence canadienne d'inspection des aliments
83,5,1.0.1,projectDetailsDepartment-NS,137,82,0,Military Police Complaints Commission,Commission d'examen des plaintes concernant la police militaire
84,5,1.0.1,projectDetailsDepartment-NS,138,83,0,Military Grievances External Review Committee,Comité externe d'examen des griefs militaires
85,5,1.0.1,projectDetailsDepartment-NS,139,84,0,Financial Transactions and Reports Analysis Centre of Canada,Centre d'analyse des opérations et déclarations financières du Canada
86,5,1.0.1,projectDetailsDepartment-NS,141,85,0,Financial Consumer Agency of Canada,Agence de la consommation en matière financière du Canada
87,5,1.0.1,projectDetailsDepartment-NS,142,86,0,Office of Infrastructure of Canada,Bureau de l'infrastructure du Canada
88,5,1.0.1,projectDetailsDepartment-NS,144,87,0,Courts Administration Service,Service administratif des tribunaux judiciaires
89,5,1.0.1,projectDetailsDepartment-NS,145,88,0,Library and Archives of Canada,Bibliothèque et Archives du Canada
90,5,1.0.1,projectDetailsDepartment-NS,147,89,0,Office of the Conflict of Interest and Ethics Commissioner,Commissariat aux conflits d'intérêts et à l'éthique
91,5,1.0.1,projectDetailsDepartment-NS,148,90,0,Public Health Agency of Canada,Agence de la santé publique du Canada
92,5,1.0.1,projectDetailsDepartment-NS,151,91,0,Office of the Senate Ethics Officer,Bureau du conseiller sénatorial en éthique
93,5,1.0.1,projectDetailsDepartment-NS,154,92,0,Office of the Commissioner of Lobbying,Commissariat au lobbying
94,5,1.0.1,projectDetailsDepartment-NS,163,93,0,Shared Services Canada,Services partagés Canada
95,5,1.0.1,projectDetailsDepartment-NS,165,94,0,Communications Security Establishment,Centre de la sécurité des télécommunications
96,5,1.0.1,projectDetailsDepartment-NS,170,95,0,Administrative Tribunals Support Service of Canada,Service canadien d'appui aux tribunaux administratifs
97,5,1.0.1,projectDetailsDepartment-NS,171,96,0,Canadian High Arctic Research Station,Station canadienne de recherche dans l'Extrême-Arctique
98,5,1.0.1,projectDetailsDepartment-NS,176,97,0,Parliamentary Protective Service,Service de protection parlementaire
99,5,1.0.1,projectDetailsDepartment-NS,180,98,0,Invest in Canada Hub,Investir au Canada
100,5,1.0.1,projectDetailsDepartment-NS,183,99,0,Office of the Parliamentary Budget Officer,Bureau du directeur parlementaire du budget
101,5,1.0.1,projectDetailsDepartment-NS,192,100,0,Secretariat of the National Security and Intelligence Committee of Parliamentarians,Secrétariat du Comité des parlementaires sur la sécurité nationale et le renseignement
102,5,1.0.1,projectDetailsDepartment-NS,193,101,0,Impact Assessment Agency of Canada,Agence d'évaluation d'impact du Canada
103,12,1.0.1,projectDetailsPhase,item1,0,0,Design,Conception
104,12,1.0.1,projectDetailsPhase,item2,1,0,Implementation,Mise en oeuvre
105,14,1.0.1,businessDrivers1,item1,0,0,Reduce existing backlog of work or cases,Arriéré de travail ou de cas existant
106,14,1.0.1,businessDrivers1,item2,1,0,Improve overall quality of decisions,Amélioration de la qualité générale des décisions
107,14,1.0.1,businessDrivers1,item3,2,0,Lower transaction costs of an existing program,Réduction des coûts de transaction d'un programme existant
108,14,1.0.1,businessDrivers1,item4,3,0,Perform tasks that humans could not accomplish in a reasonable period of time,Exécution par le système de tâches qu'une personne n'est pas en mesure d'accomplir dans un délai raisonnable
109,14,1.0.1,businessDrivers1,item5,4,0,Use innovative approaches,Utilisation d'approches novatrices
110,14,1.0.1,businessDrivers1,item6,5,0,Other (specify),Autre (veuillez préciser)
111,18,1.0.1,businessDrivers5,item1-2,0,2,Slightly effective,Légèrement efficace
112,18,1.0.1,businessDrivers5,item2-1,1,1,Moderately effective,Modérément efficace
113,18,1.0.1,businessDrivers5,item3-0,2,0,Very effective,Très efficace
114,26,1.0.1,businessDrivers9,item1-0,0,0,Yes,Oui
115,26,1.0.1,businessDrivers9,item2-1,1,1,No,Non
116,28,1.0.1,businessDrivers11,item1-2,0,2,Service cannot be delivered at all,La prestation du service serait impossible
117,28,1.0.1,businessDrivers11,item2-0,1,0,Service cannot be delivered in a timely or efficient manner,La prestation du service ne pourrait pas être effectuée en temps voulu ou de manière efficace
118,28,1.0.1,businessDrivers11,item3-0,2,0,Service costs are too high,Les coûts du service seraient trop élevés
119,28,1.0.1,businessDrivers11,item4-0,3,0,Service quality is not as high,La qualité du service ne serait pas aussi élevée
120,28,1.0.1,businessDrivers11,item5-0,4,0,Service delivery cannot achieve performance targets,Les objectifs de rendement liés à la prestation du service ne pourraient pas être atteints
121,28,1.0.1,businessDrivers11,item6-0,5,0,Other (specify),Autre (veuillez préciser)
122,30,1.0.1,riskProfile1,item1-3,0,3,Yes,Oui
123,30,1.0.1,riskProfile1,item2-0,1,0,No,Non
124,31,1.0.1,riskProfile2,item1-3,0,3,Yes,Oui
125,31,1.0.1,riskProfile2,item2-0,1,0,No,Non
126,33,1.0.1,riskProfile3,item1-1,0,1,Yes,Oui
127,33,1.0.1,riskProfile3,item2-0,1,0,No,Non
128,35,1.0.1,riskProfile4,item1-0,0,0,"Assessment has been conducted, and no barriers were identified.",Une évaluation a été effectuée et aucune difficulté n’a été cernée.
129,35,1.0.1,riskProfile4,item2-0,1,0,"Assessment has been conducted, barriers were identified, and measures are in place or planned to remove or prevent them.","Une évaluation a été effectuée, des difficultés ont été cernées et des mesures sont en place ou prévues pour les éliminer ou les prévenir."
130,35,1.0.1,riskProfile4,item3-4,2,4,"Assessment was conducted, barriers were identified, and no measures were put in place or planned to remove or prevent them.","Une évaluation a été effectuée, des difficultés ont été cernées et aucune mesure n’a été mise en place ou n’est prévue pour les éliminer ou les prévenir."
131,35,1.0.1,riskProfile4,item4-4,3,4,No assessment has been conducted.,Aucune évaluation n’a été effectuée.
132,37,1.0.1,riskProfile7,item1-3,0,3,Yes,Oui
133,37,1.0.1,riskProfile7,item2-0,1,0,No,Non
134,38,1.0.1,riskProfile8,item1-1,0,1,Yes,Oui
135,38,1.0.1,riskProfile8,item2-0,1,0,No,Non
136,40,1.0.1,riskProfile9,item1-0,0,0,Yes,Oui
137,40,1.0.1,riskProfile9,item2-0,1,0,No,Non
138,41,1.0.1,riskProfile10,item1-0,0,0,Yes,Oui
139,41,1.0.1,riskProfile10,item2-0,1,0,No,Non
140,42,1.0.1,projectAuthority1,item1-2,0,2,Yes,Oui
141,42,1.0.1,projectAuthority1,item2-0,1,0,No,Non
142,44,1.0.1,aboutSystem1,item1,0,0,"Image and object recognition: Analyzing large data sets to automate the recognition, classification, and context associated with an image or object","Reconnaissance d'images et d'objets : Analyse de vastes jeux de données pour l'automatisation de la reconnaissance, de la classification et du contexte associés à une image ou à un objet"
143,44,1.0.1,aboutSystem1,item2,1,0,"Text and speech analysis: Analyzing large data sets to recognize, process, and categorize text, speech and voice, and make recommendations based on the categorization","Analyse du texte et de la parole : Analyse de vastes jeux de données pour la reconnaissance, le traitement et la catégorisation de textes, de la parole et de la voix, ainsi que la formulation de recommandations fondées sur la catégorisation"
144,44,1.0.1,aboutSystem1,item3,2,0,Risk assessment: Analyzing large data sets to identify patterns and recommend courses of action and in some cases trigger specific actions,"Évaluation des risques : Analyse de vastes jeux de données pour la détermination des tendances, la recommandation de plans d'action et, dans certains cas, la prise de mesures précises"
145,44,1.0.1,aboutSystem1,item4,3,0,"Content generation: Analyzing large data sets to categorize, process, triage, personalize, and serve specific content for specific contexts","Génération de contenu : Analyse de vastes jeux de données pour l'établissement de catégories, le traitement, le triage, la personnalisation et la présentation de contenus adaptés à des contextes particuliers"
146,44,1.0.1,aboutSystem1,item5,4,0,"Process optimization and workflow automation: Analyzing large data sets to identify any anomalies, cluster patterns, predict outcomes or ways to optimize; and automate specific workflows","Optimisation des processus et automatisation des flux de travail : Analyse de vastes jeux de données pour le recensement d'anomalies ou de modèles de grappes, la prévision des résultats ou de méthodes d'optimisation et l'automatisation de flux de travail particuliers"
147,44,1.0.1,aboutSystem1,item6,5,0,Other (Specify),Autre (veuillez préciser)
148,46,1.0.1,aboutSystem3,item1-0,0,0,Your institution,Votre organisation
149,46,1.0.1,aboutSystem3,item2-0,1,0,Another federal institution,Une autre organisation fédérale
150,46,1.0.1,aboutSystem3,item3-1,2,1,Another government,Une autre administration publique
151,46,1.0.1,aboutSystem3,item4-1,3,1,A non-government third party,Un organisme tiers non gouvernemental
152,50,1.0.1,aboutSystem4,item1-0,0,0,Your institution,Votre organisation
153,50,1.0.1,aboutSystem4,item2-0,1,0,Another federal institution,Une autre organisation fédérale
154,50,1.0.1,aboutSystem4,item3-1,2,1,Another government,Une autre administration publique
155,50,1.0.1,aboutSystem4,item4-1,3,1,A non-government third party,Un organisme tiers non gouvernemental
156,54,1.0.1,aboutSystem5,item1-0,0,0,Open source,à code source ouvert
157,54,1.0.1,aboutSystem5,item2-1,1,1,Custom built,conçu sur mesure
158,54,1.0.1,aboutSystem5,item3-2,2,2,Commercial off the shelf (COTS),disponible sur le marché (COTS)
159,56,1.0.1,aboutSystem5B,item1-0,0,0,Yes,Oui
160,56,1.0.1,aboutSystem5B,item2-0,1,0,No,Non
161,58,1.0.1,aboutSystem6,item1-0,0,0,Yes,Oui
162,58,1.0.1,aboutSystem6,item2-2,1,2,No,Non
163,59,1.0.1,aboutSystem7,item1-0,0,0,Yes,Oui
164,59,1.0.1,aboutSystem7,item2-2,1,2,No,Non
165,60,1.0.1,aboutSystem8,item1-0,0,0,Yes,Oui
166,60,1.0.1,aboutSystem8,item2-1,1,1,No,Non
167,62,1.0.1,aboutSystem9,item1-0,0,0,Yes,Oui
168,62,1.0.1,aboutSystem9,item2-2,1,2,No,Non
169,63,1.0.1,aboutSystem10A,item1-0,0,0,Yes,Oui
170,63,1.0.1,aboutSystem10A,item2-2,1,2,No,Non
171,64,1.0.1,aboutSystem11,item1-1,0,1,Little to no impact,"faible, voire nulle"
172,64,1.0.1,aboutSystem11,item2-2,1,2,Moderate impact,modérée
173,64,1.0.1,aboutSystem11,item3-3,2,3,High impact,élevée
174,64,1.0.1,aboutSystem11,item4-4,3,4,Very high impact,très élevée
175,66,1.0.1,aboutAlgorithm1,item1-1,0,1,Yes,Oui
176,66,1.0.1,aboutAlgorithm1,item2-0,1,0,No,Non
177,67,1.0.1,aboutAlgorithm2,item1-3,0,3,Yes,Oui
178,67,1.0.1,aboutAlgorithm2,item2-0,1,0,No,Non
179,68,1.0.1,aboutAlgorithm3,item1-0,0,0,"Based on rules developed from laws and policy and/or using human expertise (for example, if/then statements)","fondé sur des règles établies en fonction des lois et des politiques ou à l'aide de l'expertise humaine (par exemple, des énoncés de type «si» ou «alors»)"
180,68,1.0.1,aboutAlgorithm3,item2-1,1,1,"Based on patterns in data identified by the AI model (for example, neural network, deep learning)","fondé sur des modèles de données déterminés par le modèle d'IA (par exemple, réseau neuronal et apprentissage profond)"
181,69,1.0.1,aboutAlgorithm4,item1-0,0,0,Deterministic (follow precise rules and generate single outcome),déterministe (suit des règles précises et produit un résultat unique) 
182,69,1.0.1,aboutAlgorithm4,item2-1,1,1,Probabilistic (infer several models to explain data),probabiliste (explique les données en appliquant plusieurs modèles)
183,70,1.0.1,aboutAlgorithm5,item1-0,0,0,"Discriminative (for example, regression analyses, decision trees)","discriminatif (par exemple, analyses de régression et arbres de décision)"
184,70,1.0.1,aboutAlgorithm5,item2-1,1,1,"Generative (for example, linear discriminant analysis, naïve Bayes)","génératif (par exemple, analyse discriminante linéaire et classification naïve bayésienne)"
185,73,1.0.1,aboutAlgorithm8,item1-3,0,3,Yes,Oui
186,73,1.0.1,aboutAlgorithm8,item2-0,1,0,No,Non
187,74,1.0.1,aboutAlgorithm8A,item1-0,0,0,Yes,Oui
188,74,1.0.1,aboutAlgorithm8A,item2-1,1,1,No,Non
189,75,1.0.1,aboutAlgorithm9,item1-2,0,2,Yes,Oui
190,75,1.0.1,aboutAlgorithm9,item2-0,1,0,No,Non
191,77,1.0.1,aboutAlgorithm11,item1-0,0,0,Yes,Oui
192,77,1.0.1,aboutAlgorithm11,item2-2,1,2,No,Non
193,81,1.0.1,decisionSector1,item1-1,0,1,"Health-related services (environmental and workplace health, product and food safety, drug regulation)","Services liés à la santé (santé de l'environnement et du milieu de travail, sécurité des produits et des aliments et réglementation des médicaments)"
194,81,1.0.1,decisionSector1,item2-1,1,1,"Economic interests (grants and contributions, tax benefits, debt collection)","Intérêts économiques (subventions et contributions, avantages fiscaux, recouvrement de dettes) "
195,81,1.0.1,decisionSector1,item3-1,2,1,"Social assistance (employment insurance, disability or housing benefits, children or seniors programs)","Aide sociale (prestations d'assurance-emploi, d'invalidité ou pour le logement et programmes pour les enfants ou les aînés)"
196,81,1.0.1,decisionSector1,item4-1,3,1,"Access and mobility (security clearances, border management, immigration)","Accès et mobilité (habitations de sécurité, gestion des frontières, immigration)"
197,81,1.0.1,decisionSector1,item5-1,4,1,"Licensing and issuance of permits (possession and acquisition licence, export permits, commercial fishing licence)","Accréditation et délivrance de permis (permis de possession et d'acquisition, d'exportation et de pêche commerciale)"
198,81,1.0.1,decisionSector1,item7-1,5,1,"Employment (recruitment, hiring, promotion, performance evaluation, monitoring, security clearance)","Emploi (recrutement, embauche, promotion, évaluation de rendement, surveillance, habilitation de sécurité)"
199,81,1.0.1,decisionSector1,item8-1,6,1,Public safety and law enforcement (investigating criminal acts),Sécurité publique et application de la loi (enquêtes sur les actes criminels)
200,81,1.0.1,decisionSector1,item6-1,7,1,Other (specify),Autre (veuillez préciser)
201,83,1.0.1,impact30,item1-4,0,4,Full automation (the system will make an administrative decision) ,Automatisation complète (le système prendra une décision administrative)
202,83,1.0.1,impact30,item2-2,1,2,"Partial automation (the system will contribute to administrative decision-making by supporting an officer with assessments, recommendations, intermediate decisions, or other outputs)","Automatisation partielle (le système contribuera à la prise de décision administrative en fournissant aux fonctionnaires des évaluations, des recommandations, des décisions intermédiaires ou d'autres extrants)"
203,85,1.0.1,impact3,item1-4,0,4,Yes,Oui
204,85,1.0.1,impact3,item2-0,1,0,No,Non
205,87,1.0.1,impact4A,item1-2,0,2,Yes,Oui
206,87,1.0.1,impact4A,item2-0,1,0,No,Non
207,90,1.0.1,impact22,item1-2,0,2,Yes,Oui
208,90,1.0.1,impact22,item2-0,1,0,No,Non
209,92,1.0.1,impact5,item1-2,0,2,Yes,Oui
210,92,1.0.1,impact5,item2-0,1,0,No,Non
211,93,1.0.1,impact6,item1-1,0,1,Reversible,Réversible
212,93,1.0.1,impact6,item2-2,1,2,Likely reversible,Probablement réversible
213,93,1.0.1,impact6,item3-3,2,3,Difficult to reverse,Difficile à inverser
214,93,1.0.1,impact6,item4-4,3,4,Irreversible,Irréversible
215,94,1.0.1,impact7,item1-1,0,1,Impacts are most likely to be brief,Les incidences risquent fort probablement d'être brèves
216,94,1.0.1,impact7,item2-2,1,2,"Some impacts may last a matter of months, but some lingering impacts may last longer",Certaines incidences peuvent durer quelques mois ou plus longtemps.
217,94,1.0.1,impact7,item3-3,2,3,Impacts can last years,Les incidences peuvent durer des années.
218,94,1.0.1,impact7,item4-4,3,4,Most impacts are perpetual,La plupart des incidences sont sans limite dans le temps.
219,96,1.0.1,impact9,item1-1,0,1,Little to no impact,Incidence faible ou nulle
220,96,1.0.1,impact9,item2-2,1,2,Moderate impact,Incidence modérée
221,96,1.0.1,impact9,item3-3,2,3,High impact,Incidence élevée
222,96,1.0.1,impact9,item4-4,3,4,Very high impact,Incidence très élevée
223,98,1.0.1,impact24,item1-1,0,1,Little to no impact,Incidence faible ou nulle
224,98,1.0.1,impact24,item2-2,1,2,Moderate impact,Incidence modérée
225,98,1.0.1,impact24,item3-3,2,3,High impact,Incidence élevée
226,98,1.0.1,impact24,item4-4,3,4,Very high impact,Incidence très élevée
227,100,1.0.1,impact11,item1-1,0,1,Little to no impact,Incidence faible ou nulle
228,100,1.0.1,impact11,item2-2,1,2,Moderate impact,Incidence modérée
229,100,1.0.1,impact11,item3-3,2,3,High impact,Incidence élevée
230,100,1.0.1,impact11,item4-4,3,4,Very high impact,Incidence très élevée
231,102,1.0.1,impact13,item1-1,0,1,Little to no impact,Incidence faible ou nulle
232,102,1.0.1,impact13,item2-2,1,2,Moderate impact,Incidence modérée
233,102,1.0.1,impact13,item3-3,2,3,High impact,Incidence élevée
234,102,1.0.1,impact13,item4-4,3,4,Very high impact,Incidence très élevée
235,104,1.0.1,impact15,item1-1,0,1,Little to no impact,Incidence faible ou nulle
236,104,1.0.1,impact15,item2-2,1,2,Moderate impact,Incidence modérée
237,104,1.0.1,impact15,item3-3,2,3,High impact,Incidence élevée
238,104,1.0.1,impact15,item4-4,3,4,Very high impact,Incidence très élevée
239,106,1.0.1,impact18,item1-3,0,3,No assessment has been conducted,Aucune évaluation n’a été effectuée.
240,106,1.0.1,impact18,item2-0,1,0,Assessment conducted; no performance differences identified.,Une évaluation a été effectuée et aucune différence de rendement n’a été relevée.
241,106,1.0.1,impact18,item3-2,2,2,Assessment conducted; performance differences identified and are justified. Downstream impacts of performance difference have not been considered or addressed.,Une évaluation a été effectuée et les différences de rendement ont été relevées et sont justifiées. Les répercussions en aval de ces différences n’ont pas été prises en compte ou traitées.
242,106,1.0.1,impact18,item4-2,3,2,Assessment conducted; performance differences identified which are not justified. Downstream impacts of the performance difference considered and addressed.,Une évaluation a été effectuée et les différences de rendement ont été relevées et sont injustifiées. Les répercussions en aval de ces différences ont été prises en compte et traitées.
243,106,1.0.1,impact18,item5-1,4,1,Assessment conducted; performance differences identified and are justified. Downstream impacts have been considered and addressed.,Une évaluation a été effectuée et les différences de rendement ont été relevées et sont justifiées. Les répercussions en aval de ces différences ont été prises en compte et traitées.
244,106,1.0.1,impact18,item6-3,5,3,Assessment conducted; performance differences are identified and are not justified. Downstream impacts of the performance differences not considered or addressed.,Une évaluation a été effectuée et les différences de rendement ont été relevées et sont injustifiées. Les répercussions en aval de ces différences n’ont pas été prises en compte ou traitées.
245,110,1.0.1,impact19I,item1-0,0,0,Yes,Oui
246,110,1.0.1,impact19I,item2-1,1,1,No,Non
247,113,1.0.1,impact23,item1-1,0,1,Yes,Oui
248,113,1.0.1,impact23,item2-0,1,0,No,Non
249,116,1.0.1,impact26,item1-0,0,0,0 to 25% ,0 à 25 %
250,116,1.0.1,impact26,item2-0,1,0,26 to 50%,26 % à 50 %
251,116,1.0.1,impact26,item3-0,2,0,51 to 75%,51 % à 75 %
252,116,1.0.1,impact26,item4-0,3,0,76 to 99%,76 % à 99 %
253,116,1.0.1,impact26,item5-0,4,0,100% ,100 %
254,116,1.0.1,impact26,item6-0,5,0,Unknown,Inconnue
255,118,1.0.1,impact27,item1-1,0,1,Yes,Oui
256,118,1.0.1,impact27,item2-0,1,0,No,Non
257,120,1.0.1,impact28,item1-1,0,1,Little to no impact  ,"faible, voire nulle"
258,120,1.0.1,impact28,item2-2,1,2,Moderate impact ,modérée 
259,120,1.0.1,impact28,item3-3,2,3,High impact,élevée 
260,120,1.0.1,impact28,item4-4,3,4,Very high impact ,très élevée 
261,122,1.0.1,aboutDataSource1,item1-2,0,2,Yes,Oui
262,122,1.0.1,aboutDataSource1,item2-0,1,0,No,Non
263,123,1.0.1,aboutDataSource9,item1-0,0,0,Yes,Oui
264,123,1.0.1,aboutDataSource9,item2-2,1,2,No,Non
265,124,1.0.1,aboutDataSource10,item1-2,0,2,Yes,Oui
266,124,1.0.1,aboutDataSource10,item2-0,1,0,No,Non
267,125,1.0.1,aboutDataSource11,item1-0,0,0,Yes,Oui
268,125,1.0.1,aboutDataSource11,item2-1,1,1,No,Non
269,127,1.0.1,aboutDataSource14,item1-0,0,0,No sharing ,Non 
270,127,1.0.1,aboutDataSource14,item2-1,1,1,Within your department,"Oui, au sein de votre organisation "
271,127,1.0.1,aboutDataSource14,item3-1,2,1,With another federal department,"Oui, à une autre organisation fédérale"
272,127,1.0.1,aboutDataSource14,item4-3,3,3,With a government from another jurisdiction,"Oui, à une autre administration publique "
273,127,1.0.1,aboutDataSource14,item5-3,4,3,With a third party (private sector/NGO),"Oui, à un tiers (secteur privé/ONG) "
274,127,1.0.1,aboutDataSource14,item6-1,5,1,Other,Autre
275,129,1.0.1,aboutDataSource15,item1-0,0,0,Yes,Oui
276,129,1.0.1,aboutDataSource15,item2-2,1,2,No,Non
277,129,1.0.1,aboutDataSource15,item3-1,2,1,Unsure,Indéterminé
278,133,1.0.1,aboutDataSource16,item1-2,0,2,Yes,Oui
279,133,1.0.1,aboutDataSource16,item2-0,1,0,No,Non
280,133,1.0.1,aboutDataSource16,item3-1,2,1,Unsure,Indéterminé
281,137,1.0.1,aboutDataSource2,item1-0,0,0,None,Aucun
282,137,1.0.1,aboutDataSource2,item2-1,1,1,Protected A,Protégé A
283,137,1.0.1,aboutDataSource2,item4-3,2,3,Protected B,Protégé B
284,137,1.0.1,aboutDataSource2,item6-3,3,3,Protected C,Protégé C
285,137,1.0.1,aboutDataSource2,item3-2,4,2,Confidential,Confidentiel
286,137,1.0.1,aboutDataSource2,item5-4,5,4,Secret,Secret
287,137,1.0.1,aboutDataSource2,item7-4,6,4,Top Secret,Très Secret
288,137,1.0.1,aboutDataSource2,item8-0,7,0,Other,Autre
289,139,1.0.1,aboutDataSource17,item1-0,0,0,Yes,Oui
290,139,1.0.1,aboutDataSource17,item2-2,1,2,No,Non
291,139,1.0.1,aboutDataSource17,item3-0,2,0,Not applicable,Sans objet
292,143,1.0.1,aboutDataSource3,item1-1,0,1,Federal Government,Le gouvernement fédéral
293,143,1.0.1,aboutDataSource3,item2-2,1,2,Other Canadian Government (province/territorial/municipal),Une autre administration publique canadienne (provinciale/territoriale/municipale)
294,143,1.0.1,aboutDataSource3,item3-3,2,3,Private sector / NGO / academia,"Le secteur privé, une ONG ou un organisme universitaire"
295,144,1.0.1,aboutDataSource4,item1-2,0,2,Yes,Oui
296,144,1.0.1,aboutDataSource4,item2-0,1,0,No,Non
297,145,1.0.1,aboutDataSource5,item1-4,0,4,Yes,Oui
298,145,1.0.1,aboutDataSource5,item2-0,1,0,No,Non
299,146,1.0.1,aboutDataSource6,item1-4,0,4,Yes,Oui
300,146,1.0.1,aboutDataSource6,item2-0,1,0,No,Non
301,147,1.0.1,aboutDataSource7,item1-1,0,1,Your institution,Votre institution
302,147,1.0.1,aboutDataSource7,item2-2,1,2,Another federal institution,Une autre institution fédérale
303,147,1.0.1,aboutDataSource7,item3-3,2,3,Another level of government,Autre niveau de gouvernement
304,147,1.0.1,aboutDataSource7,item4-4,3,4,A foreign government or non-government third party,Un gouvernement étranger ou un tiers non gouvernemental
305,148,1.0.1,aboutDataSource8,item1-1,0,1,Your institution,Votre institution
306,148,1.0.1,aboutDataSource8,item2-2,1,2,Another federal institution,Une autre institution fédérale
307,148,1.0.1,aboutDataSource8,item3-3,2,3,Another level of government,Autre niveau de gouvernement
308,148,1.0.1,aboutDataSource8,item4-4,3,4,A foreign government or non-government third party,Un gouvernement étranger ou un tiers non gouvernemental
309,150,1.0.1,aboutDataSourceType1,item1-0,0,0,Yes,Oui
310,150,1.0.1,aboutDataSourceType1,item2-0,1,0,No,Non
311,151,1.0.1,aboutDataSourceType2,item1-2,0,2,Audio and text files,Fichiers audio et textuels
312,151,1.0.1,aboutDataSourceType2,item2-4,1,4,Images and videos,Images et vidéos
313,152,1.0.1,aboutDataSourceType3,item1-0,0,0,Yes,Oui
314,152,1.0.1,aboutDataSourceType3,item2-0,1,0,No,Non
315,154,1.0.1,consultationDesign1,item1-2,0,2,Yes,Oui
316,154,1.0.1,consultationDesign1,item2-0,1,0,No,Non
317,155,1.0.1,consultationDesign2,item2,0,0,Strategic Policy and Planning,Politique et planification stratégique
318,155,1.0.1,consultationDesign2,item3,1,0,Data Governance,Gouvernance des données
319,155,1.0.1,consultationDesign2,item4,2,0,Program Policy,Politique du programme
320,155,1.0.1,consultationDesign2,item5,3,0,Legal Services,Services juridiques
321,155,1.0.1,consultationDesign2,item6,4,0,Access to Information and Privacy,Bureau de l'accès à l'information et de la protection des renseignements personnels
322,155,1.0.1,consultationDesign2,item7,5,0,Communications services,Services des communications
323,155,1.0.1,consultationDesign2,item8,6,0,Client Experience / Client Relationship Management,Expérience de la clientèle et gestion de la relation avec celle-ci 
324,155,1.0.1,consultationDesign2,item10,7,0,Digital Policy,Politique sur le numérique
325,155,1.0.1,consultationDesign2,item11,8,0,Human Resources,Ressources humaines
326,155,1.0.1,consultationDesign2,item12,9,0,TBS Office of the Chief Human Resources Officer,Bureau de la dirigeante principale des ressources humaines du SCT
327,155,1.0.1,consultationDesign2,item13,10,0,TBS Office of the Chief Information Officer,Bureau du dirigeant principal de l'information du SCT
328,155,1.0.1,consultationDesign2,item14,11,0,Office of the Privacy Commissioner of Canada,Commissariat à la protection de la vie privée du Canada
329,155,1.0.1,consultationDesign2,item15,12,0,Networks for Equity-seeking Employees,Réseaux pour les employés visés par l'équité
330,155,1.0.1,consultationDesign2,item16,13,0,Accessibility Working Groups,Groupes de travail sur l'accessibilité
331,155,1.0.1,consultationDesign2,item17,14,0,2SLGBTQI+ Secretariat,Secrétariat 2ELGBTQI+
332,155,1.0.1,consultationDesign2,item9,15,0,Other (describe),Autre (décrire)
333,157,1.0.1,consultationDesign3,item1-2,0,2,Yes,Oui
334,157,1.0.1,consultationDesign3,item2-0,1,0,No,Non
335,158,1.0.1,consultationDesign4,item2,0,0,General Public,Grand public
336,158,1.0.1,consultationDesign4,item7,1,0,Academia,Milieu universitaire
337,158,1.0.1,consultationDesign4,item8,2,0,Industry,Industrie
338,158,1.0.1,consultationDesign4,item11,3,0,Bargaining Agents,Agents négociateurs
339,158,1.0.1,consultationDesign4,item12,4,0,Governments in other Jurisdictions,Gouvernements d'autres administrations
340,158,1.0.1,consultationDesign4,item13,5,0,International Organizations,Organisations internationales
341,158,1.0.1,consultationDesign4,item14,6,0,Clients or their Representatives,Clientèle ou les personnes qui la représentent
342,158,1.0.1,consultationDesign4,item15,7,0,"Indigenous organizations, Elders, and leadership","Organisations, aînés et leadership autochtones "
343,158,1.0.1,consultationDesign4,item16,8,0,Non-governmental organizations ,Organisations non gouvernementales 
344,158,1.0.1,consultationDesign4,item19,9,0,Professional associations  ,Associations professionnelles  
345,158,1.0.1,consultationDesign4,item9,10,0,Other (describe),Autre (décrire)
346,161,1.0.1,consultationDesign6,item1-3,0,3,Yes,Oui
347,161,1.0.1,consultationDesign6,item2-0,1,0,No,Non
348,161,1.0.1,consultationDesign6,item3-0,2,0,Unsure,Je ne sais pas
349,164,1.0.1,consultationDesign7,item1-3,0,3,Yes,Oui
350,164,1.0.1,consultationDesign7,item2-0,1,0,No,Non
351,164,1.0.1,consultationDesign7,item3-0,2,0,Unsure,Je ne sais pas
352,167,1.0.1,consultationDesign8,item1,0,0,Fairness of outputs,Équité des résultats
353,167,1.0.1,consultationDesign8,item2,1,0,Transparency of the system,Transparence du système
354,167,1.0.1,consultationDesign8,item3,2,0,Barriers to access,Obstacles à l'accès
355,167,1.0.1,consultationDesign8,item4,3,0,Surveillance,Surveillance.
356,167,1.0.1,consultationDesign8,item5,4,0,Protection of personal information and/or other privacy concerns,Protection des renseignements personnels ou autres préoccupations en la matière
357,167,1.0.1,consultationDesign8,item6,5,0,Human rights,Droits de la personne
358,167,1.0.1,consultationDesign8,item7,6,0,Accessibility,Accessibilité
359,167,1.0.1,consultationDesign8,item8,7,0,Accuracy,Exactitude
360,167,1.0.1,consultationDesign8,item9,8,0,Other,Autres
361,170,1.0.1,consultationImplementation1,item1-2,0,2,Yes,Oui
362,170,1.0.1,consultationImplementation1,item2-0,1,0,No,Non
363,171,1.0.1,consultationImplementation2,item2,0,0,Strategic Policy and Planning,Politique et planification stratégiques
364,171,1.0.1,consultationImplementation2,item3,1,0,Data Governance,Gouvernance des données
365,171,1.0.1,consultationImplementation2,item4,2,0,Program Policy,Politique du programme
366,171,1.0.1,consultationImplementation2,item5,3,0,Legal Services,Services juridiques
367,171,1.0.1,consultationImplementation2,item6,4,0,Access to Information and Privacy,Bureau de l'accès à l'information et de la protection des renseignements personnels
368,171,1.0.1,consultationImplementation2,item7,5,0,Communications services,Services des communications
369,171,1.0.1,consultationImplementation2,item8,6,0,Client Experience / Client Relationship Management,Expérience de la clientèle et gestion de la relation avec celle-ci 
370,171,1.0.1,consultationImplementation2,item10,7,0,Digital Policy,Politique sur le numérique
371,171,1.0.1,consultationImplementation2,item11,8,0,Human Resources,Ressources humaines
372,171,1.0.1,consultationImplementation2,item12,9,0,TBS Office of the Chief Human Resources Officer,Bureau de la dirigeante principale des ressources humaines du SCT
373,171,1.0.1,consultationImplementation2,item13,10,0,TBS Office of the Chief Information Officer,Bureau du dirigeant principal de l'information du SCT
374,171,1.0.1,consultationImplementation2,item14,11,0,Office of the Privacy Commissioner of Canada,Commissariat à la protection de la vie privée du Canada
375,171,1.0.1,consultationImplementation2,item15,12,0,Networks for Equity-seeking Employees,Réseaux pour les employés visés par l'équité
376,171,1.0.1,consultationImplementation2,item16,13,0,Accessibility Working Groups,Groupes de travail sur l'accessibilité
377,171,1.0.1,consultationImplementation2,item17,14,0,2SLGBTQI+ Secretariat,Secrétariat 2ELGBTQI+
378,171,1.0.1,consultationImplementation2,item9,15,0,Other (describe),Autre (décrire)
379,173,1.0.1,consultationImplementation3,item1-2,0,2,Yes,Oui
380,173,1.0.1,consultationImplementation3,item2-0,1,0,No,Non
381,174,1.0.1,consultationImplementation4,item2,0,0,General Public,Grand public
382,174,1.0.1,consultationImplementation4,item7,1,0,Academia,Milieu universitaire
383,174,1.0.1,consultationImplementation4,item8,2,0,Industry,Industrie
384,174,1.0.1,consultationImplementation4,item11,3,0,Bargaining Agents,Agents négociateurs
385,174,1.0.1,consultationImplementation4,item12,4,0,Governments in other Jurisdictions,Gouvernements d'autres administrations
386,174,1.0.1,consultationImplementation4,item13,5,0,International Organizations,Organisations internationales
387,174,1.0.1,consultationImplementation4,item14,6,0,Clients or their Representatives,Clientèle ou les personnes qui la représentent
388,174,1.0.1,consultationImplementation4,item15,7,0,"Indigenous organizations, Elders, and leadership","Organisations, aînés et leadership autochtones "
389,174,1.0.1,consultationImplementation4,item16,8,0,Non-governmental organizations ,Organisations non gouvernementales 
390,174,1.0.1,consultationImplementation4,item19,9,0,Professional associations  ,Associations professionnelles  
391,174,1.0.1,consultationImplementation4,item9,10,0,Other (describe),Autre (décrire)
392,177,1.0.1,consultationImplementation6,item1-3,0,3,Yes,Oui
393,177,1.0.1,consultationImplementation6,item2-0,1,0,No,Non
394,177,1.0.1,consultationImplementation6,item3-0,2,0,Unsure,Je ne sais pas
395,180,1.0.1,consultationImplementation7,item1-3,0,3,Yes,Oui
396,180,1.0.1,consultationImplementation7,item2-0,1,0,No,Non
397,180,1.0.1,consultationImplementation7,item3-0,2,0,Unsure,Je ne sais pas
398,183,1.0.1,consultationImplementation8,item1,0,0,Fairness of outputs,Équité des résultats
399,183,1.0.1,consultationImplementation8,item2,1,0,Transparency of the system,Transparence du système
400,183,1.0.1,consultationImplementation8,item3,2,0,Barriers to access,Obstacles à l'accès
401,183,1.0.1,consultationImplementation8,item4,3,0,Surveillance,Surveillance.
402,183,1.0.1,consultationImplementation8,item5,4,0,Protection of personal information and/or other privacy concerns,Protection des renseignements personnels ou autres préoccupations en la matière
403,183,1.0.1,consultationImplementation8,item6,5,0,Human rights,Droits de la personne
404,183,1.0.1,consultationImplementation8,item7,6,0,Accessibility,Accessibilité
405,183,1.0.1,consultationImplementation8,item8,7,0,Accuracy,Exactitude
406,183,1.0.1,consultationImplementation8,item9,8,0,Other,Autres
407,186,1.0.1,dataQualityDesign1,item1-3,0,3,Yes,Oui
408,186,1.0.1,dataQualityDesign1,item2-0,1,0,No,Non
409,187,1.0.1,dataQualityDesign2,item1-1,0,1,Yes,Oui
410,187,1.0.1,dataQualityDesign2,item2-0,1,0,No,Non
411,189,1.0.1,dataQualityDesign3,item1-1,0,1,Yes,Oui
412,189,1.0.1,dataQualityDesign3,item2-0,1,0,No,Non
413,190,1.0.1,dataQualityDesign4,item1-1,0,1,Yes,Oui
414,190,1.0.1,dataQualityDesign4,item2-0,1,0,No,Non
415,192,1.0.1,dataQualityDesign5,item1-2,0,2,Yes,Oui
416,192,1.0.1,dataQualityDesign5,item2-0,1,0,No,Non
417,192,1.0.1,dataQualityDesign5,item3-1,2,1,Not applicable,Sans objet
418,194,1.0.1,dataQualityDesign7,item1-1,0,1,Yes,Oui
419,194,1.0.1,dataQualityDesign7,item2-0,1,0,No,Non
420,196,1.0.1,dataQualityDesign8,item1-2,0,2,Yes,Oui
421,196,1.0.1,dataQualityDesign8,item2-0,1,0,No,Non
422,197,1.0.1,dataQualityDesign9,item1-1,0,1,Yes,Oui
423,197,1.0.1,dataQualityDesign9,item2-0,1,0,No,Non
424,199,1.0.1,dataQualityDesign10,item1-2,0,2,Yes,Oui
425,199,1.0.1,dataQualityDesign10,item2-0,1,0,No,Non
426,200,1.0.1,dataQualityImplementation1,item1-3,0,3,Yes,Oui
427,200,1.0.1,dataQualityImplementation1,item2-0,1,0,No,Non
428,201,1.0.1,dataQualityImplementation2,item1-1,0,1,Yes,Oui
429,201,1.0.1,dataQualityImplementation2,item2-0,1,0,No,Non
430,203,1.0.1,dataQualityImplementation3,item1-1,0,1,Yes,Oui
431,203,1.0.1,dataQualityImplementation3,item2-0,1,0,No,Non
432,204,1.0.1,dataQualityImplementation4,item1-1,0,1,Yes,Oui
433,204,1.0.1,dataQualityImplementation4,item2-0,1,0,No,Non
434,206,1.0.1,dataQualityImplementation5,item1-2,0,2,Yes,Oui
435,206,1.0.1,dataQualityImplementation5,item2-0,1,0,No,Non
436,206,1.0.1,dataQualityImplementation5,item3-1,2,1,Not applicable,Sans objet
437,208,1.0.1,dataQualityImplementation7,item1-1,0,1,Yes,Oui
438,208,1.0.1,dataQualityImplementation7,item2-0,1,0,No,Non
439,210,1.0.1,dataQualityImplementation8,item1-2,0,2,Yes,Oui
440,210,1.0.1,dataQualityImplementation8,item2-0,1,0,No,Non
441,211,1.0.1,dataQualityImplementation9,item1-1,0,1,Yes,Oui
442,211,1.0.1,dataQualityImplementation9,item2-0,1,0,No,Non
443,213,1.0.1,dataQualityImplementation10,item1-2,0,2,Yes,Oui
444,213,1.0.1,dataQualityImplementation10,item2-0,1,0,No,Non
445,214,1.0.1,fairnessDesign1,item1-1,0,1,Yes,Oui
446,214,1.0.1,fairnessDesign1,item2-0,1,0,No,Non
447,215,1.0.1,fairnessDesign1A,item1-1,0,1,Yes,Oui
448,215,1.0.1,fairnessDesign1A,item2-0,1,0,No,Non
449,216,1.0.1,fairnessDesign2,item1-2,0,2,Yes,Oui
450,216,1.0.1,fairnessDesign2,item2-0,1,0,No,Non
451,217,1.0.1,fairnessDesign3,item1-2,0,2,Yes,Oui
452,217,1.0.1,fairnessDesign3,item2-0,1,0,No,Non
453,218,1.0.1,fairnessDesign4,item1-2,0,2,Yes,Oui
454,218,1.0.1,fairnessDesign4,item2-0,1,0,No,Non
455,219,1.0.1,fairnessDesign5,item1-2,0,2,Yes,Oui
456,219,1.0.1,fairnessDesign5,item2-0,1,0,No,Non
457,220,1.0.1,fairnessDesign7,item1-1,0,1,Yes,Oui
458,220,1.0.1,fairnessDesign7,item2-0,1,0,No,Non
459,221,1.0.1,fairnessDesign10,item1-2,0,2,Yes,Oui
460,221,1.0.1,fairnessDesign10,item2-0,1,0,No,Non
461,222,1.0.1,fairnessDesign8,item1-2,0,2,Yes,Oui
462,222,1.0.1,fairnessDesign8,item2-0,1,0,No,Non
463,223,1.0.1,fairnessDesign9,item1-1,0,1,Yes,Oui
464,223,1.0.1,fairnessDesign9,item2-0,1,0,No,Non
465,224,1.0.1,fairnessDesign12,item1-2,0,2,Yes,Oui
466,224,1.0.1,fairnessDesign12,item2-0,1,0,No,Non
467,227,1.0.1,fairnessDesign13,item1-2,0,2,Yes,Oui
468,227,1.0.1,fairnessDesign13,item2-0,1,0,No,Non
469,229,1.0.1,fairnessDesign16,item1-2,0,2,Yes,Oui
470,229,1.0.1,fairnessDesign16,item2-0,1,0,No,Non
471,230,1.0.1,fairnessDesign17,item1-2,0,2,Yes,Oui
472,230,1.0.1,fairnessDesign17,item2-0,1,0,No,Non
473,230,1.0.1,fairnessDesign17,item3-0,2,0,Not applicable,Sans objet 
474,231,1.0.1,fairnessDesign18,item1-2,0,2,Yes,Oui
475,231,1.0.1,fairnessDesign18,item2-0,1,0,No,Non
476,233,1.0.1,fairnessDesign19,item1-2,0,2,Yes,Oui
477,233,1.0.1,fairnessDesign19,item2-0,1,0,No,Non
478,234,1.0.1,fairnessDesign20,item1-2,0,2,Yes,Oui
479,234,1.0.1,fairnessDesign20,item2-0,1,0,No,Non
480,235,1.0.1,fairnessDesign21,item1-1,0,1,Clear time frame or service standards for timeliness ,Des délais clairs ou des normes de service en matière de rapidité d'exécution ont été établis 
481,235,1.0.1,fairnessDesign21,item2-1,1,1,Clients are provided with adequate information about the decision-making process and have the opportunity to meaningfully participate,La clientèle reçoit toute l'information dont elle a besoin sur le processus décisionnel et a la possibilité d'y participer activement
482,235,1.0.1,fairnessDesign21,item3-1,2,1,Clients are provided with all documents and information in which the administrative decision was based ,La clientèle reçoit tous les documents et l'information sur lesquels reposent les décisions administratives 
483,235,1.0.1,fairnessDesign21,item4-1,3,1,Mechanism for assessing and responding to client feedback ,Un mécanisme permettant l'analyse et la prise en compte des commentaires de la clientèle a été mis en place
484,235,1.0.1,fairnessDesign21,item5-1,4,1,Other,Autre
485,237,1.0.1,fairnessDesign22,item1-2,0,2,Yes,Oui
486,237,1.0.1,fairnessDesign22,item2-0,1,0,No,Non
487,238,1.0.1,fairnessDesign22A,item1-2,0,2,Yes,Oui
488,238,1.0.1,fairnessDesign22A,item2-0,1,0,No,Non
489,239,1.0.1,fairnessDesign23,item1-2,0,2,Yes,Oui
490,239,1.0.1,fairnessDesign23,item2-0,1,0,No,Non
491,240,1.0.1,fairnessDesign24,item1-2,0,2,Yes,Oui
492,240,1.0.1,fairnessDesign24,item2-0,1,0,No,Non
493,241,1.0.1,fairnessDesign24A,item1-1,0,1,Yes,Oui
494,241,1.0.1,fairnessDesign24A,item2-0,1,0,No,Non
495,244,1.0.1,fairnessImplementation1,item1-1,0,1,Yes,Oui
496,244,1.0.1,fairnessImplementation1,item2-0,1,0,No,Non
497,245,1.0.1,fairnessImplementation1A,item1-1,0,1,Yes,Oui
498,245,1.0.1,fairnessImplementation1A,item2-0,1,0,No,Non
499,246,1.0.1,fairnessImplementation2,item1-2,0,2,Yes,Oui
500,246,1.0.1,fairnessImplementation2,item2-0,1,0,No,Non
501,247,1.0.1,fairnessImplementation3,item1-2,0,2,Yes,Oui
502,247,1.0.1,fairnessImplementation3,item2-0,1,0,No,Non
503,248,1.0.1,fairnessImplementation4,item1-2,0,2,Yes,Oui
504,248,1.0.1,fairnessImplementation4,item2-0,1,0,No,Non
505,249,1.0.1,fairnessImplementation5,item1-2,0,2,Yes,Oui
506,249,1.0.1,fairnessImplementation5,item2-0,1,0,No,Non
507,250,1.0.1,fairnessImplementation7,item1-1,0,1,Yes,Oui
508,250,1.0.1,fairnessImplementation7,item2-0,1,0,No,Non
509,251,1.0.1,fairnessImplementation10,item1-2,0,2,Yes,Oui
510,251,1.0.1,fairnessImplementation10,item2-0,1,0,No,Non
511,252,1.0.1,fairnessImplementation8,item1-2,0,2,Yes,Oui
512,252,1.0.1,fairnessImplementation8,item2-0,1,0,No,Non
513,253,1.0.1,fairnessImplementation9,item1-1,0,1,Yes,Oui
514,253,1.0.1,fairnessImplementation9,item2-0,1,0,No,Non
515,254,1.0.1,fairnessImplementation12,item1-2,0,2,Yes,Oui
516,254,1.0.1,fairnessImplementation12,item2-0,1,0,No,Non
517,257,1.0.1,fairnessImplementation13,item1-2,0,2,Yes,Oui
518,257,1.0.1,fairnessImplementation13,item2-0,1,0,No,Non
519,259,1.0.1,fairnessImplementation16,item1-2,0,2,Yes,Oui
520,259,1.0.1,fairnessImplementation16,item2-0,1,0,No,Non
521,260,1.0.1,fairnessImplementation17,item1-2,0,2,Yes,Oui
522,260,1.0.1,fairnessImplementation17,item2-0,1,0,No,Non
523,260,1.0.1,fairnessImplementation17,item3-0,2,0,Not applicable,Sans objet 
524,261,1.0.1,fairnessImplementation18,item1-2,0,2,Yes,Oui
525,261,1.0.1,fairnessImplementation18,item2-0,1,0,No,Non
526,263,1.0.1,fairnessImplementation19,item1-2,0,2,Yes,Oui
527,263,1.0.1,fairnessImplementation19,item2-0,1,0,No,Non
528,264,1.0.1,fairnessImplementation20,item1-2,0,2,Yes,Oui
529,264,1.0.1,fairnessImplementation20,item2-0,1,0,No,Non
530,265,1.0.1,fairnessImplementation21,item1-1,0,1,Clear time frame or service standards for timeliness ,Des délais clairs ou des normes de service en matière de rapidité d'exécution ont été établis 
531,265,1.0.1,fairnessImplementation21,item2-1,1,1,Clients are provided with adequate information about the decision-making process and have the opportunity to meaningfully participate,La clientèle reçoit toute l'information dont elle a besoin sur le processus décisionnel et a la possibilité d'y participer activement
532,265,1.0.1,fairnessImplementation21,item3-1,2,1,Clients are provided with all documents and information in which the administrative decision was based ,La clientèle reçoit tous les documents et l'information sur lesquels reposent les décisions administratives 
533,265,1.0.1,fairnessImplementation21,item4-1,3,1,Mechanism for assessing and responding to client feedback ,Un mécanisme permettant l'analyse et la prise en compte des commentaires de la clientèle a été mis en place
534,265,1.0.1,fairnessImplementation21,item5-1,4,1,Other,Autre
535,267,1.0.1,fairnessImplementation22,item1-2,0,2,Yes,Oui
536,267,1.0.1,fairnessImplementation22,item2-0,1,0,No,Non
537,268,1.0.1,fairnessImplementation22A,item1-2,0,2,Yes,Oui
538,268,1.0.1,fairnessImplementation22A,item2-0,1,0,No,Non
539,269,1.0.1,fairnessImplementation23,item1-2,0,2,Yes,Oui
540,269,1.0.1,fairnessImplementation23,item2-0,1,0,No,Non
541,270,1.0.1,fairnessImplementation24,item1-2,0,2,Yes,Oui
542,270,1.0.1,fairnessImplementation24,item2-0,1,0,No,Non
543,271,1.0.1,fairnessImplementation24A,item1-1,0,1,Yes,Oui
544,271,1.0.1,fairnessImplementation24A,item2-0,1,0,No,Non
545,274,1.0.1,privacyDesign1,item1-2,0,2,Yes,Oui
546,274,1.0.1,privacyDesign1,item2-0,1,0,No,Non
547,277,1.0.1,privacyDesign2,item1-2,0,2,Yes,Oui
548,277,1.0.1,privacyDesign2,item2-0,1,0,No,Non
549,279,1.0.1,privacyDesign9,item1-2,0,2,Yes,Oui
550,279,1.0.1,privacyDesign9,item2-0,1,0,No,Non
551,281,1.0.1,privacyDesign3,item1-1,0,1,Yes,Oui
552,281,1.0.1,privacyDesign3,item2-0,1,0,No,Non
553,282,1.0.1,privacyDesign4,item1-1,0,1,Yes,Oui
554,282,1.0.1,privacyDesign4,item2-0,1,0,No,Non
555,283,1.0.1,privacyDesign7,item1-1,0,1,Yes,Oui
556,283,1.0.1,privacyDesign7,item2-0,1,0,No,Non
557,285,1.0.1,privacyImplementation1,item1-2,0,2,Yes,Oui
558,285,1.0.1,privacyImplementation1,item2-0,1,0,No,Non
559,288,1.0.1,privacyImplementation2,item1-2,0,2,Yes,Oui
560,288,1.0.1,privacyImplementation2,item2-0,1,0,No,Non
561,290,1.0.1,privacyImplementation9,item1-2,0,2,Yes,Oui
562,290,1.0.1,privacyImplementation9,item2-0,1,0,No,Non
563,292,1.0.1,privacyImplementation3,item1-1,0,1,Yes,Oui
564,292,1.0.1,privacyImplementation3,item2-0,1,0,No,Non
565,293,1.0.1,privacyImplementation4,item1-1,0,1,Yes,Oui
566,293,1.0.1,privacyImplementation4,item2-0,1,0,No,Non
567,294,1.0.1,privacyImplementation7,item1-1,0,1,Yes,Oui
568,294,1.0.1,privacyImplementation7,item2-0,1,0,No,Non
