catalog_version,previous_version,question_uid,change_type,point_type,mitigation_area,section_uid,field_name_before,field_name_after,text_before_en,text_after_en,similarity
0.4,0.3,1,unchanged,none,,1,respondent,respondent,Name of Respondent,Name of Respondent,1.0
0.4,0.3,2,unchanged,none,,1,title,title,Job Title,Job Title,1.0
0.4,0.3,3,unchanged,none,,1,department,department-NS,Department,Department,1.0
0.4,0.3,4,unchanged,none,,1,branch,branch,Branch,Branch,1.0
0.4,0.3,5,unchanged,none,,1,project-title,project-title,Project Title,Project Title,1.0
0.4,0.3,6,unchanged,none,,1,description,description,Please provide a project description:,Please provide a project description:,1.0
0.4,0.3,7,unchanged,none,,2,question7,motivation,What is motivating your team to introduce automation into this decision-making process? (Check all that apply),What is motivating your team to introduce automation into this decision-making process? (Check all that apply),1.0
0.4,0.3,8,unchanged,none,,2,question52,motivation-other,Please describe,Please describe,1.0
0.4,0.3,9,unchanged,none,,3,question9,capabilities,Please check which of the following capabilities apply to your system.,Please check which of the following capabilities apply to your system.,1.0
0.4,0.3,10,unchanged,none,,3,question9-other,capabilities-other,Please describe,Please describe,1.0
0.4,0.3,11,unchanged,raw,,4,question10,sector-categories,Does the decision pertain to any of the categories below (check all that apply):,Does the decision pertain to any of the categories below (check all that apply):,1.0
0.4,0.3,12,unchanged,raw,,4,question10-other,sector-categories-other,Please describe,Please describe,1.0
0.4,0.3,13,removed,raw,,5,question11,,Does the recommendation or decision made by the system include elements of discretion?,,
0.4,0.3,14,removed,raw,,5,question12,,Describe what is discretionary about the decision,,
0.4,0.3,15,unchanged,raw,,5,question8,question8,Is the system used by a different part of the organization than the ones who developed it?,Is the system used by a different part of the organization than the ones who developed it?,1.0
0.4,0.3,16,unchanged,raw,,5,question20,question20,Are the impacts resulting from the decision reversible?,Are the impacts resulting from the decision reversible?,1.0
0.4,0.3,17,scoring changed,raw,,5,question21,question21,How long will impacts from the decision last?,How long will impacts from the decision last?,1.0
0.4,0.3,18,unchanged,raw,,5,question13,question13,Please describe why the impacts resulting from the decision are as per selected option above.,Please describe why the impacts resulting from the decision are as per selected option above.,1.0
0.4,0.3,19,reworded,raw,,5,question22,question22,"The impacts that the decision will have on the rights or freedoms of individuals or communities, will likely be:",The impacts that the decision will have on the rights or freedoms of individuals will likely be:,0.927
0.4,0.3,20,unchanged,raw,,5,question15,question15,Please describe why the impacts resulting from the decision are (as per selected option above).,Please describe why the impacts resulting from the decision are (as per selected option above).,1.0
0.4,0.3,21,reworded,raw,,5,question14,question14,"The impacts that the decision will have on the health and well-being of individuals or communities, will likely be:",The impacts that the decision will have on the health and well-being of individuals will likely be:,0.929
0.4,0.3,22,unchanged,raw,,5,question17,question17,Please describe why the impacts resulting from the decision are (as per selected option above),Please describe why the impacts resulting from the decision are (as per selected option above),1.0
0.4,0.3,23,reworded,raw,,5,question16,question16,"The impacts that the decision will have on the economic interests of individuals or communities, will likely be:",The impacts that the decision will have on the economic interests of individuals will likely be:,0.927
0.4,0.3,24,unchanged,raw,,5,question19,question19,Please describe why the impacts resulting from the decision are (as per selected option above),Please describe why the impacts resulting from the decision are (as per selected option above),1.0
0.4,0.3,25,unchanged,raw,,5,question18,question18,"The impacts that the decision will have on the ongoing sustainability of an environmental ecosystem, will likely be:","The impacts that the decision will have on the ongoing sustainability of an environmental ecosystem, will likely be:",1.0
0.4,0.3,26,unchanged,raw,,5,question23,question23,Please describe why the impacts resulting from the decision are (as per selected option above),Please describe why the impacts resulting from the decision are (as per selected option above),1.0
0.4,0.3,27,unchanged,raw,,6,question24,question24,Will the Automated Decision System use personal information as input data?,Will the Automated Decision System use personal information as input data?,1.0
0.4,0.3,28,unchanged,raw,,6,question25,question25,What is the highest security classification of the input data used by the system? (Select one),What is the highest security classification of the input data used by the system? (Select one),1.0
0.4,0.3,29,unchanged,raw,,6,question26,question26,Who controls the data?,Who controls the data?,1.0
0.4,0.3,30,unchanged,raw,,6,question27,question27,Will the system data use from multiple different sources?,Will the system data use from multiple different sources?,1.0
0.4,0.3,31,reworded,raw,,6,question28,question28,Will the system require input data from an Internet- or telephony-connected device? (e.g. a sensor),"Will the system require input data from an Internet- or telephony-connected device? (e.g. Internet of Things, sensor)",0.907
0.4,0.3,32,unchanged,raw,,6,question29,question29,Will the system interface with other IT systems?,Will the system interface with other IT systems?,1.0
0.4,0.3,33,unchanged,raw,,6,question30,question30,Who collected the data used for training the system?,Who collected the data used for training the system?,1.0
0.4,0.3,34,unchanged,raw,,6,question31,question31,Who collected the input data used by the system?,Who collected the input data used by the system?,1.0
0.4,0.3,35,unchanged,raw,,6,question32,question32,Will the system require the analysis of unstructured data to render a recommendation or a decision?,Will the system require the analysis of unstructured data to render a recommendation or a decision?,1.0
0.4,0.3,36,scoring changed,raw,,6,question33,question33,What types of unstructured data? (Check all that apply),What types of unstructured data? (Check all that apply),1.0
0.4,0.3,38,reworded,mitigation,Data quality,7,question35,question35,Is there a process currently in place to document how data quality issues were resolved during the design process?,Will you be developing a process to document how data quality issues were resolved during the design process?,0.814
0.4,0.3,39,reworded,mitigation,Data quality,7,question36,question36,Have you undertaken a Gender Based Analysis Plus of the data?,Will you undertake a Gender Based Analysis Plus of the data?,0.924
0.4,0.3,40,unchanged,mitigation,Data quality,7,question37,question37,"Have you assigned accountability in your institution for the design, development, maintenance, and improvement of the system?","Have you assigned accountability in your institution for the design, development, maintenance, and improvement of the system?",1.0
0.4,0.3,41,reworded,mitigation,Data quality,7,question38,question38,Have you documented processes to manage the risk that outdated or unreliable data is used to make an automated decision?,Will you have a documented process to manage the risk that outdated or unreliable data is used to make an automated decision?,0.938
0.4,0.3,42,reworded,mitigation,Data quality,7,question39,question39,Will the data be posted on the Open Government Portal?,Will the data used for this system be posted on the Open Government Portal?,0.835
0.4,0.3,43,reworded,mitigation,Procedural fairness,8,question40,question40,Does the system provide an audit trail that records recommendations or decisions?,Will the system provide an audit trail that records all the recommendations or decisions made by the system?,0.813
0.4,0.3,44,reworded,mitigation,Procedural fairness,8,question41,question41,Do you maintain a log detailing all of the changes made to the model and the system?,Will you maintain a log detailing all of the changes made to the model and the system?,0.964
0.4,0.3,45,reworded,mitigation,Procedural fairness,8,question42,question42,Does the audit trail clearly set out all decision points made by the system?,Will the audit trail clearly set out all decision points made by the system?,0.947
0.4,0.3,48,reworded,mitigation,Procedural fairness,8,question45,question45,"Is there a process in place to grant, monitor, and revoke access permission to the system?","Will there be a process in place to grant, monitor, and revoke access permission to the system?",0.961
0.4,0.3,51,reworded,mitigation,Procedural fairness,8,question48,question48,Does the system enable human override of system decisions?,Will the system enable human override of system decisions?,0.93
0.4,0.3,52,reworded,mitigation,Procedural fairness,8,question44,question44,Does the system produce reasons for its decisions or recommendations when required?,Will the system be able to produce reasons for its decisions or recommendations when required?,0.891
0.4,0.3,54,reworded,mitigation,Procedural fairness,8,question46,question46,Is there a mechanism to capture feedback by users of the system?,Will there be a mechanism to capture feedback by users of the system?,0.947
0.4,0.3,55,added,raw,,5,,discretion,,Will the system be automating or replacing human decisions that require judgement or discretion?,
0.4,0.3,56,added,raw,,5,,discretion-comment,,Please describe the decision(s) that will be automated,
0.4,0.3,73,reworded,mitigation,Data quality,7,question34,question34,"Have you documented processes in place to test datasets against biases and other unexpected outcomes? This could include experience in applying frameworks, methods, guidelines or other assessment tools.","Will you have documented processes in place to test datasets against biases and other unexpected outcomes? This could include experience in applying frameworks, methods, guidelines or other assessment tools.",0.968
0.4,0.3,83,unchanged,mitigation,Procedural fairness,8,question47,question47,Is there a recourse process planned or established for clients that wish to challenge the decision?,Is there a recourse process planned or established for clients that wish to challenge the decision?,1.0
0.4,0.3,85,reworded,mitigation,Procedural fairness,8,question49,question49,Is there a process in place to log the instances when overrides were performed?,Will there a process in place to log the instances when overrides were performed?,0.975
0.4,0.3,86,reworded,mitigation,Procedural fairness,8,question50,question50,Does the audit trail include change control processes to record modifications to the system's operation or performance?,Will the audit trail include change control processes to record modifications to the system's operation or performance?,0.966
0.4,0.3,87,unchanged,mitigation,Procedural fairness,8,question51,question51,Have you prepared a concept case to the Government of Canada Enterprise Architecture Review Baord?,Have you prepared a concept case to the Government of Canada Enterprise Architecture Review Baord?,1.0
0.4,0.3,241,unchanged,mitigation,Procedural fairness,8,question43,question43,Does the audit trail show who an authorized decision-maker is?,Does the audit trail show who an authorized decision-maker is?,1.0
0.5,0.4,1,unchanged,none,,1,respondent,respondent,Name of Respondent,Name of Respondent,1.0
0.5,0.4,2,unchanged,none,,1,title,title,Job Title,Job Title,1.0
0.5,0.4,3,unchanged,none,,1,department-NS,department-NS,Department,Department,1.0
0.5,0.4,4,unchanged,none,,1,branch,branch,Branch,Branch,1.0
0.5,0.4,5,unchanged,none,,1,project-title,project-title,Project Title,Project Title,1.0
0.5,0.4,6,unchanged,none,,1,description,description,Please provide a project description:,Please provide a project description:,1.0
0.5,0.4,7,scoring changed,none,,2,motivation,business1,What is motivating your team to introduce automation into this decision-making process? (Check all that apply),What is motivating your team to introduce automation into this decision-making process? (Check all that apply),1.0
0.5,0.4,8,unchanged,none,,2,motivation-other,motivation-other,Please describe,Please describe,1.0
0.5,0.4,9,unchanged,none,,11,capabilities,system1,Please check which of the following capabilities apply to your system.,Please check which of the following capabilities apply to your system.,1.0
0.5,0.4,10,unchanged,none,,11,capabilities-other,capabilities-other,Please describe,Please describe,1.0
0.5,0.4,11,scoring changed,raw,,4,sector-categories,sector-categories,Does the decision pertain to any of the categories below (check all that apply):,Does the decision pertain to any of the categories below (check all that apply):,1.0
0.5,0.4,12,unchanged,raw,,4,sector-categories-other,sector-categories-other,Please describe,Please describe,1.0
0.5,0.4,15,unchanged,raw,,5,question8,question8,Is the system used by a different part of the organization than the ones who developed it?,Is the system used by a different part of the organization than the ones who developed it?,1.0
0.5,0.4,16,unchanged,raw,,5,question20,question20,Are the impacts resulting from the decision reversible?,Are the impacts resulting from the decision reversible?,1.0
0.5,0.4,17,unchanged,raw,,5,question21,question21,How long will impacts from the decision last?,How long will impacts from the decision last?,1.0
0.5,0.4,18,unchanged,raw,,5,question13,question13,Please describe why the impacts resulting from the decision are as per selected option above.,Please describe why the impacts resulting from the decision are as per selected option above.,1.0
0.5,0.4,19,unchanged,raw,,5,question22,question22,The impacts that the decision will have on the rights or freedoms of individuals will likely be:,The impacts that the decision will have on the rights or freedoms of individuals will likely be:,1.0
0.5,0.4,20,unchanged,raw,,5,question15,question15,Please describe why the impacts resulting from the decision are (as per selected option above).,Please describe why the impacts resulting from the decision are (as per selected option above).,1.0
0.5,0.4,21,unchanged,raw,,5,question14,question14,The impacts that the decision will have on the health and well-being of individuals will likely be:,The impacts that the decision will have on the health and well-being of individuals will likely be:,1.0
0.5,0.4,22,unchanged,raw,,5,question17,question17,Please describe why the impacts resulting from the decision are (as per selected option above),Please describe why the impacts resulting from the decision are (as per selected option above),1.0
0.5,0.4,23,unchanged,raw,,5,question16,question16,The impacts that the decision will have on the economic interests of individuals will likely be:,The impacts that the decision will have on the economic interests of individuals will likely be:,1.0
0.5,0.4,24,unchanged,raw,,5,question19,question19,Please describe why the impacts resulting from the decision are (as per selected option above),Please describe why the impacts resulting from the decision are (as per selected option above),1.0
0.5,0.4,25,unchanged,raw,,5,question18,question18,"The impacts that the decision will have on the ongoing sustainability of an environmental ecosystem, will likely be:","The impacts that the decision will have on the ongoing sustainability of an environmental ecosystem, will likely be:",1.0
0.5,0.4,26,unchanged,raw,,5,question23,question23,Please describe why the impacts resulting from the decision are (as per selected option above),Please describe why the impacts resulting from the decision are (as per selected option above),1.0
0.5,0.4,27,unchanged,raw,,6,question24,question24,Will the Automated Decision System use personal information as input data?,Will the Automated Decision System use personal information as input data?,1.0
0.5,0.4,28,unchanged,raw,,6,question25,question25,What is the highest security classification of the input data used by the system? (Select one),What is the highest security classification of the input data used by the system? (Select one),1.0
0.5,0.4,29,unchanged,raw,,6,question26,question26,Who controls the data?,Who controls the data?,1.0
0.5,0.4,30,unchanged,raw,,6,question27,question27,Will the system data use from multiple different sources?,Will the system data use from multiple different sources?,1.0
0.5,0.4,31,unchanged,raw,,6,question28,question28,"Will the system require input data from an Internet- or telephony-connected device? (e.g. Internet of Things, sensor)","Will the system require input data from an Internet- or telephony-connected device? (e.g. Internet of Things, sensor)",1.0
0.5,0.4,32,unchanged,raw,,6,question29,question29,Will the system interface with other IT systems?,Will the system interface with other IT systems?,1.0
0.5,0.4,33,unchanged,raw,,6,question30,question30,Who collected the data used for training the system?,Who collected the data used for training the system?,1.0
0.5,0.4,34,unchanged,raw,,6,question31,question31,Who collected the input data used by the system?,Who collected the input data used by the system?,1.0
0.5,0.4,35,unchanged,raw,,6,question32,question32,Will the system require the analysis of unstructured data to render a recommendation or a decision?,Will the system require the analysis of unstructured data to render a recommendation or a decision?,1.0
0.5,0.4,36,unchanged,raw,,6,question33,question33,What types of unstructured data? (Check all that apply),What types of unstructured data? (Check all that apply),1.0
0.5,0.4,38,unchanged,mitigation,Data quality,15,question35,question35,Will you be developing a process to document how data quality issues were resolved during the design process?,Will you be developing a process to document how data quality issues were resolved during the design process?,1.0
0.5,0.4,39,unchanged,mitigation,Data quality,15,question36,question36,Will you undertake a Gender Based Analysis Plus of the data?,Will you undertake a Gender Based Analysis Plus of the data?,1.0
0.5,0.4,40,unchanged,mitigation,Data quality,15,question37,question37,"Have you assigned accountability in your institution for the design, development, maintenance, and improvement of the system?","Have you assigned accountability in your institution for the design, development, maintenance, and improvement of the system?",1.0
0.5,0.4,41,unchanged,mitigation,Data quality,15,question38,question38,Will you have a documented process to manage the risk that outdated or unreliable data is used to make an automated decision?,Will you have a documented process to manage the risk that outdated or unreliable data is used to make an automated decision?,1.0
0.5,0.4,42,unchanged,mitigation,Data quality,15,question39,question39,Will the data used for this system be posted on the Open Government Portal?,Will the data used for this system be posted on the Open Government Portal?,1.0
0.5,0.4,43,unchanged,mitigation,Procedural fairness,17,question40,question40,Will the system provide an audit trail that records all the recommendations or decisions made by the system?,Will the system provide an audit trail that records all the recommendations or decisions made by the system?,1.0
0.5,0.4,44,unchanged,mitigation,Procedural fairness,17,question41,question41,Will you maintain a log detailing all of the changes made to the model and the system?,Will you maintain a log detailing all of the changes made to the model and the system?,1.0
0.5,0.4,45,unchanged,mitigation,Procedural fairness,17,question42,question42,Will the audit trail clearly set out all decision points made by the system?,Will the audit trail clearly set out all decision points made by the system?,1.0
0.5,0.4,48,unchanged,mitigation,Procedural fairness,17,question45,question45,"Will there be a process in place to grant, monitor, and revoke access permission to the system?","Will there be a process in place to grant, monitor, and revoke access permission to the system?",1.0
0.5,0.4,51,unchanged,mitigation,Procedural fairness,17,question48,question48,Will the system enable human override of system decisions?,Will the system enable human override of system decisions?,1.0
0.5,0.4,52,unchanged,mitigation,Procedural fairness,17,question44,question44,Will the system be able to produce reasons for its decisions or recommendations when required?,Will the system be able to produce reasons for its decisions or recommendations when required?,1.0
0.5,0.4,54,unchanged,mitigation,Procedural fairness,17,question46,question46,Will there be a mechanism to capture feedback by users of the system?,Will there be a mechanism to capture feedback by users of the system?,1.0
0.5,0.4,55,reworded,raw,,5,discretion,discretion,Will the system be automating or replacing human decisions that require judgement or discretion?,Will the system be replacing human decisions that require judgement or discretion?,0.92
0.5,0.4,56,unchanged,raw,,5,discretion-comment,discretion-comment,Please describe the decision(s) that will be automated,Please describe the decision(s) that will be automated,1.0
0.5,0.4,57,added,none,,1,,project-id,,Project ID from IT Plan,
0.5,0.4,58,added,none,,1,,departmental-program,,Departmental Program (from Department Results Framework),
0.5,0.4,59,added,none,,1,,project-phase,,Project Phase,
0.5,0.4,60,added,raw,,9,,risk-profile1,,Is the project within an area of intense public scrutiny (e.g. because of privacy concerns) and/or frequent litigation?,
0.5,0.4,61,added,raw,,9,,risk-profile2,,Are clients in this line of business particularly vulnerable?,
0.5,0.4,62,added,raw,,9,,risk-profile3,,Are stakes of the decisions very high?,
0.5,0.4,63,added,raw,,9,,risk-profile4,,"Will this project have major impacts on staff, either in terms of their numbers or their roles?",
0.5,0.4,64,added,raw,,10,,project-authority1,,Will you require new policy authority for this project?,
0.5,0.4,65,added,raw,,12,,about-algorithm1,,The algorithm used will be a (trade) secret,
0.5,0.4,66,added,raw,,12,,about-algorithm2,,The algorithmic process will be difficult to interpret or to explain,
0.5,0.4,67,added,raw,,5,,question66,,Will the system only be used to assist a decision-maker?,
0.5,0.4,68,added,raw,,5,,question67,,Will the system be replacing a decision that would otherwise be made by a human?,
0.5,0.4,69,added,mitigation,Consultation,13,,consultation-design1,,"Internal Stakeholders (Strategic policy and planning, Data Governance, Program Policy, etc.)",
0.5,0.4,70,added,mitigation,Consultation,13,,consultation-design2-NS,,Which Internal Stakeholders will you be engaging?,
0.5,0.4,71,added,mitigation,Consultation,13,,consultation-design3,,"External Stakeholders (Civil Society, Academia, Industry, etc.)",
0.5,0.4,72,added,mitigation,Consultation,13,,consultation-design4-NS,,Which External Stakeholders will you be engaging?,
0.5,0.4,73,unchanged,mitigation,Data quality,15,question34,rm-data-qual1,"Will you have documented processes in place to test datasets against biases and other unexpected outcomes? This could include experience in applying frameworks, methods, guidelines or other assessment tools.","Will you have documented processes in place to test datasets against biases and other unexpected outcomes? This could include experience in applying frameworks, methods, guidelines or other assessment tools.",1.0
0.5,0.4,74,added,mitigation,Data quality,15,,mitigation-makePublic,,Will you be making this information publically available?,
0.5,0.4,75,added,mitigation,Data quality,15,,question59,,Will you be making this information publically available?,
0.5,0.4,76,added,mitigation,Data quality,15,,question60,,Will you be making this information publically available?,
0.5,0.4,77,added,mitigation,Data quality,15,,question61,,Will you be making this information publically available?,
0.5,0.4,83,unchanged,mitigation,Procedural fairness,17,question47,question47,Is there a recourse process planned or established for clients that wish to challenge the decision?,Is there a recourse process planned or established for clients that wish to challenge the decision?,1.0
0.5,0.4,85,unchanged,mitigation,Procedural fairness,17,question49,question49,Will there a process in place to log the instances when overrides were performed?,Will there a process in place to log the instances when overrides were performed?,1.0
0.5,0.4,86,unchanged,mitigation,Procedural fairness,17,question50,question50,Will the audit trail include change control processes to record modifications to the system's operation or performance?,Will the audit trail include change control processes to record modifications to the system's operation or performance?,1.0
0.5,0.4,87,unchanged,mitigation,Procedural fairness,17,question51,question51,Have you prepared a concept case to the Government of Canada Enterprise Architecture Review Baord?,Have you prepared a concept case to the Government of Canada Enterprise Architecture Review Baord?,1.0
0.5,0.4,241,reworded,mitigation,Procedural fairness,17,question43,question43,Does the audit trail show who an authorized decision-maker is?,Will the audit trail show who an authorized decision-maker is?,0.934
0.6,0.5,1,unchanged,none,,1,respondent,projectDetailsRespondent,Name of Respondent,Name of Respondent,1.0
0.6,0.5,2,unchanged,none,,1,title,projectDetailsJob,Job Title,Job Title,1.0
0.6,0.5,3,unchanged,none,,1,department-NS,projectDetailsDepartment-NS,Department,Department,1.0
0.6,0.5,4,unchanged,none,,1,branch,projectDetailsBranch,Branch,Branch,1.0
0.6,0.5,5,unchanged,none,,1,project-title,projectDetailsTitle,Project Title,Project Title,1.0
0.6,0.5,6,unchanged,none,,1,description,projectDetailsDescription,Please provide a project description:,Please provide a project description:,1.0
0.6,0.5,7,scoring changed,none,,2,business1,businessDrivers1,What is motivating your team to introduce automation into this decision-making process? (Check all that apply),What is motivating your team to introduce automation into this decision-making process? (Check all that apply),1.0
0.6,0.5,8,unchanged,none,,2,motivation-other,motivation-other,Please describe,Please describe,1.0
0.6,0.5,9,unchanged,none,,11,system1,aboutSystem1,Please check which of the following capabilities apply to your system.,Please check which of the following capabilities apply to your system.,1.0
0.6,0.5,10,unchanged,none,,11,capabilities-other,aboutSystem2,Please describe,Please describe,1.0
0.6,0.5,11,unchanged,raw,,4,sector-categories,decisionSector1,Does the decision pertain to any of the categories below (check all that apply):,Does the decision pertain to any of the categories below (check all that apply):,1.0
0.6,0.5,12,unchanged,raw,,4,sector-categories-other,decisionSector2,Please describe,Please describe,1.0
0.6,0.5,15,scoring changed,raw,,5,question8,impact5,Is the system used by a different part of the organization than the ones who developed it?,Is the system used by a different part of the organization than the ones who developed it?,1.0
0.6,0.5,16,scoring changed,raw,,5,question20,impact6,Are the impacts resulting from the decision reversible?,Are the impacts resulting from the decision reversible?,1.0
0.6,0.5,17,scoring changed,raw,,5,question21,impact7,How long will impacts from the decision last?,How long will impacts from the decision last?,1.0
0.6,0.5,18,unchanged,raw,,5,question13,impact8,Please describe why the impacts resulting from the decision are as per selected option above.,Please describe why the impacts resulting from the decision are as per selected option above.,1.0
0.6,0.5,19,scoring changed,raw,,5,question22,impact9,The impacts that the decision will have on the rights or freedoms of individuals will likely be:,The impacts that the decision will have on the rights or freedoms of individuals will likely be:,1.0
0.6,0.5,20,unchanged,raw,,5,question15,impact10,Please describe why the impacts resulting from the decision are (as per selected option above).,Please describe why the impacts resulting from the decision are (as per selected option above).,1.0
0.6,0.5,21,scoring changed,raw,,5,question14,impact11,The impacts that the decision will have on the health and well-being of individuals will likely be:,The impacts that the decision will have on the health and well-being of individuals will likely be:,1.0
0.6,0.5,22,unchanged,raw,,5,question17,impact12,Please describe why the impacts resulting from the decision are (as per selected option above),Please describe why the impacts resulting from the decision are (as per selected option above),1.0
0.6,0.5,23,scoring changed,raw,,5,question16,impact13,The impacts that the decision will have on the economic interests of individuals will likely be:,The impacts that the decision will have on the economic interests of individuals will likely be:,1.0
0.6,0.5,24,unchanged,raw,,5,question19,impact14,Please describe why the impacts resulting from the decision are (as per selected option above),Please describe why the impacts resulting from the decision are (as per selected option above),1.0
0.6,0.5,25,scoring changed,raw,,5,question18,impact15,"The impacts that the decision will have on the ongoing sustainability of an environmental ecosystem, will likely be:","The impacts that the decision will have on the ongoing sustainability of an environmental ecosystem, will likely be:",1.0
0.6,0.5,26,unchanged,raw,,5,question23,impact16,Please describe why the impacts resulting from the decision are (as per selected option above),Please describe why the impacts resulting from the decision are (as per selected option above),1.0
0.6,0.5,27,scoring changed,raw,,19,question24,aboutDataSource1,Will the Automated Decision System use personal information as input data?,Will the Automated Decision System use personal information as input data?,1.0
0.6,0.5,28,scoring changed,raw,,19,question25,aboutDataSource2,What is the highest security classification of the input data used by the system? (Select one),What is the highest security classification of the input data used by the system? (Select one),1.0
0.6,0.5,29,scoring changed,raw,,19,question26,aboutDataSource3,Who controls the data?,Who controls the data?,1.0
0.6,0.5,30,scoring changed,raw,,19,question27,aboutDataSource4,Will the system data use from multiple different sources?,Will the system data use from multiple different sources?,1.0
0.6,0.5,31,scoring changed,raw,,19,question28,aboutDataSource5,"Will the system require input data from an Internet- or telephony-connected device? (e.g. Internet of Things, sensor)","Will the system require input data from an Internet- or telephony-connected device? (e.g. Internet of Things, sensor)",1.0
0.6,0.5,32,scoring changed,raw,,19,question29,aboutDataSource6,Will the system interface with other IT systems?,Will the system interface with other IT systems?,1.0
0.6,0.5,33,scoring changed,raw,,19,question30,aboutDataSource7,Who collected the data used for training the system?,Who collected the data used for training the system?,1.0
0.6,0.5,34,scoring changed,raw,,19,question31,aboutDataSource8,Who collected the input data used by the system?,Who collected the input data used by the system?,1.0
0.6,0.5,35,unchanged,raw,,19,question32,aboutDataType1,Will the system require the analysis of unstructured data to render a recommendation or a decision?,Will the system require the analysis of unstructured data to render a recommendation or a decision?,1.0
0.6,0.5,36,unchanged,raw,,19,question33,aboutDataType2,What types of unstructured data? (Check all that apply),What types of unstructured data? (Check all that apply),1.0
0.6,0.5,38,scoring changed,mitigation,Data quality,15,question35,dataQualityDesign3,Will you be developing a process to document how data quality issues were resolved during the design process?,Will you be developing a process to document how data quality issues were resolved during the design process?,1.0
0.6,0.5,39,unchanged,mitigation,Data quality,15,question36,dataQualityDesign5,Will you undertake a Gender Based Analysis Plus of the data?,Will you undertake a Gender Based Analysis Plus of the data?,1.0
0.6,0.5,40,scoring changed,mitigation,Data quality,15,question37,dataQualityDesign7,"Have you assigned accountability in your institution for the design, development, maintenance, and improvement of the system?","Have you assigned accountability in your institution for the design, development, maintenance, and improvement of the system?",1.0
0.6,0.5,41,unchanged,mitigation,Data quality,15,question38,dataQualityDesign8,Will you have a documented process to manage the risk that outdated or unreliable data is used to make an automated decision?,Will you have a documented process to manage the risk that outdated or unreliable data is used to make an automated decision?,1.0
0.6,0.5,42,unchanged,mitigation,Data quality,15,question39,dataQualityDesign10,Will the data used for this system be posted on the Open Government Portal?,Will the data used for this system be posted on the Open Government Portal?,1.0
0.6,0.5,43,scoring changed,mitigation,Procedural fairness,17,question40,fairnessDesign1,Will the system provide an audit trail that records all the recommendations or decisions made by the system?,Will the system provide an audit trail that records all the recommendations or decisions made by the system?,1.0
0.6,0.5,44,scoring changed,mitigation,Procedural fairness,17,question41,fairnessDesign2,Will you maintain a log detailing all of the changes made to the model and the system?,Will you maintain a log detailing all of the changes made to the model and the system?,1.0
0.6,0.5,45,scoring changed,mitigation,Procedural fairness,17,question42,fairnessDesign3,Will the audit trail clearly set out all decision points made by the system?,Will the audit trail clearly set out all decision points made by the system?,1.0
0.6,0.5,48,scoring changed,mitigation,Procedural fairness,17,question45,fairnessDesign6,"Will there be a process in place to grant, monitor, and revoke access permission to the system?","Will there be a process in place to grant, monitor, and revoke access permission to the system?",1.0
0.6,0.5,51,scoring changed,mitigation,Procedural fairness,17,question48,fairnessDesign9,Will the system enable human override of system decisions?,Will the system enable human override of system decisions?,1.0
0.6,0.5,52,scoring changed,mitigation,Procedural fairness,17,question44,fairnessDesign5,Will the system be able to produce reasons for its decisions or recommendations when required?,Will the system be able to produce reasons for its decisions or recommendations when required?,1.0
0.6,0.5,54,scoring changed,mitigation,Procedural fairness,17,question46,fairnessDesign7,Will there be a mechanism to capture feedback by users of the system?,Will there be a mechanism to capture feedback by users of the system?,1.0
0.6,0.5,55,unchanged,raw,,5,discretion,impact3,Will the system be replacing human decisions that require judgement or discretion?,Will the system be replacing human decisions that require judgement or discretion?,1.0
0.6,0.5,56,unchanged,raw,,5,discretion-comment,impact4,Please describe the decision(s) that will be automated,Please describe the decision(s) that will be automated,1.0
0.6,0.5,57,unchanged,none,,1,project-id,projectDetailsID,Project ID from IT Plan,Project ID from IT Plan,1.0
0.6,0.5,58,unchanged,none,,1,departmental-program,projectDetailsProgram,Departmental Program (from Department Results Framework),Departmental Program (from Department Results Framework),1.0
0.6,0.5,59,unchanged,none,,1,project-phase,projectDetailsPhase,Project Phase,Project Phase,1.0
0.6,0.5,60,unchanged,raw,,9,risk-profile1,riskProfile1,Is the project within an area of intense public scrutiny (e.g. because of privacy concerns) and/or frequent litigation?,Is the project within an area of intense public scrutiny (e.g. because of privacy concerns) and/or frequent litigation?,1.0
0.6,0.5,61,unchanged,raw,,9,risk-profile2,riskProfile2,Are clients in this line of business particularly vulnerable?,Are clients in this line of business particularly vulnerable?,1.0
0.6,0.5,62,unchanged,raw,,9,risk-profile3,riskProfile3,Are stakes of the decisions very high?,Are stakes of the decisions very high?,1.0
0.6,0.5,63,unchanged,raw,,9,risk-profile4,riskProfile4,"Will this project have major impacts on staff, either in terms of their numbers or their roles?","Will this project have major impacts on staff, either in terms of their numbers or their roles?",1.0
0.6,0.5,64,unchanged,raw,,10,project-authority1,projectAuthority1,Will you require new policy authority for this project?,Will you require new policy authority for this project?,1.0
0.6,0.5,65,unchanged,raw,,12,about-algorithm1,aboutAlgorithm1,The algorithm used will be a (trade) secret,The algorithm used will be a (trade) secret,1.0
0.6,0.5,66,unchanged,raw,,12,about-algorithm2,aboutAlgorithm2,The algorithmic process will be difficult to interpret or to explain,The algorithmic process will be difficult to interpret or to explain,1.0
0.6,0.5,67,unchanged,raw,,5,question66,impact1,Will the system only be used to assist a decision-maker?,Will the system only be used to assist a decision-maker?,1.0
0.6,0.5,68,unchanged,raw,,5,question67,impact2,Will the system be replacing a decision that would otherwise be made by a human?,Will the system be replacing a decision that would otherwise be made by a human?,1.0
0.6,0.5,69,unchanged,mitigation,Consultation,13,consultation-design1,consultationDesign1,"Internal Stakeholders (Strategic policy and planning, Data Governance, Program Policy, etc.)","Internal Stakeholders (Strategic policy and planning, Data Governance, Program Policy, etc.)",1.0
0.6,0.5,70,unchanged,mitigation,Consultation,13,consultation-design2-NS,consultationDesign2-NS,Which Internal Stakeholders will you be engaging?,Which Internal Stakeholders will you be engaging?,1.0
0.6,0.5,71,unchanged,mitigation,Consultation,13,consultation-design3,consultationDesign3,"External Stakeholders (Civil Society, Academia, Industry, etc.)","External Stakeholders (Civil Society, Academia, Industry, etc.)",1.0
0.6,0.5,72,unchanged,mitigation,Consultation,13,consultation-design4-NS,consultationDesign4-NS,Which External Stakeholders will you be engaging?,Which External Stakeholders will you be engaging?,1.0
0.6,0.5,73,scoring changed,mitigation,Data quality,15,rm-data-qual1,dataQualityDesign1,"Will you have documented processes in place to test datasets against biases and other unexpected outcomes? This could include experience in applying frameworks, methods, guidelines or other assessment tools.","Will you have documented processes in place to test datasets against biases and other unexpected outcomes? This could include experience in applying frameworks, methods, guidelines or other assessment tools.",1.0
0.6,0.5,74,reworded,mitigation,Data quality,15,mitigation-makePublic,dataQualityDesign4,Will you be making this information publically available?,Will you be making this information publicly available?,0.982
0.6,0.5,75,reworded,mitigation,Data quality,15,question59,dataQualityDesign6,Will you be making this information publically available?,Will you be making this information publicly available?,0.982
0.6,0.5,76,reworded,mitigation,Data quality,15,question60,dataQualityDesign9,Will you be making this information publically available?,Will you be making this information publicly available?,0.982
0.6,0.5,77,reworded,mitigation,Data quality,16,question61,dataQualityImplementation2,Will you be making this information publically available?,Is this information publicly available?,0.787
0.6,0.5,80,added,mitigation,Data quality,15,,dataQualityDesign2,,Will you be making this information publicly available?,
0.6,0.5,81,added,mitigation,Privacy,20,,privacyDesign1,,"Will you need to undertake a Privacy Impact Assessment, or revise an existing one?",
0.6,0.5,82,added,mitigation,Privacy,20,,privacyDesign2,,Will your system reflect Privacy by Design principles?,
0.6,0.5,83,scoring changed,mitigation,Procedural fairness,17,question47,fairnessDesign8,Is there a recourse process planned or established for clients that wish to challenge the decision?,Is there a recourse process planned or established for clients that wish to challenge the decision?,1.0
0.6,0.5,85,scoring changed,mitigation,Procedural fairness,17,question49,fairnessDesign10,Will there a process in place to log the instances when overrides were performed?,Will there a process in place to log the instances when overrides were performed?,1.0
0.6,0.5,86,scoring changed,mitigation,Procedural fairness,17,question50,fairnessDesign11,Will the audit trail include change control processes to record modifications to the system's operation or performance?,Will the audit trail include change control processes to record modifications to the system's operation or performance?,1.0
0.6,0.5,87,scoring changed,mitigation,Procedural fairness,17,question51,fairnessDesign12,Have you prepared a concept case to the Government of Canada Enterprise Architecture Review Baord?,Have you prepared a concept case to the Government of Canada Enterprise Architecture Review Baord?,1.0
0.6,0.5,241,scoring changed,mitigation,Procedural fairness,17,question43,fairnessDesign4,Will the audit trail show who an authorized decision-maker is?,Will the audit trail show who an authorized decision-maker is?,1.0
0.8a1,0.6,1,unchanged,none,,1,projectDetailsRespondent,projectDetailsRespondent,Name of Respondent,Name of Respondent,1.0
0.8a1,0.6,2,unchanged,none,,1,projectDetailsJob,projectDetailsJob,Job Title,Job Title,1.0
0.8a1,0.6,3,unchanged,none,,1,projectDetailsDepartment-NS,projectDetailsDepartment-NS,Department,Department,1.0
0.8a1,0.6,4,unchanged,none,,1,projectDetailsBranch,projectDetailsBranch,Branch,Branch,1.0
0.8a1,0.6,5,unchanged,none,,1,projectDetailsTitle,projectDetailsTitle,Project Title,Project Title,1.0
0.8a1,0.6,6,unchanged,none,,1,projectDetailsDescription,projectDetailsDescription,Please provide a project description:,Please provide a project description:,1.0
0.8a1,0.6,7,unchanged,none,,2,businessDrivers1,businessDrivers1,What is motivating your team to introduce automation into this decision-making process? (Check all that apply),What is motivating your team to introduce automation into this decision-making process? (Check all that apply),1.0
0.8a1,0.6,8,unchanged,none,,2,motivation-other,motivation-other,Please describe,Please describe,1.0
0.8a1,0.6,9,unchanged,none,,11,aboutSystem1,aboutSystem1,Please check which of the following capabilities apply to your system.,Please check which of the following capabilities apply to your system.,1.0
0.8a1,0.6,10,unchanged,none,,11,aboutSystem2,aboutSystem2,Please describe,Please describe,1.0
0.8a1,0.6,11,unchanged,raw,,4,decisionSector1,decisionSector1,Does the decision pertain to any of the categories below (check all that apply):,Does the decision pertain to any of the categories below (check all that apply):,1.0
0.8a1,0.6,12,unchanged,raw,,4,decisionSector2,decisionSector2,Please describe,Please describe,1.0
0.8a1,0.6,15,unchanged,raw,,5,impact5,impact5,Is the system used by a different part of the organization than the ones who developed it?,Is the system used by a different part of the organization than the ones who developed it?,1.0
0.8a1,0.6,16,unchanged,raw,,5,impact6,impact6,Are the impacts resulting from the decision reversible?,Are the impacts resulting from the decision reversible?,1.0
0.8a1,0.6,17,unchanged,raw,,5,impact7,impact7,How long will impacts from the decision last?,How long will impacts from the decision last?,1.0
0.8a1,0.6,18,unchanged,raw,,5,impact8,impact8,Please describe why the impacts resulting from the decision are as per selected option above.,Please describe why the impacts resulting from the decision are as per selected option above.,1.0
0.8a1,0.6,19,unchanged,raw,,5,impact9,impact9,The impacts that the decision will have on the rights or freedoms of individuals will likely be:,The impacts that the decision will have on the rights or freedoms of individuals will likely be:,1.0
0.8a1,0.6,20,unchanged,raw,,5,impact10,impact10,Please describe why the impacts resulting from the decision are (as per selected option above).,Please describe why the impacts resulting from the decision are (as per selected option above).,1.0
0.8a1,0.6,21,unchanged,raw,,5,impact11,impact11,The impacts that the decision will have on the health and well-being of individuals will likely be:,The impacts that the decision will have on the health and well-being of individuals will likely be:,1.0
0.8a1,0.6,22,unchanged,raw,,5,impact12,impact12,Please describe why the impacts resulting from the decision are (as per selected option above),Please describe why the impacts resulting from the decision are (as per selected option above),1.0
0.8a1,0.6,23,unchanged,raw,,5,impact13,impact13,The impacts that the decision will have on the economic interests of individuals will likely be:,The impacts that the decision will have on the economic interests of individuals will likely be:,1.0
0.8a1,0.6,24,unchanged,raw,,5,impact14,impact14,Please describe why the impacts resulting from the decision are (as per selected option above),Please describe why the impacts resulting from the decision are (as per selected option above),1.0
0.8a1,0.6,25,unchanged,raw,,5,impact15,impact15,"The impacts that the decision will have on the ongoing sustainability of an environmental ecosystem, will likely be:","The impacts that the decision will have on the ongoing sustainability of an environmental ecosystem, will likely be:",1.0
0.8a1,0.6,26,unchanged,raw,,5,impact16,impact16,Please describe why the impacts resulting from the decision are (as per selected option above),Please describe why the impacts resulting from the decision are (as per selected option above),1.0
0.8a1,0.6,27,unchanged,raw,,19,aboutDataSource1,aboutDataSource1,Will the Automated Decision System use personal information as input data?,Will the Automated Decision System use personal information as input data?,1.0
0.8a1,0.6,28,unchanged,raw,,19,aboutDataSource2,aboutDataSource2,What is the highest security classification of the input data used by the system? (Select one),What is the highest security classification of the input data used by the system? (Select one),1.0
0.8a1,0.6,29,unchanged,raw,,19,aboutDataSource3,aboutDataSource3,Who controls the data?,Who controls the data?,1.0
0.8a1,0.6,30,reworded,raw,,19,aboutDataSource4,aboutDataSource4,Will the system data use from multiple different sources?,Will the system use data from multiple different sources?,0.929
0.8a1,0.6,31,unchanged,raw,,19,aboutDataSource5,aboutDataSource5,"Will the system require input data from an Internet- or telephony-connected device? (e.g. Internet of Things, sensor)","Will the system require input data from an Internet- or telephony-connected device? (e.g. Internet of Things, sensor)",1.0
0.8a1,0.6,32,unchanged,raw,,19,aboutDataSource6,aboutDataSource6,Will the system interface with other IT systems?,Will the system interface with other IT systems?,1.0
0.8a1,0.6,33,unchanged,raw,,19,aboutDataSource7,aboutDataSource7,Who collected the data used for training the system?,Who collected the data used for training the system?,1.0
0.8a1,0.6,34,unchanged,raw,,19,aboutDataSource8,aboutDataSource8,Who collected the input data used by the system?,Who collected the input data used by the system?,1.0
0.8a1,0.6,35,unchanged,raw,,19,aboutDataType1,aboutDataType1,Will the system require the analysis of unstructured data to render a recommendation or a decision?,Will the system require the analysis of unstructured data to render a recommendation or a decision?,1.0
0.8a1,0.6,36,unchanged,raw,,19,aboutDataType2,aboutDataType2,What types of unstructured data? (Check all that apply),What types of unstructured data? (Check all that apply),1.0
0.8a1,0.6,38,unchanged,mitigation,Data quality,15,dataQualityDesign3,dataQualityDesign3,Will you be developing a process to document how data quality issues were resolved during the design process?,Will you be developing a process to document how data quality issues were resolved during the design process?,1.0
0.8a1,0.6,39,scoring changed,mitigation,Data quality,15,dataQualityDesign5,dataQualityDesign5,Will you undertake a Gender Based Analysis Plus of the data?,Will you undertake a Gender Based Analysis Plus of the data?,1.0
0.8a1,0.6,40,unchanged,mitigation,Data quality,15,dataQualityDesign7,dataQualityDesign7,"Have you assigned accountability in your institution for the design, development, maintenance, and improvement of the system?","Have you assigned accountability in your institution for the design, development, maintenance, and improvement of the system?",1.0
0.8a1,0.6,41,scoring changed,mitigation,Data quality,15,dataQualityDesign8,dataQualityDesign8,Will you have a documented process to manage the risk that outdated or unreliable data is used to make an automated decision?,Will you have a documented process to manage the risk that outdated or unreliable data is used to make an automated decision?,1.0
0.8a1,0.6,42,scoring changed,mitigation,Data quality,15,dataQualityDesign10,dataQualityDesign10,Will the data used for this system be posted on the Open Government Portal?,Will the data used for this system be posted on the Open Government Portal?,1.0
0.8a1,0.6,43,reworded,mitigation,Procedural fairness,17,fairnessDesign1,fairnessDesign1,Will the system provide an audit trail that records all the recommendations or decisions made by the system?,Will the audit trail identify the authority or delegated authority identified in legislation?,0.402
0.8a1,0.6,44,unchanged,mitigation,Procedural fairness,17,fairnessDesign2,fairnessDesign5,Will you maintain a log detailing all of the changes made to the model and the system?,Will you maintain a log detailing all of the changes made to the model and the system?,1.0
0.8a1,0.6,45,unchanged,mitigation,Procedural fairness,17,fairnessDesign3,fairnessDesign6,Will the audit trail clearly set out all decision points made by the system?,Will the audit trail clearly set out all decision points made by the system?,1.0
0.8a1,0.6,46,added,mitigation,Procedural fairness,17,,fairnessDesign4,,"Will all key decision points within the automated system's logic be linked to the relevant legislation, policy or procedure?",
0.8a1,0.6,48,unchanged,mitigation,Procedural fairness,17,fairnessDesign6,fairnessDesign11,"Will there be a process in place to grant, monitor, and revoke access permission to the system?","Will there be a process in place to grant, monitor, and revoke access permission to the system?",1.0
0.8a1,0.6,49,added,mitigation,Procedural fairness,17,,fairnessDesign7,,Could the audit trail generated by the system be used to help generate a notification of the decision (including a statement of reasons or other notification) where required?,
0.8a1,0.6,50,added,mitigation,Procedural fairness,17,,fairnessDesign8,,Will the audit trail identify precisely which version of the system was used for each decision it supports?,
0.8a1,0.6,51,unchanged,mitigation,Procedural fairness,17,fairnessDesign9,fairnessDesign14,Will the system enable human override of system decisions?,Will the system enable human override of system decisions?,1.0
0.8a1,0.6,52,unchanged,mitigation,Procedural fairness,17,fairnessDesign5,fairnessDesign10,Will the system be able to produce reasons for its decisions or recommendations when required?,Will the system be able to produce reasons for its decisions or recommendations when required?,1.0
0.8a1,0.6,54,unchanged,mitigation,Procedural fairness,17,fairnessDesign7,fairnessDesign12,Will there be a mechanism to capture feedback by users of the system?,Will there be a mechanism to capture feedback by users of the system?,1.0
0.8a1,0.6,55,unchanged,raw,,5,impact3,impact3,Will the system be replacing human decisions that require judgement or discretion?,Will the system be replacing human decisions that require judgement or discretion?,1.0
0.8a1,0.6,56,unchanged,raw,,5,impact4,impact4,Please describe the decision(s) that will be automated,Please describe the decision(s) that will be automated,1.0
0.8a1,0.6,57,unchanged,none,,1,projectDetailsID,projectDetailsID,Project ID from IT Plan,Project ID from IT Plan,1.0
0.8a1,0.6,58,unchanged,none,,1,projectDetailsProgram,projectDetailsProgram,Departmental Program (from Department Results Framework),Departmental Program (from Department Results Framework),1.0
0.8a1,0.6,59,unchanged,none,,1,projectDetailsPhase,projectDetailsPhase,Project Phase,Project Phase,1.0
0.8a1,0.6,60,unchanged,raw,,9,riskProfile1,riskProfile1,Is the project within an area of intense public scrutiny (e.g. because of privacy concerns) and/or frequent litigation?,Is the project within an area of intense public scrutiny (e.g. because of privacy concerns) and/or frequent litigation?,1.0
0.8a1,0.6,61,unchanged,raw,,9,riskProfile2,riskProfile2,Are clients in this line of business particularly vulnerable?,Are clients in this line of business particularly vulnerable?,1.0
0.8a1,0.6,62,unchanged,raw,,9,riskProfile3,riskProfile3,Are stakes of the decisions very high?,Are stakes of the decisions very high?,1.0
0.8a1,0.6,63,unchanged,raw,,9,riskProfile4,riskProfile4,"Will this project have major impacts on staff, either in terms of their numbers or their roles?","Will this project have major impacts on staff, either in terms of their numbers or their roles?",1.0
0.8a1,0.6,64,unchanged,raw,,10,projectAuthority1,projectAuthority1,Will you require new policy authority for this project?,Will you require new policy authority for this project?,1.0
0.8a1,0.6,65,unchanged,raw,,12,aboutAlgorithm1,aboutAlgorithm1,The algorithm used will be a (trade) secret,The algorithm used will be a (trade) secret,1.0
0.8a1,0.6,66,unchanged,raw,,12,aboutAlgorithm2,aboutAlgorithm2,The algorithmic process will be difficult to interpret or to explain,The algorithmic process will be difficult to interpret or to explain,1.0
0.8a1,0.6,67,unchanged,raw,,5,impact1,impact1,Will the system only be used to assist a decision-maker?,Will the system only be used to assist a decision-maker?,1.0
0.8a1,0.6,68,unchanged,raw,,5,impact2,impact2,Will the system be replacing a decision that would otherwise be made by a human?,Will the system be replacing a decision that would otherwise be made by a human?,1.0
0.8a1,0.6,69,unchanged,mitigation,Consultation,13,consultationDesign1,consultationDesign1,"Internal Stakeholders (Strategic policy and planning, Data Governance, Program Policy, etc.)","Internal Stakeholders (Strategic policy and planning, Data Governance, Program Policy, etc.)",1.0
0.8a1,0.6,70,unchanged,mitigation,Consultation,13,consultationDesign2-NS,consultationDesign2-NS,Which Internal Stakeholders will you be engaging?,Which Internal Stakeholders will you be engaging?,1.0
0.8a1,0.6,71,unchanged,mitigation,Consultation,13,consultationDesign3,consultationDesign3,"External Stakeholders (Civil Society, Academia, Industry, etc.)","External Stakeholders (Civil Society, Academia, Industry, etc.)",1.0
0.8a1,0.6,72,unchanged,mitigation,Consultation,13,consultationDesign4-NS,consultationDesign4-NS,Which External Stakeholders will you be engaging?,Which External Stakeholders will you be engaging?,1.0
0.8a1,0.6,73,unchanged,mitigation,Data quality,15,dataQualityDesign1,dataQualityDesign1,"Will you have documented processes in place to test datasets against biases and other unexpected outcomes? This could include experience in applying frameworks, methods, guidelines or other assessment tools.","Will you have documented processes in place to test datasets against biases and other unexpected outcomes? This could include experience in applying frameworks, methods, guidelines or other assessment tools.",1.0
0.8a1,0.6,74,unchanged,mitigation,Data quality,15,dataQualityDesign4,dataQualityDesign4,Will you be making this information publicly available?,Will you be making this information publicly available?,1.0
0.8a1,0.6,75,unchanged,mitigation,Data quality,15,dataQualityDesign6,dataQualityDesign6,Will you be making this information publicly available?,Will you be making this information publicly available?,1.0
0.8a1,0.6,76,unchanged,mitigation,Data quality,15,dataQualityDesign9,dataQualityDesign9,Will you be making this information publicly available?,Will you be making this information publicly available?,1.0
0.8a1,0.6,77,scoring changed,mitigation,Data quality,16,dataQualityImplementation2,dataQualityImplementation2,Is this information publicly available?,Is this information publicly available?,1.0
0.8a1,0.6,80,unchanged,mitigation,Data quality,15,dataQualityDesign2,dataQualityDesign2,Will you be making this information publicly available?,Will you be making this information publicly available?,1.0
0.8a1,0.6,81,unchanged,mitigation,Privacy,20,privacyDesign1,privacyDesign1,"Will you need to undertake a Privacy Impact Assessment, or revise an existing one?","Will you need to undertake a Privacy Impact Assessment, or revise an existing one?",1.0
0.8a1,0.6,82,unchanged,mitigation,Privacy,20,privacyDesign2,privacyDesign2,Will your system reflect Privacy by Design principles?,Will your system reflect Privacy by Design principles?,1.0
0.8a1,0.6,83,reworded,mitigation,Procedural fairness,17,fairnessDesign8,fairnessDesign13,Is there a recourse process planned or established for clients that wish to challenge the decision?,Will there be a recourse process planned or established for clients that wish to challenge the decision?,0.965
0.8a1,0.6,85,reworded,mitigation,Procedural fairness,17,fairnessDesign10,fairnessDesign15,Will there a process in place to log the instances when overrides were performed?,Will there be a process in place to log the instances when overrides were performed?,0.982
0.8a1,0.6,86,unchanged,mitigation,Procedural fairness,17,fairnessDesign11,fairnessDesign16,Will the audit trail include change control processes to record modifications to the system's operation or performance?,Will the audit trail include change control processes to record modifications to the system's operation or performance?,1.0
0.8a1,0.6,87,reworded,mitigation,Procedural fairness,17,fairnessDesign12,fairnessDesign17,Have you prepared a concept case to the Government of Canada Enterprise Architecture Review Baord?,Will you prepared a concept case to the Government of Canada Enterprise Architecture Review Board?,0.948
0.8a1,0.6,241,reworded,mitigation,Procedural fairness,17,fairnessDesign4,fairnessDesign9,Will the audit trail show who an authorized decision-maker is?,Will the audit trail show who the authorized decision-maker is?,0.959
0.8a1,0.6,242,added,mitigation,Procedural fairness,17,,fairnessDesign2,,Will the system provide an audit trail that records all the recommendations or decisions made by the system?,
0.8a1,0.6,243,added,mitigation,Procedural fairness,17,,fairnessDesign3,,Will all the key decision points identifiable in audit trail?,
0.8a1,0.6,244,added,mitigation,Procedural fairness,18,,fairnessImplementation6,,Does the system's audit trail indicate all of decision points made by the system?,
0.9,0.8a1,1,unchanged,none,,1,projectDetailsRespondent,projectDetailsRespondent,Name of Respondent,Name of Respondent,1.0
0.9,0.8a1,2,unchanged,none,,1,projectDetailsJob,projectDetailsJob,Job Title,Job Title,1.0
0.9,0.8a1,3,unchanged,none,,1,projectDetailsDepartment-NS,projectDetailsDepartment-NS,Department,Department,1.0
0.9,0.8a1,4,unchanged,none,,1,projectDetailsBranch,projectDetailsBranch,Branch,Branch,1.0
0.9,0.8a1,5,unchanged,none,,1,projectDetailsTitle,projectDetailsTitle,Project Title,Project Title,1.0
0.9,0.8a1,6,unchanged,none,,1,projectDetailsDescription,projectDetailsDescription,Please provide a project description:,Please provide a project description:,1.0
0.9,0.8a1,7,unchanged,none,,2,businessDrivers1,businessDrivers1,What is motivating your team to introduce automation into this decision-making process? (Check all that apply),What is motivating your team to introduce automation into this decision-making process? (Check all that apply),1.0
0.9,0.8a1,8,unchanged,none,,2,motivation-other,motivation-other,Please describe,Please describe,1.0
0.9,0.8a1,9,scoring changed,none,,11,aboutSystem1,aboutSystem1,Please check which of the following capabilities apply to your system.,Please check which of the following capabilities apply to your system.,1.0
0.9,0.8a1,10,unchanged,none,,11,aboutSystem2,aboutSystem2,Please describe,Please describe,1.0
0.9,0.8a1,11,unchanged,raw,,4,decisionSector1,decisionSector1,Does the decision pertain to any of the categories below (check all that apply):,Does the decision pertain to any of the categories below (check all that apply):,1.0
0.9,0.8a1,12,unchanged,raw,,4,decisionSector2,decisionSector2,Please describe,Please describe,1.0
0.9,0.8a1,15,unchanged,raw,,5,impact5,impact5,Is the system used by a different part of the organization than the ones who developed it?,Is the system used by a different part of the organization than the ones who developed it?,1.0
0.9,0.8a1,16,unchanged,raw,,5,impact6,impact6,Are the impacts resulting from the decision reversible?,Are the impacts resulting from the decision reversible?,1.0
0.9,0.8a1,17,unchanged,raw,,5,impact7,impact7,How long will impacts from the decision last?,How long will impacts from the decision last?,1.0
0.9,0.8a1,18,unchanged,raw,,5,impact8,impact8,Please describe why the impacts resulting from the decision are as per selected option above.,Please describe why the impacts resulting from the decision are as per selected option above.,1.0
0.9,0.8a1,19,scoring changed,raw,,5,impact9,impact9,The impacts that the decision will have on the rights or freedoms of individuals will likely be:,The impacts that the decision will have on the rights or freedoms of individuals will likely be:,1.0
0.9,0.8a1,20,unchanged,raw,,5,impact10,impact10,Please describe why the impacts resulting from the decision are (as per selected option above).,Please describe why the impacts resulting from the decision are (as per selected option above).,1.0
0.9,0.8a1,21,unchanged,raw,,5,impact11,impact11,The impacts that the decision will have on the health and well-being of individuals will likely be:,The impacts that the decision will have on the health and well-being of individuals will likely be:,1.0
0.9,0.8a1,22,unchanged,raw,,5,impact12,impact12,Please describe why the impacts resulting from the decision are (as per selected option above),Please describe why the impacts resulting from the decision are (as per selected option above),1.0
0.9,0.8a1,23,unchanged,raw,,5,impact13,impact13,The impacts that the decision will have on the economic interests of individuals will likely be:,The impacts that the decision will have on the economic interests of individuals will likely be:,1.0
0.9,0.8a1,24,unchanged,raw,,5,impact14,impact14,Please describe why the impacts resulting from the decision are (as per selected option above),Please describe why the impacts resulting from the decision are (as per selected option above),1.0
0.9,0.8a1,25,unchanged,raw,,5,impact15,impact15,"The impacts that the decision will have on the ongoing sustainability of an environmental ecosystem, will likely be:","The impacts that the decision will have on the ongoing sustainability of an environmental ecosystem, will likely be:",1.0
0.9,0.8a1,26,unchanged,raw,,5,impact16,impact16,Please describe why the impacts resulting from the decision are (as per selected option above),Please describe why the impacts resulting from the decision are (as per selected option above),1.0
0.9,0.8a1,27,unchanged,raw,,19,aboutDataSource1,aboutDataSource1,Will the Automated Decision System use personal information as input data?,Will the Automated Decision System use personal information as input data?,1.0
0.9,0.8a1,28,unchanged,raw,,19,aboutDataSource2,aboutDataSource2,What is the highest security classification of the input data used by the system? (Select one),What is the highest security classification of the input data used by the system? (Select one),1.0
0.9,0.8a1,29,unchanged,raw,,19,aboutDataSource3,aboutDataSource3,Who controls the data?,Who controls the data?,1.0
0.9,0.8a1,30,unchanged,raw,,19,aboutDataSource4,aboutDataSource4,Will the system use data from multiple different sources?,Will the system use data from multiple different sources?,1.0
0.9,0.8a1,31,unchanged,raw,,19,aboutDataSource5,aboutDataSource5,"Will the system require input data from an Internet- or telephony-connected device? (e.g. Internet of Things, sensor)","Will the system require input data from an Internet- or telephony-connected device? (e.g. Internet of Things, sensor)",1.0
0.9,0.8a1,32,unchanged,raw,,19,aboutDataSource6,aboutDataSource6,Will the system interface with other IT systems?,Will the system interface with other IT systems?,1.0
0.9,0.8a1,33,unchanged,raw,,19,aboutDataSource7,aboutDataSource7,Who collected the data used for training the system?,Who collected the data used for training the system?,1.0
0.9,0.8a1,34,unchanged,raw,,19,aboutDataSource8,aboutDataSource8,Who collected the input data used by the system?,Who collected the input data used by the system?,1.0
0.9,0.8a1,35,unchanged,raw,,19,aboutDataType1,aboutDataType1,Will the system require the analysis of unstructured data to render a recommendation or a decision?,Will the system require the analysis of unstructured data to render a recommendation or a decision?,1.0
0.9,0.8a1,36,unchanged,raw,,19,aboutDataType2,aboutDataType2,What types of unstructured data? (Check all that apply),What types of unstructured data? (Check all that apply),1.0
0.9,0.8a1,38,unchanged,mitigation,Data quality,15,dataQualityDesign3,dataQualityDesign3,Will you be developing a process to document how data quality issues were resolved during the design process?,Will you be developing a process to document how data quality issues were resolved during the design process?,1.0
0.9,0.8a1,39,unchanged,mitigation,Data quality,15,dataQualityDesign5,dataQualityDesign5,Will you undertake a Gender Based Analysis Plus of the data?,Will you undertake a Gender Based Analysis Plus of the data?,1.0
0.9,0.8a1,40,unchanged,mitigation,Data quality,15,dataQualityDesign7,dataQualityDesign7,"Have you assigned accountability in your institution for the design, development, maintenance, and improvement of the system?","Have you assigned accountability in your institution for the design, development, maintenance, and improvement of the system?",1.0
0.9,0.8a1,41,unchanged,mitigation,Data quality,15,dataQualityDesign8,dataQualityDesign8,Will you have a documented process to manage the risk that outdated or unreliable data is used to make an automated decision?,Will you have a documented process to manage the risk that outdated or unreliable data is used to make an automated decision?,1.0
0.9,0.8a1,42,unchanged,mitigation,Data quality,15,dataQualityDesign10,dataQualityDesign10,Will the data used for this system be posted on the Open Government Portal?,Will the data used for this system be posted on the Open Government Portal?,1.0
0.9,0.8a1,43,unchanged,mitigation,Procedural fairness,17,fairnessDesign1,fairnessDesign1,Will the audit trail identify the authority or delegated authority identified in legislation?,Will the audit trail identify the authority or delegated authority identified in legislation?,1.0
0.9,0.8a1,44,unchanged,mitigation,Procedural fairness,17,fairnessDesign5,fairnessDesign5,Will you maintain a log detailing all of the changes made to the model and the system?,Will you maintain a log detailing all of the changes made to the model and the system?,1.0
0.9,0.8a1,45,unchanged,mitigation,Procedural fairness,17,fairnessDesign6,fairnessDesign6,Will the audit trail clearly set out all decision points made by the system?,Will the audit trail clearly set out all decision points made by the system?,1.0
0.9,0.8a1,46,unchanged,mitigation,Procedural fairness,17,fairnessDesign4,fairnessDesign4,"Will all key decision points within the automated system's logic be linked to the relevant legislation, policy or procedure?","Will all key decision points within the automated system's logic be linked to the relevant legislation, policy or procedure?",1.0
0.9,0.8a1,48,unchanged,mitigation,Procedural fairness,17,fairnessDesign11,fairnessDesign11,"Will there be a process in place to grant, monitor, and revoke access permission to the system?","Will there be a process in place to grant, monitor, and revoke access permission to the system?",1.0
0.9,0.8a1,49,unchanged,mitigation,Procedural fairness,17,fairnessDesign7,fairnessDesign7,Could the audit trail generated by the system be used to help generate a notification of the decision (including a statement of reasons or other notification) where required?,Could the audit trail generated by the system be used to help generate a notification of the decision (including a statement of reasons or other notification) where required?,1.0
0.9,0.8a1,50,unchanged,mitigation,Procedural fairness,17,fairnessDesign8,fairnessDesign8,Will the audit trail identify precisely which version of the system was used for each decision it supports?,Will the audit trail identify precisely which version of the system was used for each decision it supports?,1.0
0.9,0.8a1,51,unchanged,mitigation,Procedural fairness,17,fairnessDesign14,fairnessDesign14,Will the system enable human override of system decisions?,Will the system enable human override of system decisions?,1.0
0.9,0.8a1,52,unchanged,mitigation,Procedural fairness,17,fairnessDesign10,fairnessDesign10,Will the system be able to produce reasons for its decisions or recommendations when required?,Will the system be able to produce reasons for its decisions or recommendations when required?,1.0
0.9,0.8a1,54,unchanged,mitigation,Procedural fairness,17,fairnessDesign12,fairnessDesign12,Will there be a mechanism to capture feedback by users of the system?,Will there be a mechanism to capture feedback by users of the system?,1.0
0.9,0.8a1,55,unchanged,raw,,5,impact3,impact3,Will the system be replacing human decisions that require judgement or discretion?,Will the system be replacing human decisions that require judgement or discretion?,1.0
0.9,0.8a1,56,unchanged,raw,,5,impact4,impact4,Please describe the decision(s) that will be automated,Please describe the decision(s) that will be automated,1.0
0.9,0.8a1,57,unchanged,none,,1,projectDetailsID,projectDetailsID,Project ID from IT Plan,Project ID from IT Plan,1.0
0.9,0.8a1,58,unchanged,none,,1,projectDetailsProgram,projectDetailsProgram,Departmental Program (from Department Results Framework),Departmental Program (from Department Results Framework),1.0
0.9,0.8a1,59,unchanged,none,,1,projectDetailsPhase,projectDetailsPhase,Project Phase,Project Phase,1.0
0.9,0.8a1,60,unchanged,raw,,9,riskProfile1,riskProfile1,Is the project within an area of intense public scrutiny (e.g. because of privacy concerns) and/or frequent litigation?,Is the project within an area of intense public scrutiny (e.g. because of privacy concerns) and/or frequent litigation?,1.0
0.9,0.8a1,61,unchanged,raw,,9,riskProfile2,riskProfile2,Are clients in this line of business particularly vulnerable?,Are clients in this line of business particularly vulnerable?,1.0
0.9,0.8a1,62,unchanged,raw,,9,riskProfile3,riskProfile3,Are stakes of the decisions very high?,Are stakes of the decisions very high?,1.0
0.9,0.8a1,63,unchanged,raw,,9,riskProfile4,riskProfile4,"Will this project have major impacts on staff, either in terms of their numbers or their roles?","Will this project have major impacts on staff, either in terms of their numbers or their roles?",1.0
0.9,0.8a1,64,unchanged,raw,,10,projectAuthority1,projectAuthority1,Will you require new policy authority for this project?,Will you require new policy authority for this project?,1.0
0.9,0.8a1,65,unchanged,raw,,12,aboutAlgorithm1,aboutAlgorithm1,The algorithm used will be a (trade) secret,The algorithm used will be a (trade) secret,1.0
0.9,0.8a1,66,unchanged,raw,,12,aboutAlgorithm2,aboutAlgorithm2,The algorithmic process will be difficult to interpret or to explain,The algorithmic process will be difficult to interpret or to explain,1.0
0.9,0.8a1,67,unchanged,raw,,5,impact1,impact1,Will the system only be used to assist a decision-maker?,Will the system only be used to assist a decision-maker?,1.0
0.9,0.8a1,68,unchanged,raw,,5,impact2,impact2,Will the system be replacing a decision that would otherwise be made by a human?,Will the system be replacing a decision that would otherwise be made by a human?,1.0
0.9,0.8a1,69,unchanged,mitigation,Consultation,13,consultationDesign1,consultationDesign1,"Internal Stakeholders (Strategic policy and planning, Data Governance, Program Policy, etc.)","Internal Stakeholders (Strategic Policy and Planning, Data Governance, Program Policy, etc.)",1.0
0.9,0.8a1,70,scoring changed,mitigation,Consultation,13,consultationDesign2-NS,consultationDesign2,Which Internal Stakeholders will you be engaging?,Which Internal Stakeholders will you be engaging?,1.0
0.9,0.8a1,71,unchanged,mitigation,Consultation,13,consultationDesign3,consultationDesign3,"External Stakeholders (Civil Society, Academia, Industry, etc.)","External Stakeholders (Civil Society, Academia, Industry, etc.)",1.0
0.9,0.8a1,72,scoring changed,mitigation,Consultation,13,consultationDesign4-NS,consultationDesign4,Which External Stakeholders will you be engaging?,Which External Stakeholders will you be engaging?,1.0
0.9,0.8a1,73,unchanged,mitigation,Data quality,15,dataQualityDesign1,dataQualityDesign1,"Will you have documented processes in place to test datasets against biases and other unexpected outcomes? This could include experience in applying frameworks, methods, guidelines or other assessment tools.","Will you have documented processes in place to test datasets against biases and other unexpected outcomes? This could include experience in applying frameworks, methods, guidelines or other assessment tools.",1.0
0.9,0.8a1,74,unchanged,mitigation,Data quality,15,dataQualityDesign4,dataQualityDesign4,Will you be making this information publicly available?,Will you be making this information publicly available?,1.0
0.9,0.8a1,75,unchanged,mitigation,Data quality,15,dataQualityDesign6,dataQualityDesign6,Will you be making this information publicly available?,Will you be making this information publicly available?,1.0
0.9,0.8a1,76,unchanged,mitigation,Data quality,15,dataQualityDesign9,dataQualityDesign9,Will you be making this information publicly available?,Will you be making this information publicly available?,1.0
0.9,0.8a1,77,unchanged,mitigation,Data quality,16,dataQualityImplementation2,dataQualityImplementation2,Is this information publicly available?,Is this information publicly available?,1.0
0.9,0.8a1,80,unchanged,mitigation,Data quality,15,dataQualityDesign2,dataQualityDesign2,Will you be making this information publicly available?,Will you be making this information publicly available?,1.0
0.9,0.8a1,81,reworded,mitigation,Privacy,20,privacyDesign1,privacyDesign1,"Will you need to undertake a Privacy Impact Assessment, or revise an existing one?","If your system involves the use of personal information, will you undertake or have you undertaken a Privacy Impact Assessment, or updated an existing one?",0.578
0.9,0.8a1,82,removed,mitigation,Privacy,20,privacyDesign2,,Will your system reflect Privacy by Design principles?,,
0.9,0.8a1,83,unchanged,mitigation,Procedural fairness,17,fairnessDesign13,fairnessDesign13,Will there be a recourse process planned or established for clients that wish to challenge the decision?,Will there be a recourse process planned or established for clients that wish to challenge the decision?,1.0
0.9,0.8a1,85,unchanged,mitigation,Procedural fairness,17,fairnessDesign15,fairnessDesign15,Will there be a process in place to log the instances when overrides were performed?,Will there be a process in place to log the instances when overrides were performed?,1.0
0.9,0.8a1,86,unchanged,mitigation,Procedural fairness,17,fairnessDesign16,fairnessDesign16,Will the audit trail include change control processes to record modifications to the system's operation or performance?,Will the audit trail include change control processes to record modifications to the system's operation or performance?,1.0
0.9,0.8a1,87,reworded,mitigation,Procedural fairness,17,fairnessDesign17,fairnessDesign17,Will you prepared a concept case to the Government of Canada Enterprise Architecture Review Board?,Will you be preparing a concept case to the Government of Canada Enterprise Architecture Review Board?,0.96
0.9,0.8a1,88,added,raw,,19,,aboutDataSource9,,Have you verified that the use of personal information is limited to only what is directly related to delivering a program or service?,
0.9,0.8a1,89,added,raw,,19,,aboutDataSource10,,Is the personal information of individuals being used in a decision-making process that directly affects those individuals?,
0.9,0.8a1,90,added,raw,,19,,aboutDataSource11,,Have you verified if the system is using personal information in a way that is consistent with: (a) the current Personal Information Banks (PIBs) and Privacy Impact Assessments (PIAs) of your programs or (b) planned or implemented modifications to the PIBs or PIAs that take new uses and processes into account?,
0.9,0.8a1,91,added,mitigation,Consultation,13,,consultationDesign2-other,,Please describe,
0.9,0.8a1,92,added,mitigation,Consultation,13,,consultationDesign4-other,,Please describe,
0.9,0.8a1,93,added,mitigation,Privacy,20,,privacyDesign3,,"Will information be used within a closed system (i.e. no connections to the Internet, Intranet or any other system)?",
0.9,0.8a1,94,added,mitigation,Privacy,20,,privacyDesign4,,"If the sharing of personal information is involved, has an agreement or arrangement with appropriate safeguards been established?",
0.9,0.8a1,239,added,mitigation,Privacy,20,,privacyDesign2,,Will you design and build security and privacy into your systems from the concept stage of the project?,
0.9,0.8a1,241,unchanged,mitigation,Procedural fairness,17,fairnessDesign9,fairnessDesign9,Will the audit trail show who the authorized decision-maker is?,Will the audit trail show who the authorized decision-maker is?,1.0
0.9,0.8a1,242,unchanged,mitigation,Procedural fairness,17,fairnessDesign2,fairnessDesign2,Will the system provide an audit trail that records all the recommendations or decisions made by the system?,Will the system provide an audit trail that records all the recommendations or decisions made by the system?,1.0
0.9,0.8a1,243,reworded,mitigation,Procedural fairness,17,fairnessDesign3,fairnessDesign3,Will all the key decision points identifiable in audit trail?,Will all key decision points be identifiable in the audit trail?,0.911
0.9,0.8a1,244,reworded,mitigation,Procedural fairness,18,fairnessImplementation6,fairnessImplementation6,Does the system's audit trail indicate all of decision points made by the system?,Does the system's audit trail indicate all of the decision points made by the system?,0.976
0.9.1,0.9,1,unchanged,none,,1,projectDetailsRespondent,projectDetailsRespondent,Name of Respondent,Name of Respondent,1.0
0.9.1,0.9,2,unchanged,none,,1,projectDetailsJob,projectDetailsJob,Job Title,Job Title,1.0
0.9.1,0.9,3,unchanged,none,,1,projectDetailsDepartment-NS,projectDetailsDepartment-NS,Department,Department,1.0
0.9.1,0.9,4,unchanged,none,,1,projectDetailsBranch,projectDetailsBranch,Branch,Branch,1.0
0.9.1,0.9,5,unchanged,none,,1,projectDetailsTitle,projectDetailsTitle,Project Title,Project Title,1.0
0.9.1,0.9,6,unchanged,none,,1,projectDetailsDescription,projectDetailsDescription,Please provide a project description:,Please provide a project description:,1.0
0.9.1,0.9,7,unchanged,none,,2,businessDrivers1,businessDrivers1,What is motivating your team to introduce automation into this decision-making process? (Check all that apply),What is motivating your team to introduce automation into this decision-making process? (Check all that apply),1.0
0.9.1,0.9,8,unchanged,none,,2,motivation-other,motivation-other,Please describe,Please describe,1.0
0.9.1,0.9,9,scoring changed,none,,11,aboutSystem1,aboutSystem1,Please check which of the following capabilities apply to your system.,Please check which of the following capabilities apply to your system.,1.0
0.9.1,0.9,10,unchanged,none,,11,aboutSystem2,aboutSystem2,Please describe,Please describe,1.0
0.9.1,0.9,11,unchanged,raw,,4,decisionSector1,decisionSector1,Does the decision pertain to any of the categories below (check all that apply):,Does the decision pertain to any of the categories below (check all that apply):,1.0
0.9.1,0.9,12,unchanged,raw,,4,decisionSector2,decisionSector2,Please describe,Please describe,1.0
0.9.1,0.9,15,unchanged,raw,,5,impact5,impact5,Is the system used by a different part of the organization than the ones who developed it?,Is the system used by a different part of the organization than the ones who developed it?,1.0
0.9.1,0.9,16,unchanged,raw,,5,impact6,impact6,Are the impacts resulting from the decision reversible?,Are the impacts resulting from the decision reversible?,1.0
0.9.1,0.9,17,unchanged,raw,,5,impact7,impact7,How long will impacts from the decision last?,How long will impacts from the decision last?,1.0
0.9.1,0.9,18,unchanged,raw,,5,impact8,impact8,Please describe why the impacts resulting from the decision are as per selected option above.,Please describe why the impacts resulting from the decision are as per selected option above.,1.0
0.9.1,0.9,19,unchanged,raw,,5,impact9,impact9,The impacts that the decision will have on the rights or freedoms of individuals will likely be:,The impacts that the decision will have on the rights or freedoms of individuals will likely be:,1.0
0.9.1,0.9,20,unchanged,raw,,5,impact10,impact10,Please describe why the impacts resulting from the decision are (as per selected option above).,Please describe why the impacts resulting from the decision are (as per selected option above).,1.0
0.9.1,0.9,21,unchanged,raw,,5,impact11,impact11,The impacts that the decision will have on the health and well-being of individuals will likely be:,The impacts that the decision will have on the health and well-being of individuals will likely be:,1.0
0.9.1,0.9,22,unchanged,raw,,5,impact12,impact12,Please describe why the impacts resulting from the decision are (as per selected option above),Please describe why the impacts resulting from the decision are (as per selected option above),1.0
0.9.1,0.9,23,unchanged,raw,,5,impact13,impact13,The impacts that the decision will have on the economic interests of individuals will likely be:,The impacts that the decision will have on the economic interests of individuals will likely be:,1.0
0.9.1,0.9,24,unchanged,raw,,5,impact14,impact14,Please describe why the impacts resulting from the decision are (as per selected option above),Please describe why the impacts resulting from the decision are (as per selected option above),1.0
0.9.1,0.9,25,unchanged,raw,,5,impact15,impact15,"The impacts that the decision will have on the ongoing sustainability of an environmental ecosystem, will likely be:","The impacts that the decision will have on the ongoing sustainability of an environmental ecosystem, will likely be:",1.0
0.9.1,0.9,26,unchanged,raw,,5,impact16,impact16,Please describe why the impacts resulting from the decision are (as per selected option above),Please describe why the impacts resulting from the decision are (as per selected option above),1.0
0.9.1,0.9,27,unchanged,raw,,19,aboutDataSource1,aboutDataSource1,Will the Automated Decision System use personal information as input data?,Will the Automated Decision System use personal information as input data?,1.0
0.9.1,0.9,28,unchanged,raw,,19,aboutDataSource2,aboutDataSource2,What is the highest security classification of the input data used by the system? (Select one),What is the highest security classification of the input data used by the system? (Select one),1.0
0.9.1,0.9,29,unchanged,raw,,19,aboutDataSource3,aboutDataSource3,Who controls the data?,Who controls the data?,1.0
0.9.1,0.9,30,unchanged,raw,,19,aboutDataSource4,aboutDataSource4,Will the system use data from multiple different sources?,Will the system use data from multiple different sources?,1.0
0.9.1,0.9,31,unchanged,raw,,19,aboutDataSource5,aboutDataSource5,"Will the system require input data from an Internet- or telephony-connected device? (e.g. Internet of Things, sensor)","Will the system require input data from an Internet- or telephony-connected device? (e.g. Internet of Things, sensor)",1.0
0.9.1,0.9,32,unchanged,raw,,19,aboutDataSource6,aboutDataSource6,Will the system interface with other IT systems?,Will the system interface with other IT systems?,1.0
0.9.1,0.9,33,unchanged,raw,,19,aboutDataSource7,aboutDataSource7,Who collected the data used for training the system?,Who collected the data used for training the system?,1.0
0.9.1,0.9,34,unchanged,raw,,19,aboutDataSource8,aboutDataSource8,Who collected the input data used by the system?,Who collected the input data used by the system?,1.0
0.9.1,0.9,35,unchanged,raw,,19,aboutDataType1,aboutDataType1,Will the system require the analysis of unstructured data to render a recommendation or a decision?,Will the system require the analysis of unstructured data to render a recommendation or a decision?,1.0
0.9.1,0.9,36,unchanged,raw,,19,aboutDataType2,aboutDataType2,What types of unstructured data? (Check all that apply),What types of unstructured data? (Check all that apply),1.0
0.9.1,0.9,38,unchanged,mitigation,Data quality,15,dataQualityDesign3,dataQualityDesign3,Will you be developing a process to document how data quality issues were resolved during the design process?,Will you be developing a process to document how data quality issues were resolved during the design process?,1.0
0.9.1,0.9,39,unchanged,mitigation,Data quality,15,dataQualityDesign5,dataQualityDesign5,Will you undertake a Gender Based Analysis Plus of the data?,Will you undertake a Gender Based Analysis Plus of the data?,1.0
0.9.1,0.9,40,unchanged,mitigation,Data quality,15,dataQualityDesign7,dataQualityDesign7,"Have you assigned accountability in your institution for the design, development, maintenance, and improvement of the system?","Have you assigned accountability in your institution for the design, development, maintenance, and improvement of the system?",1.0
0.9.1,0.9,41,unchanged,mitigation,Data quality,15,dataQualityDesign8,dataQualityDesign8,Will you have a documented process to manage the risk that outdated or unreliable data is used to make an automated decision?,Will you have a documented process to manage the risk that outdated or unreliable data is used to make an automated decision?,1.0
0.9.1,0.9,42,unchanged,mitigation,Data quality,15,dataQualityDesign10,dataQualityDesign10,Will the data used for this system be posted on the Open Government Portal?,Will the data used for this system be posted on the Open Government Portal?,1.0
0.9.1,0.9,43,unchanged,mitigation,Procedural fairness,17,fairnessDesign1,fairnessDesign1,Will the audit trail identify the authority or delegated authority identified in legislation?,Will the audit trail identify the authority or delegated authority identified in legislation?,1.0
0.9.1,0.9,44,unchanged,mitigation,Procedural fairness,17,fairnessDesign5,fairnessDesign5,Will you maintain a log detailing all of the changes made to the model and the system?,Will you maintain a log detailing all of the changes made to the model and the system?,1.0
0.9.1,0.9,45,unchanged,mitigation,Procedural fairness,17,fairnessDesign6,fairnessDesign6,Will the audit trail clearly set out all decision points made by the system?,Will the audit trail clearly set out all decision points made by the system?,1.0
0.9.1,0.9,46,unchanged,mitigation,Procedural fairness,17,fairnessDesign4,fairnessDesign4,"Will all key decision points within the automated system's logic be linked to the relevant legislation, policy or procedure?","Will all key decision points within the automated system's logic be linked to the relevant legislation, policy or procedure?",1.0
0.9.1,0.9,48,unchanged,mitigation,Procedural fairness,17,fairnessDesign11,fairnessDesign11,"Will there be a process in place to grant, monitor, and revoke access permission to the system?","Will there be a process in place to grant, monitor, and revoke access permission to the system?",1.0
0.9.1,0.9,49,unchanged,mitigation,Procedural fairness,17,fairnessDesign7,fairnessDesign7,Could the audit trail generated by the system be used to help generate a notification of the decision (including a statement of reasons or other notification) where required?,Could the audit trail generated by the system be used to help generate a notification of the decision (including a statement of reasons or other notification) where required?,1.0
0.9.1,0.9,50,unchanged,mitigation,Procedural fairness,17,fairnessDesign8,fairnessDesign8,Will the audit trail identify precisely which version of the system was used for each decision it supports?,Will the audit trail identify precisely which version of the system was used for each decision it supports?,1.0
0.9.1,0.9,51,unchanged,mitigation,Procedural fairness,17,fairnessDesign14,fairnessDesign14,Will the system enable human override of system decisions?,Will the system enable human override of system decisions?,1.0
0.9.1,0.9,52,unchanged,mitigation,Procedural fairness,17,fairnessDesign10,fairnessDesign10,Will the system be able to produce reasons for its decisions or recommendations when required?,Will the system be able to produce reasons for its decisions or recommendations when required?,1.0
0.9.1,0.9,54,unchanged,mitigation,Procedural fairness,17,fairnessDesign12,fairnessDesign12,Will there be a mechanism to capture feedback by users of the system?,Will there be a mechanism to capture feedback by users of the system?,1.0
0.9.1,0.9,55,unchanged,raw,,5,impact3,impact3,Will the system be replacing human decisions that require judgement or discretion?,Will the system be replacing human decisions that require judgement or discretion?,1.0
0.9.1,0.9,56,unchanged,raw,,5,impact4,impact4,Please describe the decision(s) that will be automated,Please describe the decision(s) that will be automated,1.0
0.9.1,0.9,57,unchanged,none,,1,projectDetailsID,projectDetailsID,Project ID from IT Plan,Project ID from IT Plan,1.0
0.9.1,0.9,58,unchanged,none,,1,projectDetailsProgram,projectDetailsProgram,Departmental Program (from Department Results Framework),Departmental Program (from Department Results Framework),1.0
0.9.1,0.9,59,unchanged,none,,1,projectDetailsPhase,projectDetailsPhase,Project Phase,Project Phase,1.0
0.9.1,0.9,60,unchanged,raw,,9,riskProfile1,riskProfile1,Is the project within an area of intense public scrutiny (e.g. because of privacy concerns) and/or frequent litigation?,Is the project within an area of intense public scrutiny (e.g. because of privacy concerns) and/or frequent litigation?,1.0
0.9.1,0.9,61,unchanged,raw,,9,riskProfile2,riskProfile2,Are clients in this line of business particularly vulnerable?,Are clients in this line of business particularly vulnerable?,1.0
0.9.1,0.9,62,unchanged,raw,,9,riskProfile3,riskProfile3,Are stakes of the decisions very high?,Are stakes of the decisions very high?,1.0
0.9.1,0.9,63,unchanged,raw,,9,riskProfile4,riskProfile4,"Will this project have major impacts on staff, either in terms of their numbers or their roles?","Will this project have major impacts on staff, either in terms of their numbers or their roles?",1.0
0.9.1,0.9,64,unchanged,raw,,10,projectAuthority1,projectAuthority1,Will you require new policy authority for this project?,Will you require new policy authority for this project?,1.0
0.9.1,0.9,65,unchanged,raw,,12,aboutAlgorithm1,aboutAlgorithm1,The algorithm used will be a (trade) secret,The algorithm used will be a (trade) secret,1.0
0.9.1,0.9,66,unchanged,raw,,12,aboutAlgorithm2,aboutAlgorithm2,The algorithmic process will be difficult to interpret or to explain,The algorithmic process will be difficult to interpret or to explain,1.0
0.9.1,0.9,67,unchanged,raw,,5,impact1,impact1,Will the system only be used to assist a decision-maker?,Will the system only be used to assist a decision-maker?,1.0
0.9.1,0.9,68,unchanged,raw,,5,impact2,impact2,Will the system be replacing a decision that would otherwise be made by a human?,Will the system be replacing a decision that would otherwise be made by a human?,1.0
0.9.1,0.9,69,unchanged,mitigation,Consultation,13,consultationDesign1,consultationDesign1,"Internal Stakeholders (Strategic Policy and Planning, Data Governance, Program Policy, etc.)","Internal Stakeholders (Strategic Policy and Planning, Data Governance, Program Policy, etc.)",1.0
0.9.1,0.9,70,unchanged,mitigation,Consultation,13,consultationDesign2,consultationDesign2,Which Internal Stakeholders will you be engaging?,Which Internal Stakeholders will you be engaging?,1.0
0.9.1,0.9,71,unchanged,mitigation,Consultation,13,consultationDesign3,consultationDesign3,"External Stakeholders (Civil Society, Academia, Industry, etc.)","External Stakeholders (Civil Society, Academia, Industry, etc.)",1.0
0.9.1,0.9,72,unchanged,mitigation,Consultation,13,consultationDesign4,consultationDesign4,Which External Stakeholders will you be engaging?,Which External Stakeholders will you be engaging?,1.0
0.9.1,0.9,73,unchanged,mitigation,Data quality,15,dataQualityDesign1,dataQualityDesign1,"Will you have documented processes in place to test datasets against biases and other unexpected outcomes? This could include experience in applying frameworks, methods, guidelines or other assessment tools.","Will you have documented processes in place to test datasets against biases and other unexpected outcomes? This could include experience in applying frameworks, methods, guidelines or other assessment tools.",1.0
0.9.1,0.9,74,unchanged,mitigation,Data quality,15,dataQualityDesign4,dataQualityDesign4,Will you be making this information publicly available?,Will you be making this information publicly available?,1.0
0.9.1,0.9,75,unchanged,mitigation,Data quality,15,dataQualityDesign6,dataQualityDesign6,Will you be making this information publicly available?,Will you be making this information publicly available?,1.0
0.9.1,0.9,76,unchanged,mitigation,Data quality,15,dataQualityDesign9,dataQualityDesign9,Will you be making this information publicly available?,Will you be making this information publicly available?,1.0
0.9.1,0.9,77,unchanged,mitigation,Data quality,16,dataQualityImplementation2,dataQualityImplementation2,Is this information publicly available?,Is this information publicly available?,1.0
0.9.1,0.9,80,unchanged,mitigation,Data quality,15,dataQualityDesign2,dataQualityDesign2,Will you be making this information publicly available?,Will you be making this information publicly available?,1.0
0.9.1,0.9,81,unchanged,mitigation,Privacy,20,privacyDesign1,privacyDesign1,"If your system involves the use of personal information, will you undertake or have you undertaken a Privacy Impact Assessment, or updated an existing one?","If your system involves the use of personal information, will you undertake or have you undertaken a Privacy Impact Assessment, or updated an existing one?",1.0
0.9.1,0.9,83,unchanged,mitigation,Procedural fairness,17,fairnessDesign13,fairnessDesign13,Will there be a recourse process planned or established for clients that wish to challenge the decision?,Will there be a recourse process planned or established for clients that wish to challenge the decision?,1.0
0.9.1,0.9,85,unchanged,mitigation,Procedural fairness,17,fairnessDesign15,fairnessDesign15,Will there be a process in place to log the instances when overrides were performed?,Will there be a process in place to log the instances when overrides were performed?,1.0
0.9.1,0.9,86,unchanged,mitigation,Procedural fairness,17,fairnessDesign16,fairnessDesign16,Will the audit trail include change control processes to record modifications to the system's operation or performance?,Will the audit trail include change control processes to record modifications to the system's operation or performance?,1.0
0.9.1,0.9,87,unchanged,mitigation,Procedural fairness,17,fairnessDesign17,fairnessDesign17,Will you be preparing a concept case to the Government of Canada Enterprise Architecture Review Board?,Will you be preparing a concept case to the Government of Canada Enterprise Architecture Review Board?,1.0
0.9.1,0.9,88,unchanged,raw,,19,aboutDataSource9,aboutDataSource9,Have you verified that the use of personal information is limited to only what is directly related to delivering a program or service?,Have you verified that the use of personal information is limited to only what is directly related to delivering a program or service?,1.0
0.9.1,0.9,89,unchanged,raw,,19,aboutDataSource10,aboutDataSource10,Is the personal information of individuals being used in a decision-making process that directly affects those individuals?,Is the personal information of individuals being used in a decision-making process that directly affects those individuals?,1.0
0.9.1,0.9,90,unchanged,raw,,19,aboutDataSource11,aboutDataSource11,Have you verified if the system is using personal information in a way that is consistent with: (a) the current Personal Information Banks (PIBs) and Privacy Impact Assessments (PIAs) of your programs or (b) planned or implemented modifications to the PIBs or PIAs that take new uses and processes into account?,Have you verified if the system is using personal information in a way that is consistent with: (a) the current Personal Information Banks (PIBs) and Privacy Impact Assessments (PIAs) of your programs or (b) planned or implemented modifications to the PIBs or PIAs that take new uses and processes into account?,1.0
0.9.1,0.9,91,unchanged,mitigation,Consultation,13,consultationDesign2-other,consultationDesign2-other,Please describe,Please describe,1.0
0.9.1,0.9,92,unchanged,mitigation,Consultation,13,consultationDesign4-other,consultationDesign4-other,Please describe,Please describe,1.0
0.9.1,0.9,93,unchanged,mitigation,Privacy,20,privacyDesign3,privacyDesign3,"Will information be used within a closed system (i.e. no connections to the Internet, Intranet or any other system)?","Will information be used within a closed system (i.e. no connections to the Internet, Intranet or any other system)?",1.0
0.9.1,0.9,94,unchanged,mitigation,Privacy,20,privacyDesign4,privacyDesign4,"If the sharing of personal information is involved, has an agreement or arrangement with appropriate safeguards been established?","If the sharing of personal information is involved, has an agreement or arrangement with appropriate safeguards been established?",1.0
0.9.1,0.9,239,unchanged,mitigation,Privacy,20,privacyDesign2,privacyDesign2,Will you design and build security and privacy into your systems from the concept stage of the project?,Will you design and build security and privacy into your systems from the concept stage of the project?,1.0
0.9.1,0.9,241,unchanged,mitigation,Procedural fairness,17,fairnessDesign9,fairnessDesign9,Will the audit trail show who the authorized decision-maker is?,Will the audit trail show who the authorized decision-maker is?,1.0
0.9.1,0.9,242,unchanged,mitigation,Procedural fairness,17,fairnessDesign2,fairnessDesign2,Will the system provide an audit trail that records all the recommendations or decisions made by the system?,Will the system provide an audit trail that records all the recommendations or decisions made by the system?,1.0
0.9.1,0.9,243,unchanged,mitigation,Procedural fairness,17,fairnessDesign3,fairnessDesign3,Will all key decision points be identifiable in the audit trail?,Will all key decision points be identifiable in the audit trail?,1.0
0.9.1,0.9,244,unchanged,mitigation,Procedural fairness,18,fairnessImplementation6,fairnessImplementation6,Does the system's audit trail indicate all of the decision points made by the system?,Does the system's audit trail indicate all of the decision points made by the system?,1.0
0.10.0,0.9.1,1,unchanged,none,,1,projectDetailsRespondent,projectDetailsRespondent,Name of Respondent,Name of Respondent,1.0
0.10.0,0.9.1,2,unchanged,none,,1,projectDetailsJob,projectDetailsJob,Job Title,Job Title,1.0
0.10.0,0.9.1,3,unchanged,none,,1,projectDetailsDepartment-NS,projectDetailsDepartment-NS,Department,Department,1.0
0.10.0,0.9.1,4,unchanged,none,,1,projectDetailsBranch,projectDetailsBranch,Branch,Branch,1.0
0.10.0,0.9.1,5,unchanged,none,,1,projectDetailsTitle,projectDetailsTitle,Project Title,Project Title,1.0
0.10.0,0.9.1,6,unchanged,none,,1,projectDetailsDescription,projectDetailsDescription,Please provide a project description:,Please provide a project description:,1.0
0.10.0,0.9.1,7,unchanged,raw,,2,businessDrivers1,businessDrivers1,What is motivating your team to introduce automation into this decision-making process? (Check all that apply),What is motivating your team to introduce automation into this decision-making process? (Check all that apply),1.0
0.10.0,0.9.1,8,unchanged,raw,,2,motivation-other,motivation-other,Please describe,Please describe,1.0
0.10.0,0.9.1,9,unchanged,none,,11,aboutSystem1,aboutSystem1,Please check which of the following capabilities apply to your system.,Please check which of the following capabilities apply to your system.,1.0
0.10.0,0.9.1,10,unchanged,none,,11,aboutSystem2,aboutSystem2,Please describe,Please describe,1.0
0.10.0,0.9.1,11,scoring changed,raw,,4,decisionSector1,decisionSector1,Does the decision pertain to any of the categories below (check all that apply):,Does the decision pertain to any of the categories below (check all that apply):,1.0
0.10.0,0.9.1,12,unchanged,raw,,4,decisionSector2,decisionSector2,Please describe,Please describe,1.0
0.10.0,0.9.1,15,unchanged,raw,,5,impact5,impact5,Is the system used by a different part of the organization than the ones who developed it?,Is the system used by a different part of the organization than the ones who developed it?,1.0
0.10.0,0.9.1,16,unchanged,raw,,5,impact6,impact6,Are the impacts resulting from the decision reversible?,Are the impacts resulting from the decision reversible?,1.0
0.10.0,0.9.1,17,unchanged,raw,,5,impact7,impact7,How long will impacts from the decision last?,How long will impacts from the decision last?,1.0
0.10.0,0.9.1,18,unchanged,raw,,5,impact8,impact8,Please describe why the impacts resulting from the decision are as per selected option above.,Please describe why the impacts resulting from the decision are as per selected option above.,1.0
0.10.0,0.9.1,19,unchanged,raw,,5,impact9,impact9,The impacts that the decision will have on the rights or freedoms of individuals will likely be:,The impacts that the decision will have on the rights or freedoms of individuals will likely be:,1.0
0.10.0,0.9.1,20,unchanged,raw,,5,impact10,impact10,Please describe why the impacts resulting from the decision are (as per selected option above).,Please describe why the impacts resulting from the decision are as per selected option above.,1.0
0.10.0,0.9.1,21,reworded,raw,,5,impact11,impact24,The impacts that the decision will have on the health and well-being of individuals will likely be:,"The impacts that the decision will have on the equality, dignity, privacy, and autonomy of individuals will likely be:",0.821
0.10.0,0.9.1,22,unchanged,raw,,5,impact12,impact25,Please describe why the impacts resulting from the decision are (as per selected option above),Please describe why the impacts resulting from the decision are as per selected option above.,1.0
0.10.0,0.9.1,23,reworded,raw,,5,impact13,impact11,The impacts that the decision will have on the economic interests of individuals will likely be:,The impacts that the decision will have on the health and well-being of individuals will likely be:,0.85
0.10.0,0.9.1,24,unchanged,raw,,5,impact14,impact12,Please describe why the impacts resulting from the decision are (as per selected option above),Please describe why the impacts resulting from the decision are as per selected option above.,1.0
0.10.0,0.9.1,25,unchanged,raw,,5,impact15,impact15,"The impacts that the decision will have on the ongoing sustainability of an environmental ecosystem, will likely be:","The impacts that the decision will have on the ongoing sustainability of an environmental ecosystem, will likely be:",1.0
0.10.0,0.9.1,26,unchanged,raw,,5,impact16,impact14,Please describe why the impacts resulting from the decision are (as per selected option above),Please describe why the impacts resulting from the decision are as per selected option above.,1.0
0.10.0,0.9.1,27,unchanged,raw,,19,aboutDataSource1,aboutDataSource1,Will the Automated Decision System use personal information as input data?,Will the Automated Decision System use personal information as input data?,1.0
0.10.0,0.9.1,28,unchanged,raw,,19,aboutDataSource2,aboutDataSource2,What is the highest security classification of the input data used by the system? (Select one),What is the highest security classification of the input data used by the system? (Select one),1.0
0.10.0,0.9.1,29,unchanged,raw,,19,aboutDataSource3,aboutDataSource3,Who controls the data?,Who controls the data?,1.0
0.10.0,0.9.1,30,unchanged,raw,,19,aboutDataSource4,aboutDataSource4,Will the system use data from multiple different sources?,Will the system use data from multiple different sources?,1.0
0.10.0,0.9.1,31,unchanged,raw,,19,aboutDataSource5,aboutDataSource5,"Will the system require input data from an Internet- or telephony-connected device? (e.g. Internet of Things, sensor)","Will the system require input data from an Internet- or telephony-connected device? (e.g. Internet of Things, sensor)",1.0
0.10.0,0.9.1,32,unchanged,raw,,19,aboutDataSource6,aboutDataSource6,Will the system interface with other IT systems?,Will the system interface with other IT systems?,1.0
0.10.0,0.9.1,33,unchanged,raw,,19,aboutDataSource7,aboutDataSource7,Who collected the data used for training the system?,Who collected the data used for training the system?,1.0
0.10.0,0.9.1,34,unchanged,raw,,19,aboutDataSource8,aboutDataSource8,Who collected the input data used by the system?,Who collected the input data used by the system?,1.0
0.10.0,0.9.1,35,unchanged,raw,,19,aboutDataType1,aboutDataType1,Will the system require the analysis of unstructured data to render a recommendation or a decision?,Will the system require the analysis of unstructured data to render a recommendation or a decision?,1.0
0.10.0,0.9.1,36,unchanged,raw,,19,aboutDataType2,aboutDataType2,What types of unstructured data? (Check all that apply),What types of unstructured data? (Check all that apply),1.0
0.10.0,0.9.1,38,unchanged,mitigation,Data quality,15,dataQualityDesign3,dataQualityDesign3,Will you be developing a process to document how data quality issues were resolved during the design process?,Will you be developing a process to document how data quality issues were resolved during the design process?,1.0
0.10.0,0.9.1,39,unchanged,mitigation,Data quality,15,dataQualityDesign5,dataQualityDesign5,Will you undertake a Gender Based Analysis Plus of the data?,Will you undertake a Gender Based Analysis Plus of the data?,1.0
0.10.0,0.9.1,40,unchanged,mitigation,Data quality,15,dataQualityDesign7,dataQualityDesign7,"Have you assigned accountability in your institution for the design, development, maintenance, and improvement of the system?","Have you assigned accountability in your institution for the design, development, maintenance, and improvement of the system?",1.0
0.10.0,0.9.1,41,unchanged,mitigation,Data quality,15,dataQualityDesign8,dataQualityDesign8,Will you have a documented process to manage the risk that outdated or unreliable data is used to make an automated decision?,Will you have a documented process to manage the risk that outdated or unreliable data is used to make an automated decision?,1.0
0.10.0,0.9.1,42,unchanged,mitigation,Data quality,15,dataQualityDesign10,dataQualityDesign10,Will the data used for this system be posted on the Open Government Portal?,Will the data used for this system be posted on the Open Government Portal?,1.0
0.10.0,0.9.1,43,unchanged,mitigation,Procedural fairness,17,fairnessDesign1,fairnessDesign1,Will the audit trail identify the authority or delegated authority identified in legislation?,Will the audit trail identify the authority or delegated authority identified in legislation?,1.0
0.10.0,0.9.1,44,unchanged,mitigation,Procedural fairness,17,fairnessDesign5,fairnessDesign5,Will you maintain a log detailing all of the changes made to the model and the system?,Will you maintain a log detailing all of the changes made to the model and the system?,1.0
0.10.0,0.9.1,45,unchanged,mitigation,Procedural fairness,17,fairnessDesign6,fairnessDesign6,Will the audit trail clearly set out all decision points made by the system?,Will the audit trail clearly set out all decision points made by the system?,1.0
0.10.0,0.9.1,46,unchanged,mitigation,Procedural fairness,17,fairnessDesign4,fairnessDesign4,"Will all key decision points within the automated system's logic be linked to the relevant legislation, policy or procedure?","Will all key decision points within the automated system's logic be linked to the relevant legislation, policy or procedure?",1.0
0.10.0,0.9.1,48,unchanged,mitigation,Procedural fairness,17,fairnessDesign11,fairnessDesign11,"Will there be a process in place to grant, monitor, and revoke access permission to the system?","Will there be a process in place to grant, monitor, and revoke access permission to the system?",1.0
0.10.0,0.9.1,49,unchanged,mitigation,Procedural fairness,17,fairnessDesign7,fairnessDesign7,Could the audit trail generated by the system be used to help generate a notification of the decision (including a statement of reasons or other notification) where required?,Could the audit trail generated by the system be used to help generate a notification of the decision (including a statement of reasons or other notification) where required?,1.0
0.10.0,0.9.1,50,unchanged,mitigation,Procedural fairness,17,fairnessDesign8,fairnessDesign8,Will the audit trail identify precisely which version of the system was used for each decision it supports?,Will the audit trail identify precisely which version of the system was used for each decision it supports?,1.0
0.10.0,0.9.1,51,unchanged,mitigation,Procedural fairness,17,fairnessDesign14,fairnessDesign14,Will the system enable human override of system decisions?,Will the system enable human override of system decisions?,1.0
0.10.0,0.9.1,52,unchanged,mitigation,Procedural fairness,17,fairnessDesign10,fairnessDesign10,Will the system be able to produce reasons for its decisions or recommendations when required?,Will the system be able to produce reasons for its decisions or recommendations when required?,1.0
0.10.0,0.9.1,54,unchanged,mitigation,Procedural fairness,17,fairnessDesign12,fairnessDesign12,Will there be a mechanism to capture feedback by users of the system?,Will there be a mechanism to capture feedback by users of the system?,1.0
0.10.0,0.9.1,55,reworded,raw,,5,impact3,impact3,Will the system be replacing human decisions that require judgement or discretion?,Will the system be making decisions or assessments that require judgement or discretion?,0.833
0.10.0,0.9.1,56,removed,raw,,5,impact4,,Please describe the decision(s) that will be automated,,
0.10.0,0.9.1,57,unchanged,none,,1,projectDetailsID,projectDetailsID,Project ID from IT Plan,Project ID from IT Plan,1.0
0.10.0,0.9.1,58,unchanged,none,,1,projectDetailsProgram,projectDetailsProgram,Departmental Program (from Department Results Framework),Departmental Program (from Department Results Framework),1.0
0.10.0,0.9.1,59,unchanged,none,,1,projectDetailsPhase,projectDetailsPhase,Project Phase,Project Phase,1.0
0.10.0,0.9.1,60,unchanged,raw,,9,riskProfile1,riskProfile1,Is the project within an area of intense public scrutiny (e.g. because of privacy concerns) and/or frequent litigation?,Is the project within an area of intense public scrutiny (e.g. because of privacy concerns) and/or frequent litigation?,1.0
0.10.0,0.9.1,61,unchanged,raw,,9,riskProfile2,riskProfile2,Are clients in this line of business particularly vulnerable?,Are clients in this line of business particularly vulnerable?,1.0
0.10.0,0.9.1,62,unchanged,raw,,9,riskProfile3,riskProfile3,Are stakes of the decisions very high?,Are stakes of the decisions very high?,1.0
0.10.0,0.9.1,63,unchanged,raw,,9,riskProfile4,riskProfile4,"Will this project have major impacts on staff, either in terms of their numbers or their roles?","Will this project have major impacts on staff, either in terms of their numbers or their roles?",1.0
0.10.0,0.9.1,64,unchanged,raw,,10,projectAuthority1,projectAuthority1,Will you require new policy authority for this project?,Will you require new policy authority for this project?,1.0
0.10.0,0.9.1,65,unchanged,raw,,12,aboutAlgorithm1,aboutAlgorithm1,The algorithm used will be a (trade) secret,The algorithm used will be a (trade) secret,1.0
0.10.0,0.9.1,66,unchanged,raw,,12,aboutAlgorithm2,aboutAlgorithm2,The algorithmic process will be difficult to interpret or to explain,The algorithmic process will be difficult to interpret or to explain,1.0
0.10.0,0.9.1,67,removed,raw,,5,impact1,,Will the system only be used to assist a decision-maker?,,
0.10.0,0.9.1,68,removed,raw,,5,impact2,,Will the system be replacing a decision that would otherwise be made by a human?,,
0.10.0,0.9.1,69,reworded,mitigation,Consultation,13,consultationDesign1,consultationDesign1,"Internal Stakeholders (Strategic Policy and Planning, Data Governance, Program Policy, etc.)","Internal Stakeholders (federal institutions, including the federal public service)",0.545
0.10.0,0.9.1,70,scoring changed,mitigation,Consultation,13,consultationDesign2,consultationDesign2,Which Internal Stakeholders will you be engaging?,Which Internal Stakeholders will you be engaging?,1.0
0.10.0,0.9.1,71,reworded,mitigation,Consultation,13,consultationDesign3,consultationDesign3,"External Stakeholders (Civil Society, Academia, Industry, etc.)",External Stakeholders (groups in other sectors or jurisdictions),0.471
0.10.0,0.9.1,72,scoring changed,mitigation,Consultation,13,consultationDesign4,consultationDesign4,Which External Stakeholders will you be engaging?,Which External Stakeholders will you be engaging?,1.0
0.10.0,0.9.1,73,unchanged,mitigation,Data quality,15,dataQualityDesign1,dataQualityDesign1,"Will you have documented processes in place to test datasets against biases and other unexpected outcomes? This could include experience in applying frameworks, methods, guidelines or other assessment tools.","Will you have documented processes in place to test datasets against biases and other unexpected outcomes? This could include experience in applying frameworks, methods, guidelines or other assessment tools.",1.0
0.10.0,0.9.1,74,unchanged,mitigation,Data quality,15,dataQualityDesign4,dataQualityDesign4,Will you be making this information publicly available?,Will you be making this information publicly available?,1.0
0.10.0,0.9.1,75,unchanged,mitigation,Data quality,15,dataQualityDesign6,dataQualityDesign6,Will you be making this information publicly available?,Will you be making this information publicly available?,1.0
0.10.0,0.9.1,76,unchanged,mitigation,Data quality,15,dataQualityDesign9,dataQualityDesign9,Will you be making this information publicly available?,Will you be making this information publicly available?,1.0
0.10.0,0.9.1,77,unchanged,mitigation,Data quality,16,dataQualityImplementation2,dataQualityImplementation2,Is this information publicly available?,Is this information publicly available?,1.0
0.10.0,0.9.1,80,unchanged,mitigation,Data quality,15,dataQualityDesign2,dataQualityDesign2,Will you be making this information publicly available?,Will you be making this information publicly available?,1.0
0.10.0,0.9.1,81,reworded,mitigation,Privacy,20,privacyDesign1,privacyDesign1,"If your system involves the use of personal information, will you undertake or have you undertaken a Privacy Impact Assessment, or updated an existing one?","If your system uses or creates personal information, will you undertake or have you undertaken a Privacy Impact Assessment, or updated an existing one?",0.927
0.10.0,0.9.1,83,unchanged,mitigation,Procedural fairness,17,fairnessDesign13,fairnessDesign13,Will there be a recourse process planned or established for clients that wish to challenge the decision?,Will there be a recourse process planned or established for clients that wish to challenge the decision?,1.0
0.10.0,0.9.1,85,unchanged,mitigation,Procedural fairness,17,fairnessDesign15,fairnessDesign15,Will there be a process in place to log the instances when overrides were performed?,Will there be a process in place to log the instances when overrides were performed?,1.0
0.10.0,0.9.1,86,unchanged,mitigation,Procedural fairness,17,fairnessDesign16,fairnessDesign16,Will the audit trail include change control processes to record modifications to the system's operation or performance?,Will the audit trail include change control processes to record modifications to the system's operation or performance?,1.0
0.10.0,0.9.1,87,unchanged,mitigation,Procedural fairness,17,fairnessDesign17,fairnessDesign17,Will you be preparing a concept case to the Government of Canada Enterprise Architecture Review Board?,Will you be preparing a concept case to the Government of Canada Enterprise Architecture Review Board?,1.0
0.10.0,0.9.1,88,unchanged,raw,,19,aboutDataSource9,aboutDataSource9,Have you verified that the use of personal information is limited to only what is directly related to delivering a program or service?,Have you verified that the use of personal information is limited to only what is directly related to delivering a program or service?,1.0
0.10.0,0.9.1,89,unchanged,raw,,19,aboutDataSource10,aboutDataSource10,Is the personal information of individuals being used in a decision-making process that directly affects those individuals?,Is the personal information of individuals being used in a decision-making process that directly affects those individuals?,1.0
0.10.0,0.9.1,90,unchanged,raw,,19,aboutDataSource11,aboutDataSource11,Have you verified if the system is using personal information in a way that is consistent with: (a) the current Personal Information Banks (PIBs) and Privacy Impact Assessments (PIAs) of your programs or (b) planned or implemented modifications to the PIBs or PIAs that take new uses and processes into account?,Have you verified if the system is using personal information in a way that is consistent with: (a) the current Personal Information Banks (PIBs) and Privacy Impact Assessments (PIAs) of your programs or (b) planned or implemented modifications to the PIBs or PIAs that take new uses and processes into account?,1.0
0.10.0,0.9.1,91,unchanged,mitigation,Consultation,13,consultationDesign2-other,consultationDesign2-other,Please describe,Please describe,1.0
0.10.0,0.9.1,92,unchanged,mitigation,Consultation,13,consultationDesign4-other,consultationDesign4-other,Please describe,Please describe,1.0
0.10.0,0.9.1,93,unchanged,mitigation,Privacy,20,privacyDesign3,privacyDesign3,"Will information be used within a closed system (i.e. no connections to the Internet, Intranet or any other system)?","Will information be used within a closed system (i.e. no connections to the Internet, Intranet or any other system)?",1.0
0.10.0,0.9.1,94,unchanged,mitigation,Privacy,20,privacyDesign4,privacyDesign4,"If the sharing of personal information is involved, has an agreement or arrangement with appropriate safeguards been established?","If the sharing of personal information is involved, has an agreement or arrangement with appropriate safeguards been established?",1.0
0.10.0,0.9.1,95,added,raw,,2,,businessDrivers3,,"What client needs will the system address and how will this system meet them? If possible, describe how client needs have been identified.",
0.10.0,0.9.1,96,added,raw,,2,,businessDrivers4,,Please describe any public benefits the system is expected to have.,
0.10.0,0.9.1,97,added,raw,,2,,businessDrivers5,,How effective will the system likely be in meeting client needs?,
0.10.0,0.9.1,98,added,raw,,2,,businessDrivers6,,"Please describe any improvements, benefits, or advantages you expect from using an automated system. This could include relevant program indicators and performance targets.",
0.10.0,0.9.1,99,added,raw,,2,,businessDrivers7,,Please describe how you will ensure that the system is confined to addressing the client needs identified above.,
0.10.0,0.9.1,100,added,raw,,2,,businessDrivers8,,Please describe any trade-offs between client interests and program objectives that you have considered during the design of the project.,
0.10.0,0.9.1,101,added,raw,,2,,businessDrivers9,,Have alternative non-automated processes been considered?,
0.10.0,0.9.1,102,added,raw,,2,,businessDrivers10,,"If non-automated processes were considered, why was automation identified as the preferred option?",
0.10.0,0.9.1,103,added,raw,,2,,businessDrivers11,,What would be the consequence of not deploying the system?,
0.10.0,0.9.1,104,added,raw,,2,,businessDrivers12,,Please describe,
0.10.0,0.9.1,105,added,raw,,9,,riskProfile5,,Will the use of the system create or exacerbate barriers for persons with disabilities?,
0.10.0,0.9.1,106,added,raw,,9,,riskProfile6,,"If yes, please describe the barriers and any planned or existing measures to identify, remove, and/or prevent them.",
0.10.0,0.9.1,107,added,raw,,4,,decisionSector3,,Please describe the decision(s) that will be automated.,
0.10.0,0.9.1,108,added,raw,,5,,impact30,,Which of the following best describes the type of automation you are planning?,
0.10.0,0.9.1,109,added,raw,,5,,impact31,,Please describe the role of the system in the decision-making process.,
0.10.0,0.9.1,110,added,raw,,5,,impact20,,Please describe the criteria used to evaluate client data and the operations applied to process it.,
0.10.0,0.9.1,111,added,raw,,5,,impact21,,Please describe the output produced by the system and any relevant information needed to interpret it in the context of the administrative decision.,
0.10.0,0.9.1,112,added,raw,,5,,impact22,,Will the system perform an assessment or other operation that would not otherwise be completed by a human?,
0.10.0,0.9.1,113,added,raw,,5,,impact23,,"If yes, please describe the relevant function(s) of the system.",
0.10.0,0.9.1,115,added,raw,,5,,impact16,,Please describe why the impacts resulting from the decision are as per selected option above.,
0.10.0,0.9.1,116,added,raw,,19,,aboutDataSource12,,Please list relevant PIB Bank Numbers.,
0.10.0,0.9.1,117,added,raw,,19,,aboutDataSource13,,"Please describe the input data collected and used by the system, its source, and method of collection.",
0.10.0,0.9.1,118,added,mitigation,Privacy,20,,privacyDesign5,,Please indicate the following in your answer: Title and scope of the Privacy Impact Assessment; How the automation project fits into the program; and Date of Privacy Impact Assessment completion or modification.,
0.10.0,0.9.1,119,added,mitigation,Privacy,20,,privacyDesign6,,Have you undertaken other types of privacy assessments for your automation project?  Please describe any relevant efforts.,
0.10.0,0.9.1,120,added,mitigation,Privacy,20,,privacyDesign7,,Will you de-identify any personal information used or created by the system at any point in the lifecycle?,
0.10.0,0.9.1,121,added,mitigation,Privacy,20,,privacyDesign8,,Please describe your de-identification method(s).,
0.10.0,0.9.1,239,unchanged,mitigation,Privacy,20,privacyDesign2,privacyDesign2,Will you design and build security and privacy into your systems from the concept stage of the project?,Will you design and build security and privacy into your systems from the concept stage of the project?,1.0
0.10.0,0.9.1,241,unchanged,mitigation,Procedural fairness,17,fairnessDesign9,fairnessDesign9,Will the audit trail show who the authorized decision-maker is?,Will the audit trail show who the authorized decision-maker is?,1.0
0.10.0,0.9.1,242,unchanged,mitigation,Procedural fairness,17,fairnessDesign2,fairnessDesign2,Will the system provide an audit trail that records all the recommendations or decisions made by the system?,Will the system provide an audit trail that records all the recommendations or decisions made by the system?,1.0
0.10.0,0.9.1,243,unchanged,mitigation,Procedural fairness,17,fairnessDesign3,fairnessDesign3,Will all key decision points be identifiable in the audit trail?,Will all key decision points be identifiable in the audit trail?,1.0
0.10.0,0.9.1,244,unchanged,mitigation,Procedural fairness,18,fairnessImplementation6,fairnessImplementation6,Does the system's audit trail indicate all of the decision points made by the system?,Does the system's audit trail indicate all of the decision points made by the system?,1.0
0.10.0,0.9.1,245,added,raw,,5,,impact13,,The impacts that the decision will have on the economic interests of individuals will likely be:,
1.0.0,0.10.0,1,unchanged,none,,1,projectDetailsRespondent,projectDetailsRespondent,Name of Respondent,Name of Respondent,1.0
1.0.0,0.10.0,2,unchanged,none,,1,projectDetailsJob,projectDetailsJob,Job Title,Job Title,1.0
1.0.0,0.10.0,3,unchanged,none,,1,projectDetailsDepartment-NS,projectDetailsDepartment-NS,Department,Department,1.0
1.0.0,0.10.0,4,unchanged,none,,1,projectDetailsBranch,projectDetailsBranch,Branch,Branch,1.0
1.0.0,0.10.0,5,unchanged,none,,1,projectDetailsTitle,projectDetailsTitle,Project Title,Project Title,1.0
1.0.0,0.10.0,6,reworded,none,,1,projectDetailsDescription,projectDetailsDescription,Please provide a project description:,Provide a project description:,0.892
1.0.0,0.10.0,7,scoring changed,raw,,2,businessDrivers1,businessDrivers1,What is motivating your team to introduce automation into this decision-making process? (Check all that apply),What is motivating your team to introduce automation into this decision-making process? (Check all that apply),1.0
1.0.0,0.10.0,8,unchanged,raw,,2,motivation-other,motivation-other,Please describe,Please describe,1.0
1.0.0,0.10.0,9,reworded,raw,,11,aboutSystem1,aboutSystem1,Please check which of the following capabilities apply to your system.,Check which of the following capabilities apply to your system.,0.947
1.0.0,0.10.0,10,reworded,raw,,11,aboutSystem2,aboutSystem2,Please describe,Describe,0.696
1.0.0,0.10.0,11,reworded,raw,,4,decisionSector1,decisionSector1,Does the decision pertain to any of the categories below (check all that apply):,Does the decision pertain to any of the categories below (check all that apply). Note that the examples in brackets are not exhaustive.,0.74
1.0.0,0.10.0,12,removed,raw,,4,decisionSector2,,Please describe,,
1.0.0,0.10.0,15,scoring changed,raw,,5,impact5,impact5,Is the system used by a different part of the organization than the ones who developed it?,Is the system used by a different part of the organization than the ones who developed it?,1.0
1.0.0,0.10.0,16,unchanged,raw,,5,impact6,impact6,Are the impacts resulting from the decision reversible?,Are the impacts resulting from the decision reversible?,1.0
1.0.0,0.10.0,17,reworded,raw,,5,impact7,impact7,How long will impacts from the decision last?,How long could impacts from the decision last?,0.921
1.0.0,0.10.0,18,reworded,raw,,5,impact8,impact8,Please describe why the impacts resulting from the decision are as per selected option above.,"Describe why the impacts resulting from the decision are as selected, including potential risks identified and mitigations in place.",0.694
1.0.0,0.10.0,19,reworded,raw,,5,impact9,impact9,The impacts that the decision will have on the rights or freedoms of individuals will likely be:,The impacts that the decision could have on the rights or freedoms of individuals may be:,0.896
1.0.0,0.10.0,20,reworded,raw,,5,impact10,impact10,Please describe why the impacts resulting from the decision are as per selected option above.,"Describe how this impact level was determined. Include which human rights frameworks were assessed, potential risk that were identified and mitigations put in place.",0.394
1.0.0,0.10.0,21,reworded,raw,,5,impact24,impact24,"The impacts that the decision will have on the equality, dignity, privacy, and autonomy of individuals will likely be:","The impacts that the decision could have on the equality, dignity, privacy, and autonomy of individuals may be:",0.914
1.0.0,0.10.0,22,reworded,raw,,5,impact25,impact25,Please describe why the impacts resulting from the decision are as per selected option above.,"Describe why the impacts resulting from the decision are as selected, including potential risks identified and mitigations in place.",0.694
1.0.0,0.10.0,23,reworded,raw,,5,impact11,impact11,The impacts that the decision will have on the health and well-being of individuals will likely be:,The impacts that the decision could have on the health and well-being of individuals may be:,0.899
1.0.0,0.10.0,24,reworded,raw,,5,impact12,impact12,Please describe why the impacts resulting from the decision are as per selected option above.,"Describe why the impacts resulting from the decision are as selected, including potential risks identified and mitigations in place.",0.694
1.0.0,0.10.0,25,reworded,raw,,5,impact15,impact15,"The impacts that the decision will have on the ongoing sustainability of an environmental ecosystem, will likely be:","The impacts that the decision could have on the ongoing sustainability of an environmental ecosystem, may be:",0.914
1.0.0,0.10.0,26,reworded,raw,,5,impact14,impact14,Please describe why the impacts resulting from the decision are as per selected option above.,"Describe why the impacts resulting from the decision are as selected, including potential risks identified and mitigations in place.",0.694
1.0.0,0.10.0,27,reworded,raw,,19,aboutDataSource1,aboutDataSource1,Will the Automated Decision System use personal information as input data?,Will the system use personal information as input data?,0.85
1.0.0,0.10.0,28,scoring changed,raw,,19,aboutDataSource2,aboutDataSource2,What is the highest security classification of the input data used by the system? (Select one),What is the highest security classification of the input data used by the system? (Select one),1.0
1.0.0,0.10.0,29,scoring changed,raw,,19,aboutDataSource3,aboutDataSource3,Who controls the data?,Who controls the data?,1.0
1.0.0,0.10.0,30,scoring changed,raw,,19,aboutDataSource4,aboutDataSource4,Will the system use data from multiple different sources?,Will the system use data from multiple different sources?,1.0
1.0.0,0.10.0,31,reworded,raw,,19,aboutDataSource5,aboutDataSource5,"Will the system require input data from an Internet- or telephony-connected device? (e.g. Internet of Things, sensor)","Will the system require input data from a network-connected device? (such as Internet of Things, sensor)",0.872
1.0.0,0.10.0,32,unchanged,raw,,19,aboutDataSource6,aboutDataSource6,Will the system interface with other IT systems?,Will the system interface with other IT systems?,1.0
1.0.0,0.10.0,33,unchanged,raw,,19,aboutDataSource7,aboutDataSource7,Who collected the data used for training the system?,Who collected the data used for training the system?,1.0
1.0.0,0.10.0,34,unchanged,raw,,19,aboutDataSource8,aboutDataSource8,Who collected the input data used by the system?,Who collected the input data used by the system?,1.0
1.0.0,0.10.0,35,reworded,raw,,19,aboutDataType1,aboutDataSourceType1,Will the system require the analysis of unstructured data to render a recommendation or a decision?,"Will the system require the analysis of unstructured data to make an assessment, recommendation or decision?",0.882
1.0.0,0.10.0,36,unchanged,raw,,19,aboutDataType2,aboutDataSourceType2,What types of unstructured data? (Check all that apply),What types of unstructured data? (Check all that apply),1.0
1.0.0,0.10.0,38,unchanged,mitigation,Data quality,15,dataQualityDesign3,dataQualityDesign3,Will you be developing a process to document how data quality issues were resolved during the design process?,Will you be developing a process to document how data quality issues were resolved during the design process?,1.0
1.0.0,0.10.0,39,reworded,mitigation,Data quality,15,dataQualityDesign5,dataQualityDesign5,Will you undertake a Gender Based Analysis Plus of the data?,Will you undertake a Gender Based Analysis Plus (GBA Plus) of the data?,0.929
1.0.0,0.10.0,40,reworded,raw,,11,dataQualityDesign7,aboutSystem6,"Have you assigned accountability in your institution for the design, development, maintenance, and improvement of the system?","Have you assigned accountability in your institution for the design, development, and maintenance, of the system?",0.913
1.0.0,0.10.0,41,reworded,mitigation,Data quality,15,dataQualityDesign8,dataQualityDesign8,Will you have a documented process to manage the risk that outdated or unreliable data is used to make an automated decision?,"Will you have a documented process to manage the risk that low quality, outdated or unreliable data is used to make an automated decision?",0.954
1.0.0,0.10.0,42,unchanged,mitigation,Data quality,15,dataQualityDesign10,dataQualityDesign10,Will the data used for this system be posted on the Open Government Portal?,Will the data used for this system be posted on the Open Government Portal?,1.0
1.0.0,0.10.0,43,reworded,mitigation,Procedural fairness,17,fairnessDesign1,fairnessDesign1,Will the audit trail identify the authority or delegated authority identified in legislation?,Will the audit trail provide information to trace the chain of legislative authority for the decision and key decision points?,0.479
1.0.0,0.10.0,44,reworded,mitigation,Procedural fairness,17,fairnessDesign5,fairnessDesign2,Will you maintain a log detailing all of the changes made to the model and the system?,Will the audit trail capture all the recommendations or decisions made by the system?,0.521
1.0.0,0.10.0,45,reworded,mitigation,Procedural fairness,17,fairnessDesign6,fairnessDesign3,Will the audit trail clearly set out all decision points made by the system?,Will all key decision points be identifiable in the audit trail?,0.493
1.0.0,0.10.0,46,reworded,mitigation,Procedural fairness,17,fairnessDesign4,fairnessDesign1A,"Will all key decision points within the automated system's logic be linked to the relevant legislation, policy or procedure?","Will all key decision points in the automated system's logic be linked to the relevant legislation, policy or procedure?",0.983
1.0.0,0.10.0,48,reworded,raw,,11,fairnessDesign11,aboutSystem10A,"Will there be a process in place to grant, monitor, and revoke access permission to the system?","Is there a process in place to grant, monitor, and revoke access permission to the system?",0.961
1.0.0,0.10.0,49,reworded,mitigation,Procedural fairness,17,fairnessDesign7,fairnessDesign7,Could the audit trail generated by the system be used to help generate a notification of the decision (including a statement of reasons or other notification) where required?,Will the audit trail capture information that can be used to help generate an explanation of the decision where required?,0.632
1.0.0,0.10.0,50,unchanged,mitigation,Procedural fairness,17,fairnessDesign8,fairnessDesign8,Will the audit trail identify precisely which version of the system was used for each decision it supports?,Will the audit trail identify precisely which version of the system was used for each decision it supports?,1.0
1.0.0,0.10.0,51,reworded,mitigation,Procedural fairness,17,fairnessDesign14,fairnessDesign9,Will the system enable human override of system decisions?,Will the audit trail show who the authorized decision-maker is?,0.471
1.0.0,0.10.0,52,unchanged,mitigation,Procedural fairness,17,fairnessDesign10,fairnessDesign10,Will the system be able to produce reasons for its decisions or recommendations when required?,Will the system be able to produce reasons for its decisions or recommendations when required?,1.0
1.0.0,0.10.0,54,scoring changed,mitigation,Procedural fairness,17,fairnessDesign12,fairnessDesign12,Will there be a mechanism to capture feedback by users of the system?,Will there be a mechanism to capture feedback by users of the system?,1.0
1.0.0,0.10.0,55,reworded,raw,,5,impact3,impact3,Will the system be making decisions or assessments that require judgement or discretion?,Will the system be making decisions or assessments that require judgment or discretion?,0.994
1.0.0,0.10.0,57,unchanged,none,,1,projectDetailsID,projectDetailsID,Project ID from IT Plan,Project ID from IT Plan,1.0
1.0.0,0.10.0,58,reworded,none,,1,projectDetailsProgram,projectDetailsProgram,Departmental Program (from Department Results Framework),Departmental Program (from Departmental Results Framework),0.982
1.0.0,0.10.0,59,unchanged,none,,1,projectDetailsPhase,projectDetailsPhase,Project Phase,Project Phase,1.0
1.0.0,0.10.0,60,reworded,raw,,9,riskProfile1,riskProfile1,Is the project within an area of intense public scrutiny (e.g. because of privacy concerns) and/or frequent litigation?,"Is the project within an area of intense public scrutiny (for example, because of privacy concerns) and/or frequent litigation?",0.95
1.0.0,0.10.0,61,reworded,raw,,9,riskProfile2,riskProfile2,Are clients in this line of business particularly vulnerable?,Does the line of business serve equity denied groups?,0.5
1.0.0,0.10.0,62,reworded,raw,,9,riskProfile3,riskProfile3,Are stakes of the decisions very high?,Are there any population groups that the automated decision system should not be applied to?,0.406
1.0.0,0.10.0,63,scoring changed,raw,,5,riskProfile4,impact4A,"Will this project have major impacts on staff, either in terms of their numbers or their roles?","Will this project have major impacts on staff, either in terms of their numbers or their roles?",1.0
1.0.0,0.10.0,64,reworded,raw,,10,projectAuthority1,projectAuthority1,Will you require new policy authority for this project?,Will you require new policy or legal authority for this project?,0.923
1.0.0,0.10.0,65,scoring changed,raw,,12,aboutAlgorithm1,aboutAlgorithm1,The algorithm used will be a (trade) secret,The algorithm used will be a (trade) secret,1.0
1.0.0,0.10.0,66,unchanged,raw,,12,aboutAlgorithm2,aboutAlgorithm2,The algorithmic process will be difficult to interpret or to explain,The algorithmic process will be difficult to interpret or to explain,1.0
1.0.0,0.10.0,69,reworded,mitigation,Consultation,13,consultationDesign1,consultationDesign1,"Internal Stakeholders (federal institutions, including the federal public service)","Internal consultees or partners (federal institutions, including the federal public service).",0.869
1.0.0,0.10.0,70,reworded,mitigation,Consultation,13,consultationDesign2,consultationDesign2,Which Internal Stakeholders will you be engaging?,Which internal consultees or partners will you be engaging?,0.792
1.0.0,0.10.0,71,reworded,mitigation,Consultation,13,consultationDesign3,consultationDesign3,External Stakeholders (groups in other sectors or jurisdictions),External consultees or partners (groups in other sectors or jurisdictions).,0.836
1.0.0,0.10.0,72,reworded,mitigation,Consultation,13,consultationDesign4,consultationDesign4,Which External Stakeholders will you be engaging?,Which external consultees or partners will you be engaging?,0.792
1.0.0,0.10.0,73,reworded,mitigation,Data quality,15,dataQualityDesign1,dataQualityDesign1,"Will you have documented processes in place to test datasets against biases and other unexpected outcomes? This could include experience in applying frameworks, methods, guidelines or other assessment tools.","Will you have documented processes in place to test datasets against biases, discrimination, and other unexpected outcomes? This could include experience in applying frameworks, methods, guidelines or other assessment tools.",0.964
1.0.0,0.10.0,74,reworded,mitigation,Data quality,15,dataQualityDesign4,dataQualityDesign4,Will you be making this information publicly available?,Will you be making the process publicly available?,0.796
1.0.0,0.10.0,75,removed,mitigation,Data quality,15,dataQualityDesign6,,Will you be making this information publicly available?,,
1.0.0,0.10.0,76,reworded,mitigation,Data quality,15,dataQualityDesign9,dataQualityDesign9,Will you be making this information publicly available?,Will you be making the process publicly available?,0.796
1.0.0,0.10.0,77,removed,mitigation,Data quality,16,dataQualityImplementation2,,Is this information publicly available?,,
1.0.0,0.10.0,80,reworded,mitigation,Data quality,15,dataQualityDesign2,dataQualityDesign2,Will you be making this information publicly available?,Will the documented process be publicly available?,0.563
1.0.0,0.10.0,81,reworded,mitigation,Privacy,20,privacyDesign1,privacyDesign1,"If your system uses or creates personal information, will you undertake or have you undertaken a Privacy Impact Assessment, or updated an existing one?","If your system uses or creates personal information, will you undertake a privacy impact assessment (PIA), or update an existing one prior to system launch?",0.829
1.0.0,0.10.0,82,added,mitigation,Privacy,20,,privacyDesign2,,Will you design and build security into your systems from the concept stage of the project?,
1.0.0,0.10.0,83,reworded,mitigation,Procedural fairness,17,fairnessDesign13,fairnessDesign13,Will there be a recourse process planned or established for clients that wish to challenge the decision?,Will there be a recourse process planned or established for clients to challenge the decision?,0.949
1.0.0,0.10.0,85,scoring changed,mitigation,Procedural fairness,17,fairnessDesign15,fairnessDesign4,Will there be a process in place to log the instances when overrides were performed?,Will there be a process in place to log the instances when overrides were performed?,1.0
1.0.0,0.10.0,86,unchanged,mitigation,Procedural fairness,17,fairnessDesign16,fairnessDesign16,Will the audit trail include change control processes to record modifications to the system's operation or performance?,Will the audit trail include change control processes to record modifications to the system's operation or performance?,1.0
1.0.0,0.10.0,87,removed,mitigation,Procedural fairness,17,fairnessDesign17,,Will you be preparing a concept case to the Government of Canada Enterprise Architecture Review Board?,,
1.0.0,0.10.0,88,reworded,raw,,19,aboutDataSource9,aboutDataSource9,Have you verified that the use of personal information is limited to only what is directly related to delivering a program or service?,Have you verified that the collection of personal information is limited to only what is directly related to a program or activity of your institution?,0.813
1.0.0,0.10.0,89,reworded,raw,,19,aboutDataSource10,aboutDataSource10,Is the personal information of individuals being used in a decision-making process that directly affects those individuals?,Is the personal information of individuals used in a decision-making process that affects those individuals?,0.934
1.0.0,0.10.0,90,reworded,raw,,19,aboutDataSource11,aboutDataSource11,Have you verified if the system is using personal information in a way that is consistent with: (a) the current Personal Information Banks (PIBs) and Privacy Impact Assessments (PIAs) of your programs or (b) planned or implemented modifications to the PIBs or PIAs that take new uses and processes into account?,Have you verified whether the system is using personal information in a way that is consistent with: (a) the current personal information banks (PIBs) and privacy impact assessments (PIAs) of your programs or (b) planned or implemented modifications to the PIBs or PIAs that take new uses and processes into account?,0.985
1.0.0,0.10.0,91,unchanged,mitigation,Consultation,13,consultationDesign2-other,consultationDesign2-other,Please describe,Please describe,1.0
1.0.0,0.10.0,92,unchanged,mitigation,Consultation,13,consultationDesign4-other,consultationDesign4-other,Please describe,Please describe,1.0
1.0.0,0.10.0,93,reworded,mitigation,Privacy,20,privacyDesign3,privacyDesign3,"Will information be used within a closed system (i.e. no connections to the Internet, Intranet or any other system)?","Will information be used within a closed system (no connections to the Internet, Intranet or any other system)?",0.982
1.0.0,0.10.0,94,reworded,mitigation,Privacy,20,privacyDesign4,privacyDesign4,"If the sharing of personal information is involved, has an agreement or arrangement with appropriate safeguards been established?","If the disclosing of personal information is involved, has an agreement or arrangement with appropriate safeguards been established?",0.965
1.0.0,0.10.0,95,reworded,raw,,2,businessDrivers3,businessDrivers3,"What client needs will the system address and how will this system meet them? If possible, describe how client needs have been identified.",What are the client needs the system will address?  Describe how client needs have been identified.,0.719
1.0.0,0.10.0,96,reworded,raw,,2,businessDrivers4,businessDrivers4,Please describe any public benefits the system is expected to have.,Describe any positive impacts on clients and Canadian society that the system is expected to have.,0.626
1.0.0,0.10.0,97,unchanged,raw,,2,businessDrivers5,businessDrivers5,How effective will the system likely be in meeting client needs?,How effective will the system likely be in meeting client needs?,1.0
1.0.0,0.10.0,98,removed,raw,,2,businessDrivers6,,"Please describe any improvements, benefits, or advantages you expect from using an automated system. This could include relevant program indicators and performance targets.",,
1.0.0,0.10.0,99,reworded,raw,,2,businessDrivers7,businessDrivers7,Please describe how you will ensure that the system is confined to addressing the client needs identified above.,Describe how you will ensure that the system is confined to addressing the client needs identified.,0.938
1.0.0,0.10.0,100,reworded,raw,,2,businessDrivers8,businessDrivers8,Please describe any trade-offs between client interests and program objectives that you have considered during the design of the project.,Describe any trade-offs between client interests and program objectives that you have considered during the design of the project.,0.974
1.0.0,0.10.0,101,unchanged,raw,,2,businessDrivers9,businessDrivers9,Have alternative non-automated processes been considered?,Have alternative non-automated processes been considered?,1.0
1.0.0,0.10.0,102,unchanged,raw,,2,businessDrivers10,businessDrivers10,"If non-automated processes were considered, why was automation identified as the preferred option?","If non-automated processes were considered, why was automation identified as the preferred option?",1.0
1.0.0,0.10.0,103,scoring changed,raw,,2,businessDrivers11,businessDrivers11,What would be the consequence of not deploying the system?,What would be the consequence of not deploying the system?,1.0
1.0.0,0.10.0,104,reworded,raw,,2,businessDrivers12,businessDrivers12,Please describe,Describe,0.696
1.0.0,0.10.0,105,removed,raw,,9,riskProfile5,,Will the use of the system create or exacerbate barriers for persons with disabilities?,,
1.0.0,0.10.0,106,removed,raw,,9,riskProfile6,,"If yes, please describe the barriers and any planned or existing measures to identify, remove, and/or prevent them.",,
1.0.0,0.10.0,107,reworded,raw,,4,decisionSector3,decisionSector3,Please describe the decision(s) that will be automated.,Describe the administrative decision(s) that is being supported or made by the algorithm.,0.557
1.0.0,0.10.0,108,scoring changed,raw,,5,impact30,impact30,Which of the following best describes the type of automation you are planning?,Which of the following best describes the type of automation you are planning?,1.0
1.0.0,0.10.0,109,reworded,raw,,5,impact31,impact31,Please describe the role of the system in the decision-making process.,Describe the role of the system in the decision-making process.,0.947
1.0.0,0.10.0,110,reworded,raw,,5,impact20,impact20,Please describe the criteria used to evaluate client data and the operations applied to process it.,Describe the criteria used to evaluate client data and the operations applied to process it.,0.963
1.0.0,0.10.0,111,reworded,raw,,5,impact21,impact21,Please describe the output produced by the system and any relevant information needed to interpret it in the context of the administrative decision.,Describe the output produced by the system and any relevant information needed to interpret it in the context of the administrative decision.,0.976
1.0.0,0.10.0,112,reworded,raw,,5,impact22,impact22,Will the system perform an assessment or other operation that would not otherwise be completed by a human?,Will the system perform an assessment or other operation that is not currently completed by a human?,0.873
1.0.0,0.10.0,113,reworded,raw,,5,impact23,impact22A,"If yes, please describe the relevant function(s) of the system.","If yes, describe the relevant function(s) of the system",0.938
1.0.0,0.10.0,115,reworded,raw,,5,impact16,impact16,Please describe why the impacts resulting from the decision are as per selected option above.,"Describe why the impacts resulting from the decision are as selected, including potential risks identified and mitigations in place.",0.694
1.0.0,0.10.0,116,reworded,raw,,19,aboutDataSource12,aboutDataSource12,Please list relevant PIB Bank Numbers.,List relevant PIB numbers.,0.806
1.0.0,0.10.0,117,reworded,raw,,19,aboutDataSource13,aboutDataSource13,"Please describe the input data collected and used by the system, its source, and method of collection.","Describe the input data collected and used by the system, its source, method of collection, and any quality assurance measures in place.",0.762
1.0.0,0.10.0,118,reworded,mitigation,Privacy,20,privacyDesign5,privacyDesign5,Please indicate the following in your answer: Title and scope of the Privacy Impact Assessment; How the automation project fits into the program; and Date of Privacy Impact Assessment completion or modification.,Indicate the following in your answer: Title and scope of the PIA; How the automation project fits into the program; and Date of PIA completion or modification.,0.86
1.0.0,0.10.0,119,reworded,mitigation,Privacy,20,privacyDesign6,privacyDesign6,Have you undertaken other types of privacy assessments for your automation project?  Please describe any relevant efforts.,Have you undertaken other types of privacy assessments for your automation project?  Describe any relevant efforts.,0.97
1.0.0,0.10.0,120,unchanged,mitigation,Privacy,20,privacyDesign7,privacyDesign7,Will you de-identify any personal information used or created by the system at any point in the lifecycle?,Will you de-identify any personal information used or created by the system at any point in the lifecycle?,1.0
1.0.0,0.10.0,121,reworded,mitigation,Privacy,20,privacyDesign8,privacyDesign8,Please describe your de-identification method(s).,Describe your de-identification method(s).,0.92
1.0.0,0.10.0,122,added,none,,1,,projectAIAnumber,,Published AIA version number,
1.0.0,0.10.0,123,added,none,,1,,ADMresponsible,,Name of ADM responsible for the program using the automated decision system,
1.0.0,0.10.0,124,added,none,,1,,consultedTeams,,Teams consulted on completion of the Algorithmic Impact Assessment,
1.0.0,0.10.0,125,added,none,,1,,ServiceID,,Service ID,
1.0.0,0.10.0,126,added,raw,,2,,businessDrivers5B,,Describe why effectiveness is as selected.,
1.0.0,0.10.0,127,added,raw,,2,,businessDrivers6A,,"Describe any improvements, benefits, or advantages your department expects from using an automated system.",
1.0.0,0.10.0,128,added,raw,,2,,businessDrivers6B,,"What are your current program indicators, service standards or performance targets?",
1.0.0,0.10.0,129,added,raw,,2,,businessDrivers6C,,"What is your current performance level against these indicators, standards or targets?",
1.0.0,0.10.0,130,added,raw,,2,,businessDrivers6D,,"How do you expect the system will change performance against your program indicators, service standards or performance targets?",
1.0.0,0.10.0,131,added,raw,,9,,riskProfile2A,,Indicate which equity denied groups are served and describe your mitigation strategies to prevent adverse impacts for these groups.,
1.0.0,0.10.0,132,added,raw,,9,,riskProfile3A,,Indicate the population group and explain why the automated decision system should not be applied.,
1.0.0,0.10.0,133,added,raw,,9,,riskProfile4B,,"If barriers for persons with disabilities were identified, describe the barriers and any planned or existing measures to identify, remove, and/or prevent them.",
1.0.0,0.10.0,134,added,raw,,9,,riskProfile7,,"Could the automated decision-system be at heightened risk of being an exploitation target for malicious actors (for example, fraud for financial gain)?",
1.0.0,0.10.0,135,added,raw,,9,,riskProfile8,,"Have potential issues or harms with the existing service delivery approach been raised by clients or their representatives, the media, audits or parliamentary committees?",
1.0.0,0.10.0,136,added,raw,,9,,riskProfile8A,,"Indicate the issue or harm, the group that raised them, and how these have been addressed.",
1.0.0,0.10.0,137,added,raw,,9,,riskProfile9,,Will you be submitting a concept case to TBS and presenting the project to the Government of Canada Enterprise Architecture Review Board?,
1.0.0,0.10.0,138,added,raw,,9,,riskProfile10,,Have you submitted a concept case to TBS and presented the project to the Government of Canada Enterprise Architecture Review Board?,
1.0.0,0.10.0,139,added,raw,,10,,projectAuthority2,,Indicate why you have chosen the response.,
1.0.0,0.10.0,140,added,raw,,11,,aboutSystem3,,Who developed the system?,
1.0.0,0.10.0,141,added,raw,,11,,aboutSystem3A,,Specify,
1.0.0,0.10.0,142,added,raw,,11,,aboutSystem3B,,Specify,
1.0.0,0.10.0,143,added,raw,,11,,aboutSystem3C,,Specify,
1.0.0,0.10.0,144,added,raw,,11,,aboutSystem4,,Who configured the system?,
1.0.0,0.10.0,145,added,raw,,11,,aboutSystem4A,,Specify,
1.0.0,0.10.0,146,added,raw,,11,,aboutSystem4B,,Specify,
1.0.0,0.10.0,147,added,raw,,11,,aboutSystem4C,,Specify,
1.0.0,0.10.0,148,added,raw,,11,,aboutSystem5,,Is the system:,
1.0.0,0.10.0,149,added,raw,,11,,aboutSystem5A,,Indicate the open source licence that applies.,
1.0.0,0.10.0,150,added,raw,,11,,aboutSystem5B,,Has the product been customized to add functionality beyond what is available off the shelf?,
1.0.0,0.10.0,151,added,raw,,11,,aboutSystem5C,,Specify what has been customized and who performed the customization.,
1.0.0,0.10.0,152,added,raw,,11,,aboutSystem7,,Is there a group in your institution responsible for identifying and implementing opportunities for improvement?,
1.0.0,0.10.0,153,added,raw,,11,,aboutSystem8,,"Does your system conform with the appropriate clauses of standard CAN/ASC EN 301 549:2024, Accessibility requirements for Information and Communication Technology (ICT) products and services?",
1.0.0,0.10.0,154,added,raw,,11,,aboutSystem8A,,"If no, describe why the system does not conform.",
1.0.0,0.10.0,155,added,raw,,11,,aboutSystem9,,Is a non-automated alternative planned and available in the event the automated decision system was unavailable for an extended period of time?,
1.0.0,0.10.0,156,added,raw,,11,,aboutSystem11,,"The impacts that the development, operation, and maintenance of the system could have on the ongoing sustainability of an environmental ecosystem, may be:",
1.0.0,0.10.0,157,added,raw,,11,,aboutSystem12,,"Describe why the impacts resulting from the system's development, operations and maintenance are as selected.",
1.0.0,0.10.0,158,added,raw,,12,,aboutAlgorithm3,,Is the algorithm (Check all that apply):,
1.0.0,0.10.0,159,added,raw,,12,,aboutAlgorithm4,,"If the automated decision-system is model based, is the model inference (select all that apply):",
1.0.0,0.10.0,160,added,raw,,12,,aboutAlgorithm5,,Is the model:,
1.0.0,0.10.0,161,added,raw,,12,,aboutAlgorithm6,,Describe the model being used.,
1.0.0,0.10.0,162,added,raw,,12,,aboutAlgorithm7,,Explain why you chose the model,
1.0.0,0.10.0,163,added,raw,,12,,aboutAlgorithm8,,Will the algorithm continue to learn and evolve as it is used?,
1.0.0,0.10.0,164,added,raw,,12,,aboutAlgorithm8A,,"If yes, are there mechanisms in place to monitor the changes?",
1.0.0,0.10.0,165,added,raw,,12,,aboutAlgorithm9,,Does the algorithm consider protected characteristics to make its decisions or recommendations?,
1.0.0,0.10.0,166,added,raw,,12,,aboutAlgorithm9A,,Describe why protected characteristics are being considered and any mitigations in place to address potential issues with bias or discrimination.,
1.0.0,0.10.0,167,added,raw,,12,,aboutAlgorithm11,,Have you evaluated whether variables that the system bases its decisions or recommendations on could be proxies for protected characteristics?,
1.0.0,0.10.0,168,added,raw,,12,,aboutAlgorithm11A,,"Describe which protected characteristics, risks identified, and how they have been addressed.",
1.0.0,0.10.0,169,added,raw,,12,,aboutAlgorithm11B,,Describe why you have not evaluated whether variables could be proxies for protected characteristics.,
1.0.0,0.10.0,170,added,raw,,5,,impact3A,,Describe.,
1.0.0,0.10.0,172,added,raw,,5,,impact18,,"Have you assessed system performance for clients with a range of personal and intersectional identity factors (for example, gender, age, race, language, ethnicity, disability) to verify that decisions and outcomes are fair for a diverse group of people, and have the identified disparities been addressed?",
1.0.0,0.10.0,173,added,raw,,5,,impact18A,,Describe why system performance has not been assessed for clients with a range of personal and intersectional identity factors and what mitigations are in place.,
1.0.0,0.10.0,174,added,raw,,5,,impact18B,,Describe your approach to assessing system performance.,
1.0.0,0.10.0,175,added,raw,,5,,impact18C,,"Describe your approach to assessing system performance, the difference in system performance identified and any mitigation measures that have been taken.",
1.0.0,0.10.0,176,added,raw,,5,,impact19I,,Have you tested system performance for clients with a variety of different disabilities?,
1.0.0,0.10.0,177,added,raw,,5,,impact19IY,,Describe any differences in system performance identified and mitigations in place to address them.,
1.0.0,0.10.0,178,added,raw,,5,,impact19IN,,Describe why system performance has not been assessed across a variety of disabilities.,
1.0.0,0.10.0,179,added,raw,,5,,impact23,,Are there clients or groups of clients that will experience the most significant negative impacts from the system being used?,
1.0.0,0.10.0,180,added,raw,,5,,impact23Y,,Describe,
1.0.0,0.10.0,181,added,raw,,5,,impact23N,,Describe,
1.0.0,0.10.0,182,added,raw,,5,,impact26,,What proportion of clients will the system be applied to?,
1.0.0,0.10.0,183,added,raw,,5,,impact26U,,Describe why the proportion of clients subject to use of tool is unknown.,
1.0.0,0.10.0,184,added,raw,,5,,impact27,,Could not being subject to the use of the tool have a negative impact on an individual or groups of individuals?,
1.0.0,0.10.0,185,added,raw,,5,,impact27YN,,Describe,
1.0.0,0.10.0,186,added,raw,,5,,impact28,,The impact of individuals being wrongfully included or overlooked by the system could be:,
1.0.0,0.10.0,187,added,raw,,5,,impact28A,,Describe why the impact of being wrongfully included or overlooked by the system is as selected.,
1.0.0,0.10.0,188,added,raw,,19,,aboutDataSource14,,Will the personal information be shared (check all that apply),
1.0.0,0.10.0,189,added,raw,,19,,aboutDataSource14A,,Please specify,
1.0.0,0.10.0,190,added,raw,,19,,aboutDataSource15,,Is the training and testing data for the system representative of the clients being served?,
1.0.0,0.10.0,191,added,raw,,19,,aboutDataSource15Y,,Describe how you have assessed that data was representative.,
1.0.0,0.10.0,192,added,raw,,19,,aboutDataSource15N,,Explain why the data is not representative and indicate how this has or will be managed.,
1.0.0,0.10.0,193,added,raw,,19,,aboutDataSource15U,,Explain why you are unsure whether the data is representative.,
1.0.0,0.10.0,194,added,raw,,19,,aboutDataSource16,,Are there biases in the training data that could increase the likelihood of discriminatory outcomes or lead to other impacts on human rights?,
1.0.0,0.10.0,195,added,raw,,19,,aboutDataSource16Y,,Explain the biases identified and any mitigations to address this.,
1.0.0,0.10.0,196,added,raw,,19,,aboutDataSource16N,,Explain the process taken to confirm that there are no biases in the training data that could increase the likelihood of discriminatory outcomes or other impacts on human rights.,
1.0.0,0.10.0,197,added,raw,,19,,aboutDataSource16U,,Explain why you are unsure of whether the data could increase the likelihood of discriminatory outcomes or other impacts on human rights,
1.0.0,0.10.0,198,added,raw,,19,,aboutDataSource2A,,Please specify,
1.0.0,0.10.0,199,added,raw,,19,,aboutDataSource17,,Are there measures in place to ensure the accuracy of the personal information used?,
1.0.0,0.10.0,200,added,raw,,19,,aboutDataSource17Y,,"If yes, describe the measures taken to ensure and verify the accuracy of personal information.",
1.0.0,0.10.0,201,added,raw,,19,,aboutDataSource17N,,"If no, describe why there are not measures in place to ensure the accuracy of personal information.",
1.0.0,0.10.0,202,added,raw,,19,,aboutDataSource17U,,Describe,
1.0.0,0.10.0,203,added,raw,,19,,aboutDataSourceType3,,Has there been a decision to exclude certain data?,
1.0.0,0.10.0,204,added,raw,,19,,aboutDataSourceType3A,,Describe why data has been excluded,
1.0.0,0.10.0,205,added,mitigation,Consultation,13,,consultationDesign5,,"Identify the consultees or partners and indicate the project lifecycle stage (Concept, Design, Data collection and processing, Building or adapting the model, Testing, Deployment, Production, Monitoring, Decommission) in which the engagement will take place.",
1.0.0,0.10.0,206,added,mitigation,Consultation,13,,consultationDesign6,,Will you consult with the clients that will be most impacted by the system?,
1.0.0,0.10.0,207,added,mitigation,Consultation,13,,consultationDesign6A,,Explain why you did not consult the clients that will be most impacted by the system.,
1.0.0,0.10.0,208,added,mitigation,Consultation,13,,consultationDesign6B,,Explain why you are unsure.,
1.0.0,0.10.0,209,added,mitigation,Consultation,13,,consultationDesign7,,Will you consult with clients or communities that will be adversely impacted by the system?,
1.0.0,0.10.0,210,added,mitigation,Consultation,13,,consultationDesign7A,,Explain why you will not consult the clients that will be adversely impacted by the system.,
1.0.0,0.10.0,211,added,mitigation,Consultation,13,,consultationDesign7B,,Explain why you are unsure.,
1.0.0,0.10.0,212,added,mitigation,Consultation,13,,consultationDesign8,,Have consultees or partners raised any significant concerns about the system in the following areas:,
1.0.0,0.10.0,213,added,mitigation,Consultation,13,,consultationDesign8A,,Describe how the identified concerns have been assessed and managed.,
1.0.0,0.10.0,214,added,mitigation,Consultation,13,,consultationDesign9,,"Explain how you documented, analyzed and addressed the feedback received.",
1.0.0,0.10.0,215,added,mitigation,Data quality,15,,dataQualityDesign11,,Summarize the process or provide a link if publicly available.,
1.0.0,0.10.0,216,added,mitigation,Data quality,15,,dataQualityDesign12,,Summarize the process or provide a link if publicly available.,
1.0.0,0.10.0,217,added,mitigation,Data quality,15,,dataQualityDesign7,,Will you be making the GBA Plus findings publicly available?,
1.0.0,0.10.0,218,added,mitigation,Data quality,15,,dataQualityDesign7A,,Summarize the findings or provide a link if publicly available.,
1.0.0,0.10.0,219,added,mitigation,Data quality,15,,dataQualityDesign9A,,Summarize the process or provide a link if publicly available.,
1.0.0,0.10.0,222,added,mitigation,Procedural fairness,17,,fairnessDesign12A,,Describe how user feedback informs updates to the system.,
1.0.0,0.10.0,223,added,mitigation,Procedural fairness,17,,fairnessDesign12B,,Describe why user feedback is not captured.,
1.0.0,0.10.0,224,added,mitigation,Procedural fairness,17,,fairnessDesign13A,,Provide information on the recourse process or link to a website where this is described.,
1.0.0,0.10.0,225,added,mitigation,Procedural fairness,17,,fairnessDesign18,,Will you undertake mitigations in algorithm development and model testing to address bias and discrimination?,
1.0.0,0.10.0,226,added,mitigation,Procedural fairness,17,,fairnessDesign18A,,Describe the metrics used and any mitigations taken to address identified issues.,
1.0.0,0.10.0,227,added,mitigation,Procedural fairness,17,,fairnessDesign19,,Will the system only consider input data and information relevant to the decision?,
1.0.0,0.10.0,228,added,mitigation,Procedural fairness,17,,fairnessDesign20,,Are the system rules directly relevant to the administrative decision?,
1.0.0,0.10.0,229,added,mitigation,Procedural fairness,17,,fairnessDesign21,,Indicate additional procedural fairness protections in place (check all that apply):,
1.0.0,0.10.0,230,added,mitigation,Procedural fairness,17,,fairnessDesign21A,,Describe,
1.0.0,0.10.0,231,added,mitigation,Procedural fairness,17,,fairnessDesign22,,Are there processes in place to ensure impartiality and ethical conduct by the decision-maker in the use of the system and its outputs?,
1.0.0,0.10.0,232,added,mitigation,Procedural fairness,17,,fairnessDesign22A,,Will you undertake training on appropriate use and awareness of risks associated with automation bias?,
1.0.0,0.10.0,233,added,mitigation,Procedural fairness,17,,fairnessDesign23,,Will your team be regularly retraining the model or reviewing the rules?,
1.0.0,0.10.0,234,added,mitigation,Procedural fairness,17,,fairnessDesign24,,Do you have monitoring processes in place to detect changes in system performance over time?,
1.0.0,0.10.0,235,added,mitigation,Procedural fairness,17,,fairnessDesign24A,,Do you have a process in place to update the system based on the monitoring results?,
1.0.0,0.10.0,236,added,mitigation,Procedural fairness,17,,fairnessDesign24AA,,Describe,
1.0.0,0.10.0,237,added,mitigation,Procedural fairness,17,,fairnessDesign24B,,Indicate why monitoring processes are not in place.,
1.0.0,0.10.0,238,added,mitigation,Privacy,20,,privacyDesign2A,,Describe,
1.0.0,0.10.0,239,reworded,mitigation,Privacy,20,privacyDesign2,privacyDesign9,Will you design and build security and privacy into your systems from the concept stage of the project?,Will you design and build privacy into your systems from the concept stage of the project?,0.932
1.0.0,0.10.0,240,added,mitigation,Privacy,20,,privacyDesign9A,,Describe,
1.0.0,0.10.0,241,removed,mitigation,Procedural fairness,17,fairnessDesign9,,Will the audit trail show who the authorized decision-maker is?,,
1.0.0,0.10.0,242,removed,mitigation,Procedural fairness,17,fairnessDesign2,,Will the system provide an audit trail that records all the recommendations or decisions made by the system?,,
1.0.0,0.10.0,243,removed,mitigation,Procedural fairness,17,fairnessDesign3,,Will all key decision points be identifiable in the audit trail?,,
1.0.0,0.10.0,244,removed,mitigation,Procedural fairness,18,fairnessImplementation6,,Does the system's audit trail indicate all of the decision points made by the system?,,
1.0.0,0.10.0,245,reworded,raw,,5,impact13,impact13,The impacts that the decision will have on the economic interests of individuals will likely be:,The impacts that the decision could have on the economic interests of individuals may be:,0.896
1.0.0,0.10.0,246,added,raw,,9,,riskProfile4,,"Has the system been assessed to understand whether it would create or exacerbate barriers for persons with disabilities, and are measures in place to address any identified issues?",
1.0.0,0.10.0,247,added,raw,,4,,decisionSector2,,Describe,
1.0.0,0.10.0,248,added,mitigation,Data quality,15,,dataQualityDesign6,,Describe,
1.0.0,0.10.0,249,added,mitigation,Procedural fairness,17,,fairnessDesign5,,Will there be an up-to-date log of the changes made to the model and the system?,
1.0.0,0.10.0,250,added,mitigation,Procedural fairness,17,,fairnessDesign17,,Will the system base its decision or recommendation on all of the information provided by the client?,
1.0.0,0.10.0,251,added,mitigation,Privacy,21,,privacyImplementation1,,"If your system uses or creates personal information, have you undertaken a PIA, or updated an existing one?",
1.0.1,1.0.0,1,unchanged,none,,1,projectDetailsRespondent,projectDetailsRespondent,Name of Respondent,Name of Respondent,1.0
1.0.1,1.0.0,2,unchanged,none,,1,projectDetailsJob,projectDetailsJob,Job Title,Job Title,1.0
1.0.1,1.0.0,3,unchanged,none,,1,projectDetailsDepartment-NS,projectDetailsDepartment-NS,Department,Department,1.0
1.0.1,1.0.0,4,unchanged,none,,1,projectDetailsBranch,projectDetailsBranch,Branch,Branch,1.0
1.0.1,1.0.0,5,unchanged,none,,1,projectDetailsTitle,projectDetailsTitle,Project Title,Project Title,1.0
1.0.1,1.0.0,6,unchanged,none,,1,projectDetailsDescription,projectDetailsDescription,Provide a project description:,Provide a project description:,1.0
1.0.1,1.0.0,7,unchanged,raw,,2,businessDrivers1,businessDrivers1,What is motivating your team to introduce automation into this decision-making process? (Check all that apply),What is motivating your team to introduce automation into this decision-making process? (Check all that apply),1.0
1.0.1,1.0.0,8,unchanged,raw,,2,motivation-other,motivation-other,Please describe,Please describe,1.0
1.0.1,1.0.0,9,unchanged,raw,,11,aboutSystem1,aboutSystem1,Check which of the following capabilities apply to your system.,Check which of the following capabilities apply to your system.,1.0
1.0.1,1.0.0,10,unchanged,raw,,11,aboutSystem2,aboutSystem2,Describe,Describe,1.0
1.0.1,1.0.0,11,unchanged,raw,,4,decisionSector1,decisionSector1,Does the decision pertain to any of the categories below (check all that apply). Note that the examples in brackets are not exhaustive.,Does the decision pertain to any of the categories below (check all that apply). Note that the examples in brackets are not exhaustive.,1.0
1.0.1,1.0.0,15,unchanged,raw,,5,impact5,impact5,Is the system used by a different part of the organization than the ones who developed it?,Is the system used by a different part of the organization than the ones who developed it?,1.0
1.0.1,1.0.0,16,unchanged,raw,,5,impact6,impact6,Are the impacts resulting from the decision reversible?,Are the impacts resulting from the decision reversible?,1.0
1.0.1,1.0.0,17,unchanged,raw,,5,impact7,impact7,How long could impacts from the decision last?,How long could impacts from the decision last?,1.0
1.0.1,1.0.0,18,unchanged,raw,,5,impact8,impact8,"Describe why the impacts resulting from the decision are as selected, including potential risks identified and mitigations in place.","Describe why the impacts resulting from the decision are as selected, including potential risks identified and mitigations in place.",1.0
1.0.1,1.0.0,19,unchanged,raw,,5,impact9,impact9,The impacts that the decision could have on the rights or freedoms of individuals may be:,The impacts that the decision could have on the rights or freedoms of individuals may be:,1.0
1.0.1,1.0.0,20,unchanged,raw,,5,impact10,impact10,"Describe how this impact level was determined. Include which human rights frameworks were assessed, potential risk that were identified and mitigations put in place.","Describe how this impact level was determined. Include which human rights frameworks were assessed, potential risk that were identified and mitigations put in place.",1.0
1.0.1,1.0.0,21,unchanged,raw,,5,impact24,impact24,"The impacts that the decision could have on the equality, dignity, privacy, and autonomy of individuals may be:","The impacts that the decision could have on the equality, dignity, privacy, and autonomy of individuals may be:",1.0
1.0.1,1.0.0,22,unchanged,raw,,5,impact25,impact25,"Describe why the impacts resulting from the decision are as selected, including potential risks identified and mitigations in place.","Describe why the impacts resulting from the decision are as selected, including potential risks identified and mitigations in place.",1.0
1.0.1,1.0.0,23,unchanged,raw,,5,impact11,impact11,The impacts that the decision could have on the health and well-being of individuals may be:,The impacts that the decision could have on the health and well-being of individuals may be:,1.0
1.0.1,1.0.0,24,unchanged,raw,,5,impact12,impact12,"Describe why the impacts resulting from the decision are as selected, including potential risks identified and mitigations in place.","Describe why the impacts resulting from the decision are as selected, including potential risks identified and mitigations in place.",1.0
1.0.1,1.0.0,25,unchanged,raw,,5,impact15,impact15,"The impacts that the decision could have on the ongoing sustainability of an environmental ecosystem, may be:","The impacts that the decision could have on the ongoing sustainability of an environmental ecosystem, may be:",1.0
1.0.1,1.0.0,26,unchanged,raw,,5,impact14,impact14,"Describe why the impacts resulting from the decision are as selected, including potential risks identified and mitigations in place.","Describe why the impacts resulting from the decision are as selected, including potential risks identified and mitigations in place.",1.0
1.0.1,1.0.0,27,unchanged,raw,,19,aboutDataSource1,aboutDataSource1,Will the system use personal information as input data?,Will the system use personal information as input data?,1.0
1.0.1,1.0.0,28,unchanged,raw,,19,aboutDataSource2,aboutDataSource2,What is the highest security classification of the input data used by the system? (Select one),What is the highest security classification of the input data used by the system? (Select one),1.0
1.0.1,1.0.0,29,unchanged,raw,,19,aboutDataSource3,aboutDataSource3,Who controls the data?,Who controls the data?,1.0
1.0.1,1.0.0,30,unchanged,raw,,19,aboutDataSource4,aboutDataSource4,Will the system use data from multiple different sources?,Will the system use data from multiple different sources?,1.0
1.0.1,1.0.0,31,unchanged,raw,,19,aboutDataSource5,aboutDataSource5,"Will the system require input data from a network-connected device? (such as Internet of Things, sensor)","Will the system require input data from a network-connected device? (such as Internet of Things, sensor)",1.0
1.0.1,1.0.0,32,unchanged,raw,,19,aboutDataSource6,aboutDataSource6,Will the system interface with other IT systems?,Will the system interface with other IT systems?,1.0
1.0.1,1.0.0,33,unchanged,raw,,19,aboutDataSource7,aboutDataSource7,Who collected the data used for training the system?,Who collected the data used for training the system?,1.0
1.0.1,1.0.0,34,unchanged,raw,,19,aboutDataSource8,aboutDataSource8,Who collected the input data used by the system?,Who collected the input data used by the system?,1.0
1.0.1,1.0.0,35,unchanged,raw,,19,aboutDataSourceType1,aboutDataSourceType1,"Will the system require the analysis of unstructured data to make an assessment, recommendation or decision?","Will the system require the analysis of unstructured data to make an assessment, recommendation or decision?",1.0
1.0.1,1.0.0,36,unchanged,raw,,19,aboutDataSourceType2,aboutDataSourceType2,What types of unstructured data? (Check all that apply),What types of unstructured data? (Check all that apply),1.0
1.0.1,1.0.0,38,unchanged,mitigation,Data quality,15,dataQualityDesign3,dataQualityDesign3,Will you be developing a process to document how data quality issues were resolved during the design process?,Will you be developing a process to document how data quality issues were resolved during the design process?,1.0
1.0.1,1.0.0,39,unchanged,mitigation,Data quality,15,dataQualityDesign5,dataQualityDesign5,Will you undertake a Gender Based Analysis Plus (GBA Plus) of the data?,Will you undertake a Gender Based Analysis Plus (GBA Plus) of the data?,1.0
1.0.1,1.0.0,40,unchanged,raw,,11,aboutSystem6,aboutSystem6,"Have you assigned accountability in your institution for the design, development, and maintenance, of the system?","Have you assigned accountability in your institution for the design, development, and maintenance, of the system?",1.0
1.0.1,1.0.0,41,unchanged,mitigation,Data quality,15,dataQualityDesign8,dataQualityDesign8,"Will you have a documented process to manage the risk that low quality, outdated or unreliable data is used to make an automated decision?","Will you have a documented process to manage the risk that low quality, outdated or unreliable data is used to make an automated decision?",1.0
1.0.1,1.0.0,42,unchanged,mitigation,Data quality,15,dataQualityDesign10,dataQualityDesign10,Will the data used for this system be posted on the Open Government Portal?,Will the data used for this system be posted on the Open Government Portal?,1.0
1.0.1,1.0.0,43,unchanged,mitigation,Procedural fairness,17,fairnessDesign1,fairnessDesign1,Will the audit trail provide information to trace the chain of legislative authority for the decision and key decision points?,Will the audit trail provide information to trace the chain of legislative authority for the decision and key decision points?,1.0
1.0.1,1.0.0,44,unchanged,mitigation,Procedural fairness,17,fairnessDesign2,fairnessDesign2,Will the audit trail capture all the recommendations or decisions made by the system?,Will the audit trail capture all the recommendations or decisions made by the system?,1.0
1.0.1,1.0.0,45,unchanged,mitigation,Procedural fairness,17,fairnessDesign3,fairnessDesign3,Will all key decision points be identifiable in the audit trail?,Will all key decision points be identifiable in the audit trail?,1.0
1.0.1,1.0.0,46,unchanged,mitigation,Procedural fairness,17,fairnessDesign1A,fairnessDesign1A,"Will all key decision points in the automated system's logic be linked to the relevant legislation, policy or procedure?","Will all key decision points in the automated system's logic be linked to the relevant legislation, policy or procedure?",1.0
1.0.1,1.0.0,48,unchanged,raw,,11,aboutSystem10A,aboutSystem10A,"Is there a process in place to grant, monitor, and revoke access permission to the system?","Is there a process in place to grant, monitor, and revoke access permission to the system?",1.0
1.0.1,1.0.0,49,unchanged,mitigation,Procedural fairness,17,fairnessDesign7,fairnessDesign7,Will the audit trail capture information that can be used to help generate an explanation of the decision where required?,Will the audit trail capture information that can be used to help generate an explanation of the decision where required?,1.0
1.0.1,1.0.0,50,unchanged,mitigation,Procedural fairness,17,fairnessDesign8,fairnessDesign8,Will the audit trail identify precisely which version of the system was used for each decision it supports?,Will the audit trail identify precisely which version of the system was used for each decision it supports?,1.0
1.0.1,1.0.0,51,unchanged,mitigation,Procedural fairness,17,fairnessDesign9,fairnessDesign9,Will the audit trail show who the authorized decision-maker is?,Will the audit trail show who the authorized decision-maker is?,1.0
1.0.1,1.0.0,52,unchanged,mitigation,Procedural fairness,17,fairnessDesign10,fairnessDesign10,Will the system be able to produce reasons for its decisions or recommendations when required?,Will the system be able to produce reasons for its decisions or recommendations when required?,1.0
1.0.1,1.0.0,54,unchanged,mitigation,Procedural fairness,17,fairnessDesign12,fairnessDesign12,Will there be a mechanism to capture feedback by users of the system?,Will there be a mechanism to capture feedback by users of the system?,1.0
1.0.1,1.0.0,55,unchanged,raw,,5,impact3,impact3,Will the system be making decisions or assessments that require judgment or discretion?,Will the system be making decisions or assessments that require judgment or discretion?,1.0
1.0.1,1.0.0,57,unchanged,none,,1,projectDetailsID,projectDetailsID,Project ID from IT Plan,Project ID from IT Plan,1.0
1.0.1,1.0.0,58,unchanged,none,,1,projectDetailsProgram,projectDetailsProgram,Departmental Program (from Departmental Results Framework),Departmental Program (from Departmental Results Framework),1.0
1.0.1,1.0.0,59,unchanged,none,,1,projectDetailsPhase,projectDetailsPhase,Project Phase,Project Phase,1.0
1.0.1,1.0.0,60,unchanged,raw,,9,riskProfile1,riskProfile1,"Is the project within an area of intense public scrutiny (for example, because of privacy concerns) and/or frequent litigation?","Is the project within an area of intense public scrutiny (for example, because of privacy concerns) and/or frequent litigation?",1.0
1.0.1,1.0.0,61,unchanged,raw,,9,riskProfile2,riskProfile2,Does the line of business serve equity denied groups?,Does the line of business serve equity denied groups?,1.0
1.0.1,1.0.0,62,unchanged,raw,,9,riskProfile3,riskProfile3,Are there any population groups that the automated decision system should not be applied to?,Are there any population groups that the automated decision system should not be applied to?,1.0
1.0.1,1.0.0,63,unchanged,raw,,5,impact4A,impact4A,"Will this project have major impacts on staff, either in terms of their numbers or their roles?","Will this project have major impacts on staff, either in terms of their numbers or their roles?",1.0
1.0.1,1.0.0,64,unchanged,raw,,10,projectAuthority1,projectAuthority1,Will you require new policy or legal authority for this project?,Will you require new policy or legal authority for this project?,1.0
1.0.1,1.0.0,65,unchanged,raw,,12,aboutAlgorithm1,aboutAlgorithm1,The algorithm used will be a (trade) secret,The algorithm used will be a (trade) secret,1.0
1.0.1,1.0.0,66,unchanged,raw,,12,aboutAlgorithm2,aboutAlgorithm2,The algorithmic process will be difficult to interpret or to explain,The algorithmic process will be difficult to interpret or to explain,1.0
1.0.1,1.0.0,69,unchanged,mitigation,Consultation,13,consultationDesign1,consultationDesign1,"Internal consultees or partners (federal institutions, including the federal public service).","Internal consultees or partners (federal institutions, including the federal public service).",1.0
1.0.1,1.0.0,70,unchanged,mitigation,Consultation,13,consultationDesign2,consultationDesign2,Which internal consultees or partners will you be engaging?,Which internal consultees or partners will you be engaging?,1.0
1.0.1,1.0.0,71,unchanged,mitigation,Consultation,13,consultationDesign3,consultationDesign3,External consultees or partners (groups in other sectors or jurisdictions).,External consultees or partners (groups in other sectors or jurisdictions).,1.0
1.0.1,1.0.0,72,unchanged,mitigation,Consultation,13,consultationDesign4,consultationDesign4,Which external consultees or partners will you be engaging?,Which external consultees or partners will you be engaging?,1.0
1.0.1,1.0.0,73,unchanged,mitigation,Data quality,15,dataQualityDesign1,dataQualityDesign1,"Will you have documented processes in place to test datasets against biases, discrimination, and other unexpected outcomes? This could include experience in applying frameworks, methods, guidelines or other assessment tools.","Will you have documented processes in place to test datasets against biases, discrimination, and other unexpected outcomes? This could include experience in applying frameworks, methods, guidelines or other assessment tools.",1.0
1.0.1,1.0.0,74,unchanged,mitigation,Data quality,15,dataQualityDesign4,dataQualityDesign4,Will you be making the process publicly available?,Will you be making the process publicly available?,1.0
1.0.1,1.0.0,76,unchanged,mitigation,Data quality,15,dataQualityDesign9,dataQualityDesign9,Will you be making the process publicly available?,Will you be making the process publicly available?,1.0
1.0.1,1.0.0,80,unchanged,mitigation,Data quality,15,dataQualityDesign2,dataQualityDesign2,Will the documented process be publicly available?,Will the documented process be publicly available?,1.0
1.0.1,1.0.0,81,unchanged,mitigation,Privacy,20,privacyDesign1,privacyDesign1,"If your system uses or creates personal information, will you undertake a privacy impact assessment (PIA), or update an existing one prior to system launch?","If your system uses or creates personal information, will you undertake a privacy impact assessment (PIA), or update an existing one prior to system launch?",1.0
1.0.1,1.0.0,82,unchanged,mitigation,Privacy,20,privacyDesign2,privacyDesign2,Will you design and build security into your systems from the concept stage of the project?,Will you design and build security into your systems from the concept stage of the project?,1.0
1.0.1,1.0.0,83,unchanged,mitigation,Procedural fairness,17,fairnessDesign13,fairnessDesign13,Will there be a recourse process planned or established for clients to challenge the decision?,Will there be a recourse process planned or established for clients to challenge the decision?,1.0
1.0.1,1.0.0,85,unchanged,mitigation,Procedural fairness,17,fairnessDesign4,fairnessDesign4,Will there be a process in place to log the instances when overrides were performed?,Will there be a process in place to log the instances when overrides were performed?,1.0
1.0.1,1.0.0,86,unchanged,mitigation,Procedural fairness,17,fairnessDesign16,fairnessDesign16,Will the audit trail include change control processes to record modifications to the system's operation or performance?,Will the audit trail include change control processes to record modifications to the system's operation or performance?,1.0
1.0.1,1.0.0,88,unchanged,raw,,19,aboutDataSource9,aboutDataSource9,Have you verified that the collection of personal information is limited to only what is directly related to a program or activity of your institution?,Have you verified that the collection of personal information is limited to only what is directly related to a program or activity of your institution?,1.0
1.0.1,1.0.0,89,unchanged,raw,,19,aboutDataSource10,aboutDataSource10,Is the personal information of individuals used in a decision-making process that affects those individuals?,Is the personal information of individuals used in a decision-making process that affects those individuals?,1.0
1.0.1,1.0.0,90,unchanged,raw,,19,aboutDataSource11,aboutDataSource11,Have you verified whether the system is using personal information in a way that is consistent with: (a) the current personal information banks (PIBs) and privacy impact assessments (PIAs) of your programs or (b) planned or implemented modifications to the PIBs or PIAs that take new uses and processes into account?,Have you verified whether the system is using personal information in a way that is consistent with: (a) the current personal information banks (PIBs) and privacy impact assessments (PIAs) of your programs or (b) planned or implemented modifications to the PIBs or PIAs that take new uses and processes into account?,1.0
1.0.1,1.0.0,91,unchanged,mitigation,Consultation,13,consultationDesign2-other,consultationDesign2-other,Please describe,Please describe,1.0
1.0.1,1.0.0,92,unchanged,mitigation,Consultation,13,consultationDesign4-other,consultationDesign4-other,Please describe,Please describe,1.0
1.0.1,1.0.0,93,unchanged,mitigation,Privacy,20,privacyDesign3,privacyDesign3,"Will information be used within a closed system (no connections to the Internet, Intranet or any other system)?","Will information be used within a closed system (no connections to the Internet, Intranet or any other system)?",1.0
1.0.1,1.0.0,94,unchanged,mitigation,Privacy,20,privacyDesign4,privacyDesign4,"If the disclosing of personal information is involved, has an agreement or arrangement with appropriate safeguards been established?","If the disclosing of personal information is involved, has an agreement or arrangement with appropriate safeguards been established?",1.0
1.0.1,1.0.0,95,unchanged,raw,,2,businessDrivers3,businessDrivers3,What are the client needs the system will address?  Describe how client needs have been identified.,What are the client needs the system will address?  Describe how client needs have been identified.,1.0
1.0.1,1.0.0,96,unchanged,raw,,2,businessDrivers4,businessDrivers4,Describe any positive impacts on clients and Canadian society that the system is expected to have.,Describe any positive impacts on clients and Canadian society that the system is expected to have.,1.0
1.0.1,1.0.0,97,unchanged,raw,,2,businessDrivers5,businessDrivers5,How effective will the system likely be in meeting client needs?,How effective will the system likely be in meeting client needs?,1.0
1.0.1,1.0.0,99,unchanged,raw,,2,businessDrivers7,businessDrivers7,Describe how you will ensure that the system is confined to addressing the client needs identified.,Describe how you will ensure that the system is confined to addressing the client needs identified.,1.0
1.0.1,1.0.0,100,unchanged,raw,,2,businessDrivers8,businessDrivers8,Describe any trade-offs between client interests and program objectives that you have considered during the design of the project.,Describe any trade-offs between client interests and program objectives that you have considered during the design of the project.,1.0
1.0.1,1.0.0,101,unchanged,raw,,2,businessDrivers9,businessDrivers9,Have alternative non-automated processes been considered?,Have alternative non-automated processes been considered?,1.0
1.0.1,1.0.0,102,unchanged,raw,,2,businessDrivers10,businessDrivers10,"If non-automated processes were considered, why was automation identified as the preferred option?","If non-automated processes were considered, why was automation identified as the preferred option?",1.0
1.0.1,1.0.0,103,unchanged,raw,,2,businessDrivers11,businessDrivers11,What would be the consequence of not deploying the system?,What would be the consequence of not deploying the system?,1.0
1.0.1,1.0.0,104,unchanged,raw,,2,businessDrivers12,businessDrivers12,Describe,Describe,1.0
1.0.1,1.0.0,107,unchanged,raw,,4,decisionSector3,decisionSector3,Describe the administrative decision(s) that is being supported or made by the algorithm.,Describe the administrative decision(s) that is being supported or made by the algorithm.,1.0
1.0.1,1.0.0,108,unchanged,raw,,5,impact30,impact30,Which of the following best describes the type of automation you are planning?,Which of the following best describes the type of automation you are planning?,1.0
1.0.1,1.0.0,109,unchanged,raw,,5,impact31,impact31,Describe the role of the system in the decision-making process.,Describe the role of the system in the decision-making process.,1.0
1.0.1,1.0.0,110,unchanged,raw,,5,impact20,impact20,Describe the criteria used to evaluate client data and the operations applied to process it.,Describe the criteria used to evaluate client data and the operations applied to process it.,1.0
1.0.1,1.0.0,111,unchanged,raw,,5,impact21,impact21,Describe the output produced by the system and any relevant information needed to interpret it in the context of the administrative decision.,Describe the output produced by the system and any relevant information needed to interpret it in the context of the administrative decision.,1.0
1.0.1,1.0.0,112,unchanged,raw,,5,impact22,impact22,Will the system perform an assessment or other operation that is not currently completed by a human?,Will the system perform an assessment or other operation that is not currently completed by a human?,1.0
1.0.1,1.0.0,113,unchanged,raw,,5,impact22A,impact22A,"If yes, describe the relevant function(s) of the system","If yes, describe the relevant function(s) of the system",1.0
1.0.1,1.0.0,115,unchanged,raw,,5,impact16,impact16,"Describe why the impacts resulting from the decision are as selected, including potential risks identified and mitigations in place.","Describe why the impacts resulting from the decision are as selected, including potential risks identified and mitigations in place.",1.0
1.0.1,1.0.0,116,unchanged,raw,,19,aboutDataSource12,aboutDataSource12,List relevant PIB numbers.,List relevant PIB numbers.,1.0
1.0.1,1.0.0,117,unchanged,raw,,19,aboutDataSource13,aboutDataSource13,"Describe the input data collected and used by the system, its source, method of collection, and any quality assurance measures in place.","Describe the input data collected and used by the system, its source, method of collection, and any quality assurance measures in place.",1.0
1.0.1,1.0.0,118,unchanged,mitigation,Privacy,20,privacyDesign5,privacyDesign5,Indicate the following in your answer: Title and scope of the PIA; How the automation project fits into the program; and Date of PIA completion or modification.,Indicate the following in your answer: Title and scope of the PIA; How the automation project fits into the program; and Date of PIA completion or modification.,1.0
1.0.1,1.0.0,119,unchanged,mitigation,Privacy,20,privacyDesign6,privacyDesign6,Have you undertaken other types of privacy assessments for your automation project?  Describe any relevant efforts.,Have you undertaken other types of privacy assessments for your automation project?  Describe any relevant efforts.,1.0
1.0.1,1.0.0,120,unchanged,mitigation,Privacy,20,privacyDesign7,privacyDesign7,Will you de-identify any personal information used or created by the system at any point in the lifecycle?,Will you de-identify any personal information used or created by the system at any point in the lifecycle?,1.0
1.0.1,1.0.0,121,unchanged,mitigation,Privacy,20,privacyDesign8,privacyDesign8,Describe your de-identification method(s).,Describe your de-identification method(s).,1.0
1.0.1,1.0.0,122,unchanged,none,,1,projectAIAnumber,projectAIAnumber,Published AIA version number,Published AIA version number,1.0
1.0.1,1.0.0,123,unchanged,none,,1,ADMresponsible,ADMresponsible,Name of ADM responsible for the program using the automated decision system,Name of ADM responsible for the program using the automated decision system,1.0
1.0.1,1.0.0,124,unchanged,none,,1,consultedTeams,consultedTeams,Teams consulted on completion of the Algorithmic Impact Assessment,Teams consulted on completion of the Algorithmic Impact Assessment,1.0
1.0.1,1.0.0,125,unchanged,none,,1,ServiceID,ServiceID,Service ID,Service ID,1.0
1.0.1,1.0.0,126,unchanged,raw,,2,businessDrivers5B,businessDrivers5B,Describe why effectiveness is as selected.,Describe why effectiveness is as selected.,1.0
1.0.1,1.0.0,127,unchanged,raw,,2,businessDrivers6A,businessDrivers6A,"Describe any improvements, benefits, or advantages your department expects from using an automated system.","Describe any improvements, benefits, or advantages your department expects from using an automated system.",1.0
1.0.1,1.0.0,128,unchanged,raw,,2,businessDrivers6B,businessDrivers6B,"What are your current program indicators, service standards or performance targets?","What are your current program indicators, service standards or performance targets?",1.0
1.0.1,1.0.0,129,unchanged,raw,,2,businessDrivers6C,businessDrivers6C,"What is your current performance level against these indicators, standards or targets?","What is your current performance level against these indicators, standards or targets?",1.0
1.0.1,1.0.0,130,unchanged,raw,,2,businessDrivers6D,businessDrivers6D,"How do you expect the system will change performance against your program indicators, service standards or performance targets?","How do you expect the system will change performance against your program indicators, service standards or performance targets?",1.0
1.0.1,1.0.0,131,unchanged,raw,,9,riskProfile2A,riskProfile2A,Indicate which equity denied groups are served and describe your mitigation strategies to prevent adverse impacts for these groups.,Indicate which equity denied groups are served and describe your mitigation strategies to prevent adverse impacts for these groups.,1.0
1.0.1,1.0.0,132,unchanged,raw,,9,riskProfile3A,riskProfile3A,Indicate the population group and explain why the automated decision system should not be applied.,Indicate the population group and explain why the automated decision system should not be applied.,1.0
1.0.1,1.0.0,133,unchanged,raw,,9,riskProfile4B,riskProfile4B,"If barriers for persons with disabilities were identified, describe the barriers and any planned or existing measures to identify, remove, and/or prevent them.","If barriers for persons with disabilities were identified, describe the barriers and any planned or existing measures to identify, remove, and/or prevent them.",1.0
1.0.1,1.0.0,134,unchanged,raw,,9,riskProfile7,riskProfile7,"Could the automated decision-system be at heightened risk of being an exploitation target for malicious actors (for example, fraud for financial gain)?","Could the automated decision-system be at heightened risk of being an exploitation target for malicious actors (for example, fraud for financial gain)?",1.0
1.0.1,1.0.0,135,unchanged,raw,,9,riskProfile8,riskProfile8,"Have potential issues or harms with the existing service delivery approach been raised by clients or their representatives, the media, audits or parliamentary committees?","Have potential issues or harms with the existing service delivery approach been raised by clients or their representatives, the media, audits or parliamentary committees?",1.0
1.0.1,1.0.0,136,unchanged,raw,,9,riskProfile8A,riskProfile8A,"Indicate the issue or harm, the group that raised them, and how these have been addressed.","Indicate the issue or harm, the group that raised them, and how these have been addressed.",1.0
1.0.1,1.0.0,137,unchanged,raw,,9,riskProfile9,riskProfile9,Will you be submitting a concept case to TBS and presenting the project to the Government of Canada Enterprise Architecture Review Board?,Will you be submitting a concept case to TBS and presenting the project to the Government of Canada Enterprise Architecture Review Board?,1.0
1.0.1,1.0.0,138,unchanged,raw,,9,riskProfile10,riskProfile10,Have you submitted a concept case to TBS and presented the project to the Government of Canada Enterprise Architecture Review Board?,Have you submitted a concept case to TBS and presented the project to the Government of Canada Enterprise Architecture Review Board?,1.0
1.0.1,1.0.0,139,unchanged,raw,,10,projectAuthority2,projectAuthority2,Indicate why you have chosen the response.,Indicate why you have chosen the response.,1.0
1.0.1,1.0.0,140,unchanged,raw,,11,aboutSystem3,aboutSystem3,Who developed the system?,Who developed the system?,1.0
1.0.1,1.0.0,141,unchanged,raw,,11,aboutSystem3A,aboutSystem3A,Specify,Specify,1.0
1.0.1,1.0.0,142,unchanged,raw,,11,aboutSystem3B,aboutSystem3B,Specify,Specify,1.0
1.0.1,1.0.0,143,unchanged,raw,,11,aboutSystem3C,aboutSystem3C,Specify,Specify,1.0
1.0.1,1.0.0,144,unchanged,raw,,11,aboutSystem4,aboutSystem4,Who configured the system?,Who configured the system?,1.0
1.0.1,1.0.0,145,unchanged,raw,,11,aboutSystem4A,aboutSystem4A,Specify,Specify,1.0
1.0.1,1.0.0,146,unchanged,raw,,11,aboutSystem4B,aboutSystem4B,Specify,Specify,1.0
1.0.1,1.0.0,147,unchanged,raw,,11,aboutSystem4C,aboutSystem4C,Specify,Specify,1.0
1.0.1,1.0.0,148,unchanged,raw,,11,aboutSystem5,aboutSystem5,Is the system:,Is the system:,1.0
1.0.1,1.0.0,149,unchanged,raw,,11,aboutSystem5A,aboutSystem5A,Indicate the open source licence that applies.,Indicate the open source licence that applies.,1.0
1.0.1,1.0.0,150,unchanged,raw,,11,aboutSystem5B,aboutSystem5B,Has the product been customized to add functionality beyond what is available off the shelf?,Has the product been customized to add functionality beyond what is available off the shelf?,1.0
1.0.1,1.0.0,151,unchanged,raw,,11,aboutSystem5C,aboutSystem5C,Specify what has been customized and who performed the customization.,Specify what has been customized and who performed the customization.,1.0
1.0.1,1.0.0,152,unchanged,raw,,11,aboutSystem7,aboutSystem7,Is there a group in your institution responsible for identifying and implementing opportunities for improvement?,Is there a group in your institution responsible for identifying and implementing opportunities for improvement?,1.0
1.0.1,1.0.0,153,unchanged,raw,,11,aboutSystem8,aboutSystem8,"Does your system conform with the appropriate clauses of standard CAN/ASC EN 301 549:2024, Accessibility requirements for Information and Communication Technology (ICT) products and services?","Does your system conform with the appropriate clauses of standard CAN/ASC EN 301 549:2024, Accessibility requirements for Information and Communication Technology (ICT) products and services?",1.0
1.0.1,1.0.0,154,unchanged,raw,,11,aboutSystem8A,aboutSystem8A,"If no, describe why the system does not conform.","If no, describe why the system does not conform.",1.0
1.0.1,1.0.0,155,unchanged,raw,,11,aboutSystem9,aboutSystem9,Is a non-automated alternative planned and available in the event the automated decision system was unavailable for an extended period of time?,Is a non-automated alternative planned and available in the event the automated decision system was unavailable for an extended period of time?,1.0
1.0.1,1.0.0,156,unchanged,raw,,11,aboutSystem11,aboutSystem11,"The impacts that the development, operation, and maintenance of the system could have on the ongoing sustainability of an environmental ecosystem, may be:","The impacts that the development, operation, and maintenance of the system could have on the ongoing sustainability of an environmental ecosystem, may be:",1.0
1.0.1,1.0.0,157,unchanged,raw,,11,aboutSystem12,aboutSystem12,"Describe why the impacts resulting from the system's development, operations and maintenance are as selected.","Describe why the impacts resulting from the system's development, operations and maintenance are as selected.",1.0
1.0.1,1.0.0,158,unchanged,raw,,12,aboutAlgorithm3,aboutAlgorithm3,Is the algorithm (Check all that apply):,Is the algorithm (Check all that apply):,1.0
1.0.1,1.0.0,159,unchanged,raw,,12,aboutAlgorithm4,aboutAlgorithm4,"If the automated decision-system is model based, is the model inference (select all that apply):","If the automated decision-system is model based, is the model inference (select all that apply):",1.0
1.0.1,1.0.0,160,unchanged,raw,,12,aboutAlgorithm5,aboutAlgorithm5,Is the model:,Is the model:,1.0
1.0.1,1.0.0,161,unchanged,raw,,12,aboutAlgorithm6,aboutAlgorithm6,Describe the model being used.,Describe the model being used.,1.0
1.0.1,1.0.0,162,unchanged,raw,,12,aboutAlgorithm7,aboutAlgorithm7,Explain why you chose the model,Explain why you chose the model,1.0
1.0.1,1.0.0,163,unchanged,raw,,12,aboutAlgorithm8,aboutAlgorithm8,Will the algorithm continue to learn and evolve as it is used?,Will the algorithm continue to learn and evolve as it is used?,1.0
1.0.1,1.0.0,164,unchanged,raw,,12,aboutAlgorithm8A,aboutAlgorithm8A,"If yes, are there mechanisms in place to monitor the changes?","If yes, are there mechanisms in place to monitor the changes?",1.0
1.0.1,1.0.0,165,unchanged,raw,,12,aboutAlgorithm9,aboutAlgorithm9,Does the algorithm consider protected characteristics to make its decisions or recommendations?,Does the algorithm consider protected characteristics to make its decisions or recommendations?,1.0
1.0.1,1.0.0,166,unchanged,raw,,12,aboutAlgorithm9A,aboutAlgorithm9A,Describe why protected characteristics are being considered and any mitigations in place to address potential issues with bias or discrimination.,Describe why protected characteristics are being considered and any mitigations in place to address potential issues with bias or discrimination.,1.0
1.0.1,1.0.0,167,unchanged,raw,,12,aboutAlgorithm11,aboutAlgorithm11,Have you evaluated whether variables that the system bases its decisions or recommendations on could be proxies for protected characteristics?,Have you evaluated whether variables that the system bases its decisions or recommendations on could be proxies for protected characteristics?,1.0
1.0.1,1.0.0,168,unchanged,raw,,12,aboutAlgorithm11A,aboutAlgorithm11A,"Describe which protected characteristics, risks identified, and how they have been addressed.","Describe which protected characteristics, risks identified, and how they have been addressed.",1.0
1.0.1,1.0.0,169,unchanged,raw,,12,aboutAlgorithm11B,aboutAlgorithm11B,Describe why you have not evaluated whether variables could be proxies for protected characteristics.,Describe why you have not evaluated whether variables could be proxies for protected characteristics.,1.0
1.0.1,1.0.0,170,unchanged,raw,,5,impact3A,impact3A,Describe.,Describe.,1.0
1.0.1,1.0.0,172,unchanged,raw,,5,impact18,impact18,"Have you assessed system performance for clients with a range of personal and intersectional identity factors (for example, gender, age, race, language, ethnicity, disability) to verify that decisions and outcomes are fair for a diverse group of people, and have the identified disparities been addressed?","Have you assessed system performance for clients with a range of personal and intersectional identity factors (for example, gender, age, race, language, ethnicity, disability) to verify that decisions and outcomes are fair for a diverse group of people, and have the identified disparities been addressed?",1.0
1.0.1,1.0.0,173,unchanged,raw,,5,impact18A,impact18A,Describe why system performance has not been assessed for clients with a range of personal and intersectional identity factors and what mitigations are in place.,Describe why system performance has not been assessed for clients with a range of personal and intersectional identity factors and what mitigations are in place.,1.0
1.0.1,1.0.0,174,unchanged,raw,,5,impact18B,impact18B,Describe your approach to assessing system performance.,Describe your approach to assessing system performance.,1.0
1.0.1,1.0.0,175,unchanged,raw,,5,impact18C,impact18C,"Describe your approach to assessing system performance, the difference in system performance identified and any mitigation measures that have been taken.","Describe your approach to assessing system performance, the difference in system performance identified and any mitigation measures that have been taken.",1.0
1.0.1,1.0.0,176,unchanged,raw,,5,impact19I,impact19I,Have you tested system performance for clients with a variety of different disabilities?,Have you tested system performance for clients with a variety of different disabilities?,1.0
1.0.1,1.0.0,177,unchanged,raw,,5,impact19IY,impact19IY,Describe any differences in system performance identified and mitigations in place to address them.,Describe any differences in system performance identified and mitigations in place to address them.,1.0
1.0.1,1.0.0,178,unchanged,raw,,5,impact19IN,impact19IN,Describe why system performance has not been assessed across a variety of disabilities.,Describe why system performance has not been assessed across a variety of disabilities.,1.0
1.0.1,1.0.0,179,unchanged,raw,,5,impact23,impact23,Are there clients or groups of clients that will experience the most significant negative impacts from the system being used?,Are there clients or groups of clients that will experience the most significant negative impacts from the system being used?,1.0
1.0.1,1.0.0,180,unchanged,raw,,5,impact23Y,impact23Y,Describe,Describe,1.0
1.0.1,1.0.0,181,unchanged,raw,,5,impact23N,impact23N,Describe,Describe,1.0
1.0.1,1.0.0,182,unchanged,raw,,5,impact26,impact26,What proportion of clients will the system be applied to?,What proportion of clients will the system be applied to?,1.0
1.0.1,1.0.0,183,unchanged,raw,,5,impact26U,impact26U,Describe why the proportion of clients subject to use of tool is unknown.,Describe why the proportion of clients subject to use of tool is unknown.,1.0
1.0.1,1.0.0,184,unchanged,raw,,5,impact27,impact27,Could not being subject to the use of the tool have a negative impact on an individual or groups of individuals?,Could not being subject to the use of the tool have a negative impact on an individual or groups of individuals?,1.0
1.0.1,1.0.0,185,unchanged,raw,,5,impact27YN,impact27YN,Describe,Describe,1.0
1.0.1,1.0.0,186,unchanged,raw,,5,impact28,impact28,The impact of individuals being wrongfully included or overlooked by the system could be:,The impact of individuals being wrongfully included or overlooked by the system could be:,1.0
1.0.1,1.0.0,187,unchanged,raw,,5,impact28A,impact28A,Describe why the impact of being wrongfully included or overlooked by the system is as selected.,Describe why the impact of being wrongfully included or overlooked by the system is as selected.,1.0
1.0.1,1.0.0,188,unchanged,raw,,19,aboutDataSource14,aboutDataSource14,Will the personal information be shared (check all that apply),Will the personal information be shared (check all that apply),1.0
1.0.1,1.0.0,189,unchanged,raw,,19,aboutDataSource14A,aboutDataSource14A,Please specify,Please specify,1.0
1.0.1,1.0.0,190,unchanged,raw,,19,aboutDataSource15,aboutDataSource15,Is the training and testing data for the system representative of the clients being served?,Is the training and testing data for the system representative of the clients being served?,1.0
1.0.1,1.0.0,191,unchanged,raw,,19,aboutDataSource15Y,aboutDataSource15Y,Describe how you have assessed that data was representative.,Describe how you have assessed that data was representative.,1.0
1.0.1,1.0.0,192,unchanged,raw,,19,aboutDataSource15N,aboutDataSource15N,Explain why the data is not representative and indicate how this has or will be managed.,Explain why the data is not representative and indicate how this has or will be managed.,1.0
1.0.1,1.0.0,193,unchanged,raw,,19,aboutDataSource15U,aboutDataSource15U,Explain why you are unsure whether the data is representative.,Explain why you are unsure whether the data is representative.,1.0
1.0.1,1.0.0,194,unchanged,raw,,19,aboutDataSource16,aboutDataSource16,Are there biases in the training data that could increase the likelihood of discriminatory outcomes or lead to other impacts on human rights?,Are there biases in the training data that could increase the likelihood of discriminatory outcomes or lead to other impacts on human rights?,1.0
1.0.1,1.0.0,195,unchanged,raw,,19,aboutDataSource16Y,aboutDataSource16Y,Explain the biases identified and any mitigations to address this.,Explain the biases identified and any mitigations to address this.,1.0
1.0.1,1.0.0,196,unchanged,raw,,19,aboutDataSource16N,aboutDataSource16N,Explain the process taken to confirm that there are no biases in the training data that could increase the likelihood of discriminatory outcomes or other impacts on human rights.,Explain the process taken to confirm that there are no biases in the training data that could increase the likelihood of discriminatory outcomes or other impacts on human rights.,1.0
1.0.1,1.0.0,197,unchanged,raw,,19,aboutDataSource16U,aboutDataSource16U,Explain why you are unsure of whether the data could increase the likelihood of discriminatory outcomes or other impacts on human rights,Explain why you are unsure of whether the data could increase the likelihood of discriminatory outcomes or other impacts on human rights,1.0
1.0.1,1.0.0,198,unchanged,raw,,19,aboutDataSource2A,aboutDataSource2A,Please specify,Please specify,1.0
1.0.1,1.0.0,199,unchanged,raw,,19,aboutDataSource17,aboutDataSource17,Are there measures in place to ensure the accuracy of the personal information used?,Are there measures in place to ensure the accuracy of the personal information used?,1.0
1.0.1,1.0.0,200,unchanged,raw,,19,aboutDataSource17Y,aboutDataSource17Y,"If yes, describe the measures taken to ensure and verify the accuracy of personal information.","If yes, describe the measures taken to ensure and verify the accuracy of personal information.",1.0
1.0.1,1.0.0,201,unchanged,raw,,19,aboutDataSource17N,aboutDataSource17N,"If no, describe why there are not measures in place to ensure the accuracy of personal information.","If no, describe why there are not measures in place to ensure the accuracy of personal information.",1.0
1.0.1,1.0.0,202,unchanged,raw,,19,aboutDataSource17U,aboutDataSource17U,Describe,Describe,1.0
1.0.1,1.0.0,203,unchanged,raw,,19,aboutDataSourceType3,aboutDataSourceType3,Has there been a decision to exclude certain data?,Has there been a decision to exclude certain data?,1.0
1.0.1,1.0.0,204,unchanged,raw,,19,aboutDataSourceType3A,aboutDataSourceType3A,Describe why data has been excluded,Describe why data has been excluded,1.0
1.0.1,1.0.0,205,unchanged,mitigation,Consultation,13,consultationDesign5,consultationDesign5,"Identify the consultees or partners and indicate the project lifecycle stage (Concept, Design, Data collection and processing, Building or adapting the model, Testing, Deployment, Production, Monitoring, Decommission) in which the engagement will take place.","Identify the consultees or partners and indicate the project lifecycle stage (Concept, Design, Data collection and processing, Building or adapting the model, Testing, Deployment, Production, Monitoring, Decommission) in which the engagement will take place.",1.0
1.0.1,1.0.0,206,unchanged,mitigation,Consultation,13,consultationDesign6,consultationDesign6,Will you consult with the clients that will be most impacted by the system?,Will you consult with the clients that will be most impacted by the system?,1.0
1.0.1,1.0.0,207,unchanged,mitigation,Consultation,13,consultationDesign6A,consultationDesign6A,Explain why you did not consult the clients that will be most impacted by the system.,Explain why you did not consult the clients that will be most impacted by the system.,1.0
1.0.1,1.0.0,208,unchanged,mitigation,Consultation,13,consultationDesign6B,consultationDesign6B,Explain why you are unsure.,Explain why you are unsure.,1.0
1.0.1,1.0.0,209,unchanged,mitigation,Consultation,13,consultationDesign7,consultationDesign7,Will you consult with clients or communities that will be adversely impacted by the system?,Will you consult with clients or communities that will be adversely impacted by the system?,1.0
1.0.1,1.0.0,210,unchanged,mitigation,Consultation,13,consultationDesign7A,consultationDesign7A,Explain why you will not consult the clients that will be adversely impacted by the system.,Explain why you will not consult the clients that will be adversely impacted by the system.,1.0
1.0.1,1.0.0,211,unchanged,mitigation,Consultation,13,consultationDesign7B,consultationDesign7B,Explain why you are unsure.,Explain why you are unsure.,1.0
1.0.1,1.0.0,212,unchanged,mitigation,Consultation,13,consultationDesign8,consultationDesign8,Have consultees or partners raised any significant concerns about the system in the following areas:,Have consultees or partners raised any significant concerns about the system in the following areas:,1.0
1.0.1,1.0.0,213,unchanged,mitigation,Consultation,13,consultationDesign8A,consultationDesign8A,Describe how the identified concerns have been assessed and managed.,Describe how the identified concerns have been assessed and managed.,1.0
1.0.1,1.0.0,214,unchanged,mitigation,Consultation,13,consultationDesign9,consultationDesign9,"Explain how you documented, analyzed and addressed the feedback received.","Explain how you documented, analyzed and addressed the feedback received.",1.0
1.0.1,1.0.0,215,unchanged,mitigation,Data quality,15,dataQualityDesign11,dataQualityDesign11,Summarize the process or provide a link if publicly available.,Summarize the process or provide a link if publicly available.,1.0
1.0.1,1.0.0,216,unchanged,mitigation,Data quality,15,dataQualityDesign12,dataQualityDesign12,Summarize the process or provide a link if publicly available.,Summarize the process or provide a link if publicly available.,1.0
1.0.1,1.0.0,217,unchanged,mitigation,Data quality,15,dataQualityDesign7,dataQualityDesign7,Will you be making the GBA Plus findings publicly available?,Will you be making the GBA Plus findings publicly available?,1.0
1.0.1,1.0.0,218,unchanged,mitigation,Data quality,15,dataQualityDesign7A,dataQualityDesign7A,Summarize the findings or provide a link if publicly available.,Summarize the findings or provide a link if publicly available.,1.0
1.0.1,1.0.0,219,unchanged,mitigation,Data quality,15,dataQualityDesign9A,dataQualityDesign9A,Summarize the process or provide a link if publicly available.,Summarize the process or provide a link if publicly available.,1.0
1.0.1,1.0.0,222,unchanged,mitigation,Procedural fairness,17,fairnessDesign12A,fairnessDesign12A,Describe how user feedback informs updates to the system.,Describe how user feedback informs updates to the system.,1.0
1.0.1,1.0.0,223,unchanged,mitigation,Procedural fairness,17,fairnessDesign12B,fairnessDesign12B,Describe why user feedback is not captured.,Describe why user feedback is not captured.,1.0
1.0.1,1.0.0,224,unchanged,mitigation,Procedural fairness,17,fairnessDesign13A,fairnessDesign13A,Provide information on the recourse process or link to a website where this is described.,Provide information on the recourse process or link to a website where this is described.,1.0
1.0.1,1.0.0,225,unchanged,mitigation,Procedural fairness,17,fairnessDesign18,fairnessDesign18,Will you undertake mitigations in algorithm development and model testing to address bias and discrimination?,Will you undertake mitigations in algorithm development and model testing to address bias and discrimination?,1.0
1.0.1,1.0.0,226,unchanged,mitigation,Procedural fairness,17,fairnessDesign18A,fairnessDesign18A,Describe the metrics used and any mitigations taken to address identified issues.,Describe the metrics used and any mitigations taken to address identified issues.,1.0
1.0.1,1.0.0,227,unchanged,mitigation,Procedural fairness,17,fairnessDesign19,fairnessDesign19,Will the system only consider input data and information relevant to the decision?,Will the system only consider input data and information relevant to the decision?,1.0
1.0.1,1.0.0,228,unchanged,mitigation,Procedural fairness,17,fairnessDesign20,fairnessDesign20,Are the system rules directly relevant to the administrative decision?,Are the system rules directly relevant to the administrative decision?,1.0
1.0.1,1.0.0,229,unchanged,mitigation,Procedural fairness,17,fairnessDesign21,fairnessDesign21,Indicate additional procedural fairness protections in place (check all that apply):,Indicate additional procedural fairness protections in place (check all that apply):,1.0
1.0.1,1.0.0,230,unchanged,mitigation,Procedural fairness,17,fairnessDesign21A,fairnessDesign21A,Describe,Describe,1.0
1.0.1,1.0.0,231,unchanged,mitigation,Procedural fairness,17,fairnessDesign22,fairnessDesign22,Are there processes in place to ensure impartiality and ethical conduct by the decision-maker in the use of the system and its outputs?,Are there processes in place to ensure impartiality and ethical conduct by the decision-maker in the use of the system and its outputs?,1.0
1.0.1,1.0.0,232,unchanged,mitigation,Procedural fairness,17,fairnessDesign22A,fairnessDesign22A,Will you undertake training on appropriate use and awareness of risks associated with automation bias?,Will you undertake training on appropriate use and awareness of risks associated with automation bias?,1.0
1.0.1,1.0.0,233,unchanged,mitigation,Procedural fairness,17,fairnessDesign23,fairnessDesign23,Will your team be regularly retraining the model or reviewing the rules?,Will your team be regularly retraining the model or reviewing the rules?,1.0
1.0.1,1.0.0,234,unchanged,mitigation,Procedural fairness,17,fairnessDesign24,fairnessDesign24,Do you have monitoring processes in place to detect changes in system performance over time?,Do you have monitoring processes in place to detect changes in system performance over time?,1.0
1.0.1,1.0.0,235,unchanged,mitigation,Procedural fairness,17,fairnessDesign24A,fairnessDesign24A,Do you have a process in place to update the system based on the monitoring results?,Do you have a process in place to update the system based on the monitoring results?,1.0
1.0.1,1.0.0,236,unchanged,mitigation,Procedural fairness,17,fairnessDesign24AA,fairnessDesign24AA,Describe,Describe,1.0
1.0.1,1.0.0,237,unchanged,mitigation,Procedural fairness,17,fairnessDesign24B,fairnessDesign24B,Indicate why monitoring processes are not in place.,Indicate why monitoring processes are not in place.,1.0
1.0.1,1.0.0,238,unchanged,mitigation,Privacy,20,privacyDesign2A,privacyDesign2A,Describe,Describe,1.0
1.0.1,1.0.0,239,unchanged,mitigation,Privacy,20,privacyDesign9,privacyDesign9,Will you design and build privacy into your systems from the concept stage of the project?,Will you design and build privacy into your systems from the concept stage of the project?,1.0
1.0.1,1.0.0,240,unchanged,mitigation,Privacy,20,privacyDesign9A,privacyDesign9A,Describe,Describe,1.0
1.0.1,1.0.0,245,unchanged,raw,,5,impact13,impact13,The impacts that the decision could have on the economic interests of individuals may be:,The impacts that the decision could have on the economic interests of individuals may be:,1.0
1.0.1,1.0.0,246,unchanged,raw,,9,riskProfile4,riskProfile4,"Has the system been assessed to understand whether it would create or exacerbate barriers for persons with disabilities, and are measures in place to address any identified issues?","Has the system been assessed to understand whether it would create or exacerbate barriers for persons with disabilities, and are measures in place to address any identified issues?",1.0
1.0.1,1.0.0,247,unchanged,raw,,4,decisionSector2,decisionSector2,Describe,Describe,1.0
1.0.1,1.0.0,248,unchanged,mitigation,Data quality,15,dataQualityDesign6,dataQualityDesign6,Describe,Describe,1.0
1.0.1,1.0.0,249,unchanged,mitigation,Procedural fairness,17,fairnessDesign5,fairnessDesign5,Will there be an up-to-date log of the changes made to the model and the system?,Will there be an up-to-date log of the changes made to the model and the system?,1.0
1.0.1,1.0.0,250,unchanged,mitigation,Procedural fairness,17,fairnessDesign17,fairnessDesign17,Will the system base its decision or recommendation on all of the information provided by the client?,Will the system base its decision or recommendation on all of the information provided by the client?,1.0
1.0.1,1.0.0,251,unchanged,mitigation,Privacy,21,privacyImplementation1,privacyImplementation1,"If your system uses or creates personal information, have you undertaken a PIA, or updated an existing one?","If your system uses or creates personal information, have you undertaken a PIA, or updated an existing one?",1.0
